transaction_id,sender,receiver,amount,timestamp,is_fraud
TX000001,AC1553,AC1247,2145.44,2026-07-01 06:02:00,0
TX000002,AC1163,AC1314,5968.34,2026-07-01 06:22:00,0
TX000003,AC1285,AC1244,5494.01,2026-07-01 06:35:00,0
TX000004,AC1293,AC1246,3991.67,2026-07-01 06:48:00,0
TX000005,AC1527,AC1084,5603.98,2026-07-01 07:15:00,0
TX000006,AC1480,AC1344,2779.61,2026-07-01 07:36:00,0
TX000007,AC1244,AC1497,1431.18,2026-07-01 07:37:00,0
TX000008,AC1533,AC1431,5672.58,2026-07-01 07:37:00,0
TX000009,AC1090,AC1197,6344.98,2026-07-01 07:59:00,0
TX000010,AC1166,AC1191,1527.37,2026-07-01 08:07:00,0
TX000011,AC1090,AC1348,7326.19,2026-07-01 08:19:00,0
TX000012,AC1056,AC1453,2289.7,2026-07-01 08:53:00,0
TX000013,AC1251,AC1109,967.71,2026-07-01 09:08:00,0
TX000014,AC1026,AC1570,3313.69,2026-07-01 09:21:00,0
TX000015,AC1072,AC1044,990.95,2026-07-01 10:06:00,0
TX000016,AC1016,AC1344,2048.73,2026-07-01 10:11:00,0
TX000017,AC1507,AC1080,8614.15,2026-07-01 10:27:00,0
TX000018,AC1004,AC1347,7944.82,2026-07-01 10:30:00,0
TX000019,AC1436,AC1076,583.61,2026-07-01 10:42:00,0
TX000020,AC1344,AC1264,470.85,2026-07-01 10:43:00,0
TX000021,AC1509,AC1437,1916.84,2026-07-01 10:46:00,0
TX000022,AC1585,AC1285,1695.39,2026-07-01 10:53:00,0
TX000023,AC1508,AC1430,3363.19,2026-07-01 11:03:00,0
TX000024,AC1341,AC1587,1332.11,2026-07-01 11:07:00,0
TX000025,AC1285,AC1330,6926.7,2026-07-01 11:13:00,0
TX000026,AC1314,AC1206,8981.08,2026-07-01 11:14:00,0
TX000027,AC1160,AC1025,9903.73,2026-07-01 11:14:00,0
TX000028,AC1489,AC1442,6895.19,2026-07-01 11:19:00,0
TX000029,AC1018,AC1535,4160.43,2026-07-01 11:23:00,0
TX000030,AC1535,AC1457,1842.02,2026-07-01 11:35:00,0
TX000031,AC1211,AC1448,8391.16,2026-07-01 11:37:00,0
TX000032,AC1344,AC1321,6854.26,2026-07-01 11:39:00,0
TX000033,AC1194,AC1052,6803.99,2026-07-01 11:51:00,0
TX000034,AC1510,AC1054,1382.58,2026-07-01 11:56:00,0
TX000035,AC1166,AC1209,3503.03,2026-07-01 11:58:00,0
TX000036,AC1027,AC1388,3788.96,2026-07-01 12:04:00,0
TX000037,AC1572,AC1199,3875.35,2026-07-01 12:08:00,0
TX000038,AC1510,AC1507,1711.56,2026-07-01 12:22:00,0
TX000039,AC1164,AC1404,517.07,2026-07-01 12:26:00,0
TX000040,AC1285,AC1326,2505.49,2026-07-01 12:29:00,0
TX000041,AC1361,AC1565,10055.12,2026-07-01 12:35:00,0
TX000042,AC1379,AC1285,4792.83,2026-07-01 12:36:00,0
TX000043,AC1546,AC1305,2532.88,2026-07-01 12:39:00,0
TX000044,AC1021,AC1285,2908.78,2026-07-01 12:42:00,0
TX000045,AC1397,AC1285,3056.27,2026-07-01 12:43:00,0
TX000046,AC1417,AC1030,4957.08,2026-07-01 12:53:00,0
TX000047,AC1288,AC1379,5533.47,2026-07-01 13:00:00,0
TX000048,AC1419,AC1251,5815.26,2026-07-01 13:00:00,0
TX000049,AC1033,AC1471,4580.78,2026-07-01 13:02:00,0
TX000050,AC1574,AC1337,3995.74,2026-07-01 13:02:00,0
TX000051,AC1004,AC1128,436.87,2026-07-01 13:11:00,0
TX000052,AC1387,AC1224,2722.12,2026-07-01 13:11:00,0
TX000053,AC1197,AC1422,5331.19,2026-07-01 13:13:00,0
TX000054,AC1000,AC1431,534.23,2026-07-01 13:20:00,0
TX000055,AC1197,AC1090,1275.68,2026-07-01 13:23:00,0
TX000056,AC1070,AC1563,2693.75,2026-07-01 13:25:00,0
TX000057,AC1085,AC1118,849.46,2026-07-01 13:34:00,0
TX000058,AC1079,AC1582,1271.81,2026-07-01 13:43:00,0
TX000059,AC1344,AC1421,645.1,2026-07-01 13:44:00,0
TX000060,AC1421,AC1593,1605.67,2026-07-01 13:45:00,0
TX000061,AC1367,AC1241,1204.72,2026-07-01 13:45:00,0
TX000062,AC1213,AC1403,2341.57,2026-07-01 13:52:00,0
TX000063,AC1199,AC1284,1762.62,2026-07-01 13:53:00,0
TX000064,AC1197,AC1407,6182.19,2026-07-01 13:58:00,0
TX000065,AC1392,AC1121,707.63,2026-07-01 14:00:00,0
TX000066,AC1189,AC1231,1915.84,2026-07-01 14:05:00,0
TX000067,AC1413,AC1403,8352.79,2026-07-01 14:11:00,0
TX000068,AC1304,AC1018,399.57,2026-07-01 14:13:00,0
TX000069,AC1219,AC1289,1079.45,2026-07-01 14:13:00,0
TX000070,AC1465,AC1396,2549.92,2026-07-01 14:16:00,0
TX000071,AC1347,AC1018,926.34,2026-07-01 14:16:00,0
TX000072,AC1297,AC1452,3402.51,2026-07-01 14:18:00,0
TX000073,AC1565,AC1484,953.05,2026-07-01 14:19:00,0
TX000074,AC1511,AC1030,1688.42,2026-07-01 14:24:00,0
TX000075,AC1317,AC1596,3401.66,2026-07-01 14:24:00,0
TX000076,AC1345,AC1461,1185.59,2026-07-01 14:27:00,0
TX000077,AC1347,AC1289,2057.51,2026-07-01 14:50:00,0
TX000078,AC1295,AC1052,3003.34,2026-07-01 14:58:00,0
TX000079,AC1246,AC1466,2536.5,2026-07-01 15:02:00,0
TX000080,AC1512,AC1347,3114.15,2026-07-01 15:06:00,0
TX000081,AC1442,AC1566,2378.17,2026-07-01 15:13:00,0
TX000082,AC1326,AC1213,1670.78,2026-07-01 15:19:00,0
TX000083,AC1412,AC1018,2104.39,2026-07-01 15:22:00,0
TX000084,AC1336,AC1140,1997.01,2026-07-01 15:23:00,0
TX000085,AC1379,AC1090,1637.95,2026-07-01 15:26:00,0
TX000086,AC1474,AC1235,3198.4,2026-07-01 15:27:00,0
TX000087,AC1278,AC1480,2846.34,2026-07-01 15:28:00,0
TX000088,AC1421,AC1580,5228.31,2026-07-01 15:31:00,0
TX000089,AC1069,AC1333,2009.92,2026-07-01 15:41:00,0
TX000090,AC1149,AC1089,566.88,2026-07-01 15:43:00,0
TX000091,AC1496,AC1333,859.19,2026-07-01 15:52:00,0
TX000092,AC1152,AC1575,1857.43,2026-07-01 15:58:00,0
TX000093,AC1546,AC1122,8556.07,2026-07-01 16:05:00,0
TX000094,AC1245,AC1546,5283.36,2026-07-01 16:18:00,0
TX000095,AC1538,AC1211,1350.96,2026-07-01 16:18:00,0
TX000096,AC1152,AC1392,4253.88,2026-07-01 16:50:00,0
TX000097,AC1266,AC1026,5320.96,2026-07-01 17:05:00,0
TX000098,AC1185,AC1191,8559.16,2026-07-01 17:20:00,0
TX000099,AC1202,AC1583,1970.11,2026-07-01 17:29:00,0
TX000100,AC1517,AC1020,728.77,2026-07-01 17:30:00,0
TX000101,AC1090,AC1285,5392.72,2026-07-01 17:35:00,0
TX000102,AC1344,AC1503,2433.5,2026-07-01 17:40:00,0
TX000103,AC1344,AC1203,1847.67,2026-07-01 18:07:00,0
TX000104,AC1537,AC1464,3133.82,2026-07-01 18:18:00,0
TX000105,AC1341,AC1486,1998.5,2026-07-01 18:22:00,0
TX000106,AC1078,AC1433,1742.43,2026-07-01 18:32:00,0
TX000107,AC1366,AC1389,2176.18,2026-07-01 18:38:00,0
TX000108,AC1021,AC1261,814.8,2026-07-01 18:40:00,0
TX000109,AC1519,AC1044,4282.86,2026-07-01 18:44:00,0
TX000110,AC1518,AC1565,3060.89,2026-07-01 18:45:00,0
TX000111,AC1285,AC1013,1669.7,2026-07-01 18:48:00,0
TX000112,AC1130,AC1369,883.36,2026-07-01 19:23:00,0
TX000113,AC1028,AC1140,6804.42,2026-07-01 19:25:00,0
TX000114,AC1285,AC1191,988.43,2026-07-01 19:26:00,0
TX000115,AC1565,AC1212,2702.55,2026-07-01 20:05:00,0
TX000116,AC1448,AC1269,5172.69,2026-07-01 20:36:00,0
TX000117,AC1344,AC1369,2384.02,2026-07-01 21:07:00,0
TX000118,AC1285,AC1090,1599.28,2026-07-01 21:59:00,0
TX000119,AC1532,AC1444,2223.77,2026-07-01 22:42:00,0
TX000120,AC1538,AC1122,1622.7,2026-07-02 06:00:00,0
TX000121,AC1285,AC1412,7464.62,2026-07-02 06:07:00,0
TX000122,AC1186,AC1042,8002.61,2026-07-02 06:08:00,0
TX000123,AC1060,AC1420,1455.73,2026-07-02 06:28:00,0
TX000124,AC1535,AC1509,1587.1,2026-07-02 06:33:00,0
TX000125,AC1049,AC1368,4337.98,2026-07-02 06:41:00,0
TX000126,AC1321,AC1326,3254.34,2026-07-02 06:42:00,0
TX000127,AC1417,AC1219,904.58,2026-07-02 06:53:00,0
TX000128,AC1359,AC1067,6256.74,2026-07-02 07:02:00,0
TX000129,AC1090,AC1330,2212.87,2026-07-02 07:19:00,0
TX000130,AC1043,AC1090,5842.02,2026-07-02 08:15:00,0
TX000131,AC1465,AC1002,1147.7,2026-07-02 08:15:00,0
TX000132,AC1220,AC1567,2552.79,2026-07-02 08:17:00,0
TX000133,AC1335,AC1546,4550.22,2026-07-02 08:22:00,0
TX000134,AC1565,AC1356,1474.44,2026-07-02 08:23:00,0
TX000135,AC1070,AC1490,3165.19,2026-07-02 08:40:00,0
TX000136,AC1018,AC1144,7869.23,2026-07-02 08:44:00,0
TX000137,AC1425,AC1231,2789.51,2026-07-02 09:20:00,0
TX000138,AC1310,AC1432,1452.65,2026-07-02 09:24:00,0
TX000139,AC1226,AC1201,2920.21,2026-07-02 09:29:00,0
TX000140,AC1474,AC1421,1361.91,2026-07-02 09:30:00,0
TX000141,AC1071,AC1333,3066.45,2026-07-02 09:52:00,0
TX000142,AC1123,AC1221,1471.33,2026-07-02 09:53:00,0
TX000143,AC1042,AC1496,3876.18,2026-07-02 10:10:00,0
TX000144,AC1542,AC1519,8054.56,2026-07-02 10:30:00,0
TX000145,AC1208,AC1412,4097.26,2026-07-02 10:32:00,0
TX000146,AC1168,AC1400,2259.56,2026-07-02 10:33:00,0
TX000147,AC1422,AC1090,782.78,2026-07-02 10:35:00,0
TX000148,AC1189,AC1285,3618.94,2026-07-02 10:36:00,0
TX000149,AC1057,AC1067,1747.54,2026-07-02 10:43:00,0
TX000150,AC1191,AC1122,2485.25,2026-07-02 10:52:00,0
TX000151,AC1336,AC1115,4474.4,2026-07-02 11:00:00,0
TX000152,AC1394,AC1218,1739.95,2026-07-02 11:01:00,0
TX000153,AC1041,AC1211,1647.55,2026-07-02 11:02:00,0
TX000154,AC1252,AC1242,3998.17,2026-07-02 11:06:00,0
TX000155,AC1070,AC1228,3526.28,2026-07-02 11:07:00,0
TX000156,AC1344,AC1070,1481.59,2026-07-02 11:17:00,0
TX000157,AC1018,AC1001,3007.5,2026-07-02 11:27:00,0
TX000158,AC1527,AC1083,2131.62,2026-07-02 11:27:00,0
TX000159,AC1447,AC1575,4918.79,2026-07-02 11:32:00,0
TX000160,AC1032,AC1300,1382.59,2026-07-02 11:33:00,0
TX000161,AC1565,AC1076,2020.66,2026-07-02 11:38:00,0
TX000162,AC1059,AC1545,1336.51,2026-07-02 11:44:00,0
TX000163,AC1503,AC1157,3848.76,2026-07-02 12:12:00,0
TX000164,AC1291,AC1578,1421.1,2026-07-02 12:26:00,0
TX000165,AC1314,AC1480,593.44,2026-07-02 12:27:00,0
TX000166,AC1560,AC1421,3913.2,2026-07-02 12:30:00,0
TX000167,AC1150,AC1010,2840.52,2026-07-02 12:34:00,0
TX000168,AC1190,AC1300,556.02,2026-07-02 12:35:00,0
TX000169,AC1020,AC1285,1869.36,2026-07-02 12:36:00,0
TX000170,AC1094,AC1436,1873.28,2026-07-02 12:41:00,0
TX000171,AC1120,AC1037,4792.68,2026-07-02 12:45:00,0
TX000172,AC1285,AC1108,2958.28,2026-07-02 12:47:00,0
TX000173,AC1565,AC1200,3897.49,2026-07-02 12:49:00,0
TX000174,AC1380,AC1285,2477.42,2026-07-02 12:56:00,0
TX000175,AC1431,AC1353,1050.07,2026-07-02 12:59:00,0
TX000176,AC1460,AC1044,1396.14,2026-07-02 13:08:00,0
TX000177,AC1246,AC1021,1222.57,2026-07-02 13:18:00,0
TX000178,AC1090,AC1331,1198.83,2026-07-02 13:22:00,0
TX000179,AC1421,AC1117,3387.34,2026-07-02 13:29:00,0
TX000180,AC1396,AC1285,658.07,2026-07-02 13:33:00,0
TX000181,AC1465,AC1480,4866.69,2026-07-02 13:34:00,0
TX000182,AC1104,AC1246,1944.59,2026-07-02 13:34:00,0
TX000183,AC1257,AC1089,2396.55,2026-07-02 13:36:00,0
TX000184,AC1053,AC1265,3393.7,2026-07-02 13:42:00,0
TX000185,AC1251,AC1444,12460.71,2026-07-02 13:43:00,0
TX000186,AC1526,AC1061,1724.38,2026-07-02 13:45:00,0
TX000187,AC1280,AC1211,1613.01,2026-07-02 13:46:00,0
TX000188,AC1246,AC1269,4721.97,2026-07-02 13:47:00,0
TX000189,AC1509,AC1585,8085.79,2026-07-02 13:47:00,0
TX000190,AC1278,AC1502,1786.99,2026-07-02 13:49:00,0
TX000191,AC1352,AC1444,1978.5,2026-07-02 13:51:00,0
TX000192,AC1044,AC1573,10203.36,2026-07-02 13:52:00,0
TX000193,AC1013,AC1495,4839.01,2026-07-02 13:53:00,0
TX000194,AC1024,AC1457,5181.81,2026-07-02 13:54:00,0
TX000195,AC1507,AC1158,760.19,2026-07-02 13:55:00,0
TX000196,AC1285,AC1558,3188.64,2026-07-02 14:08:00,0
TX000197,AC1532,AC1341,888.66,2026-07-02 14:19:00,0
TX000198,AC1213,AC1457,1477.45,2026-07-02 14:20:00,0
TX000199,AC1330,AC1019,2586.45,2026-07-02 14:31:00,0
TX000200,AC1575,AC1135,1093.53,2026-07-02 14:32:00,0
TX000201,AC1596,AC1285,5624.64,2026-07-02 14:38:00,0
TX000202,AC1218,AC1388,695.99,2026-07-02 14:40:00,0
TX000203,AC1082,AC1211,913.48,2026-07-02 14:47:00,0
TX000204,AC1309,AC1194,2061.22,2026-07-02 14:48:00,0
TX000205,AC1284,AC1479,29445.87,2026-07-02 14:48:00,0
TX000206,AC1308,AC1479,4678.77,2026-07-02 15:02:00,0
TX000207,AC1490,AC1356,825.14,2026-07-02 15:09:00,0
TX000208,AC1546,AC1558,2029.1,2026-07-02 15:09:00,0
TX000209,AC1328,AC1516,7257.74,2026-07-02 15:18:00,0
TX000210,AC1193,AC1381,2308.3,2026-07-02 15:26:00,0
TX000211,AC1333,AC1466,3398.07,2026-07-02 15:28:00,0
TX000212,AC1057,AC1258,1990.43,2026-07-02 15:31:00,0
TX000213,AC1454,AC1127,3472.71,2026-07-02 15:41:00,0
TX000214,AC1466,AC1494,1695.35,2026-07-02 15:43:00,0
TX000215,AC1079,AC1172,6070.55,2026-07-02 15:44:00,0
TX000216,AC1289,AC1171,12781.95,2026-07-02 15:47:00,0
TX000217,AC1244,AC1211,3319.29,2026-07-02 15:47:00,0
TX000218,AC1503,AC1191,1858.43,2026-07-02 15:52:00,0
TX000219,AC1495,AC1457,4471.4,2026-07-02 16:02:00,0
TX000220,AC1090,AC1285,1392.24,2026-07-02 16:06:00,0
TX000221,AC1468,AC1293,833.26,2026-07-02 16:13:00,0
TX000222,AC1384,AC1344,4837.75,2026-07-02 16:13:00,0
TX000223,AC1533,AC1082,2226.54,2026-07-02 16:16:00,0
TX000224,AC1394,AC1565,1929.09,2026-07-02 16:18:00,0
TX000225,AC1344,AC1246,2620.46,2026-07-02 16:21:00,0
TX000226,AC1285,AC1231,7172.66,2026-07-02 16:27:00,0
TX000227,AC1065,AC1239,903.47,2026-07-02 16:30:00,0
TX000228,AC1376,AC1285,3757.13,2026-07-02 16:31:00,0
TX000229,AC1476,AC1122,2349.66,2026-07-02 16:40:00,0
TX000230,AC1450,AC1547,844.71,2026-07-02 16:47:00,0
TX000231,AC1457,AC1285,1724.62,2026-07-02 16:53:00,0
TX000232,AC1302,AC1131,1442.08,2026-07-02 16:58:00,0
TX000233,AC1164,AC1329,952.99,2026-07-02 17:10:00,0
TX000234,AC1523,AC1461,1550.06,2026-07-02 18:00:00,0
TX000235,AC1344,AC1090,1513.38,2026-07-02 18:02:00,0
TX000236,AC1001,AC1344,1564.88,2026-07-02 18:12:00,0
TX000237,AC1353,AC1341,2763.23,2026-07-02 18:15:00,0
TX000238,AC1145,AC1087,1803.62,2026-07-02 18:21:00,0
TX000239,AC1522,AC1343,2273.89,2026-07-02 18:25:00,0
TX000240,AC1431,AC1565,1046.57,2026-07-02 18:33:00,0
TX000241,AC1057,AC1090,2168.18,2026-07-02 18:39:00,0
TX000242,AC1304,AC1255,1499.94,2026-07-02 18:45:00,0
TX000243,AC1483,AC1360,4266.06,2026-07-02 18:47:00,0
TX000244,AC1340,AC1542,4892.53,2026-07-02 18:50:00,0
TX000245,AC1251,AC1351,3522.65,2026-07-02 18:53:00,0
TX000246,AC1334,AC1246,2173.24,2026-07-02 19:01:00,0
TX000247,AC1333,AC1485,480.97,2026-07-02 19:07:00,0
TX000248,AC1417,AC1379,2277.68,2026-07-02 19:11:00,0
TX000249,AC1516,AC1487,2084.24,2026-07-02 19:29:00,0
TX000250,AC1368,AC1510,1052.63,2026-07-02 19:33:00,0
TX000251,AC1492,AC1552,3622.01,2026-07-02 19:54:00,0
TX000252,AC1296,AC1476,2724.35,2026-07-02 20:11:00,0
TX000253,AC1284,AC1465,3533.36,2026-07-02 21:02:00,0
TX000254,AC1364,AC1161,8856.41,2026-07-02 22:01:00,0
TX000255,AC1517,AC1338,5922.54,2026-07-02 22:03:00,0
TX000256,AC1026,AC1289,1864.19,2026-07-02 22:28:00,0
TX000257,AC1501,AC1058,836.74,2026-07-02 22:28:00,0
TX000258,AC1192,AC1285,2865.37,2026-07-02 22:46:00,0
TX000259,AC1199,AC1238,1954.68,2026-07-02 22:58:00,0
TX000260,AC1149,AC1539,370.18,2026-07-03 06:17:00,0
TX000261,AC1337,AC1344,3116.41,2026-07-03 06:24:00,0
TX000262,AC1278,AC1242,2314.28,2026-07-03 06:42:00,0
TX000263,AC1118,AC1300,1066.84,2026-07-03 06:55:00,0
TX000264,AC1090,AC1218,1330.16,2026-07-03 06:57:00,0
TX000265,AC1159,AC1055,1938.63,2026-07-03 07:34:00,0
TX000266,AC1277,AC1090,3788.62,2026-07-03 07:38:00,0
TX000267,AC1518,AC1246,1842.89,2026-07-03 08:37:00,0
TX000268,AC1249,AC1018,1484.86,2026-07-03 08:43:00,0
TX000269,AC1148,AC1479,14034.79,2026-07-03 08:48:00,0
TX000270,AC1372,AC1168,2548.32,2026-07-03 08:49:00,0
TX000271,AC1299,AC1177,1524.53,2026-07-03 08:54:00,0
TX000272,AC1035,AC1057,747.5,2026-07-03 09:08:00,0
TX000273,AC1395,AC1141,1009.94,2026-07-03 09:10:00,0
TX000274,AC1044,AC1457,3575.41,2026-07-03 09:14:00,0
TX000275,AC1250,AC1540,2005.52,2026-07-03 09:27:00,0
TX000276,AC1139,AC1201,575.53,2026-07-03 09:29:00,0
TX000277,AC1048,AC1263,902.97,2026-07-03 09:57:00,0
TX000278,AC1083,AC1246,5655.01,2026-07-03 10:00:00,0
TX000279,AC1018,AC1344,2311.59,2026-07-03 10:03:00,0
TX000280,AC1532,AC1090,8384.82,2026-07-03 10:09:00,0
TX000281,AC1438,AC1527,2814.6,2026-07-03 10:10:00,0
TX000282,AC1414,AC1194,7217.77,2026-07-03 10:15:00,0
TX000283,AC1344,AC1193,2233.46,2026-07-03 10:17:00,0
TX000284,AC1199,AC1206,2386.19,2026-07-03 10:19:00,0
TX000285,AC1189,AC1285,5923.3,2026-07-03 10:43:00,0
TX000286,AC1184,AC1378,3456.62,2026-07-03 10:44:00,0
TX000287,AC1094,AC1520,2275.02,2026-07-03 10:49:00,0
TX000288,AC1024,AC1455,7176.67,2026-07-03 10:59:00,0
TX000289,AC1285,AC1089,3517.66,2026-07-03 11:08:00,0
TX000290,AC1477,AC1202,1173.77,2026-07-03 11:12:00,0
TX000291,AC1249,AC1344,2386.61,2026-07-03 11:14:00,0
TX000292,AC1253,AC1270,7426.98,2026-07-03 11:25:00,0
TX000293,AC1583,AC1189,2250.07,2026-07-03 11:41:00,0
TX000294,AC1440,AC1113,1678.24,2026-07-03 11:49:00,0
TX000295,AC1565,AC1460,2129.8,2026-07-03 11:58:00,0
TX000296,AC1163,AC1320,4028.05,2026-07-03 12:06:00,0
TX000297,AC1438,AC1030,5078.11,2026-07-03 12:27:00,0
TX000298,AC1285,AC1289,1376.32,2026-07-03 12:30:00,0
TX000299,AC1457,AC1170,2021.73,2026-07-03 12:36:00,0
TX000300,AC1527,AC1082,801.15,2026-07-03 12:39:00,0
TX000301,AC1559,AC1582,2245.5,2026-07-03 12:40:00,0
TX000302,AC1326,AC1590,6130.56,2026-07-03 12:49:00,0
TX000303,AC1422,AC1501,1237.78,2026-07-03 12:51:00,0
TX000304,AC1500,AC1347,3500.15,2026-07-03 12:52:00,0
TX000305,AC1343,AC1365,1266.82,2026-07-03 12:55:00,0
TX000306,AC1402,AC1592,5335.72,2026-07-03 12:57:00,0
TX000307,AC1510,AC1575,3163.49,2026-07-03 13:15:00,0
TX000308,AC1018,AC1267,1932.6,2026-07-03 13:18:00,0
TX000309,AC1293,AC1352,2404.74,2026-07-03 13:21:00,0
TX000310,AC1057,AC1156,1607.32,2026-07-03 13:23:00,0
TX000311,AC1020,AC1516,2304.99,2026-07-03 13:24:00,0
TX000312,AC1513,AC1090,2455.57,2026-07-03 13:26:00,0
TX000313,AC1246,AC1565,2855.48,2026-07-03 13:27:00,0
TX000314,AC1515,AC1412,2810.2,2026-07-03 13:42:00,0
TX000315,AC1038,AC1044,4848.2,2026-07-03 13:53:00,0
TX000316,AC1084,AC1388,4544.21,2026-07-03 13:56:00,0
TX000317,AC1494,AC1074,2169.07,2026-07-03 13:59:00,0
TX000318,AC1164,AC1285,1549.86,2026-07-03 14:00:00,0
TX000319,AC1067,AC1415,1362.18,2026-07-03 14:01:00,0
TX000320,AC1135,AC1067,13246.59,2026-07-03 14:08:00,0
TX000321,AC1003,AC1004,2109.22,2026-07-03 14:18:00,0
TX000322,AC1344,AC1510,1764.12,2026-07-03 14:25:00,0
TX000323,AC1392,AC1189,3881.08,2026-07-03 14:25:00,0
TX000324,AC1412,AC1462,620.18,2026-07-03 14:25:00,0
TX000325,AC1572,AC1189,4636.43,2026-07-03 14:25:00,0
TX000326,AC1154,AC1495,1240.88,2026-07-03 14:28:00,0
TX000327,AC1516,AC1314,1121.41,2026-07-03 14:29:00,0
TX000328,AC1467,AC1288,3786.27,2026-07-03 14:35:00,0
TX000329,AC1142,AC1013,5185.18,2026-07-03 14:45:00,0
TX000330,AC1588,AC1436,2517.51,2026-07-03 14:49:00,0
TX000331,AC1465,AC1575,906.38,2026-07-03 14:49:00,0
TX000332,AC1257,AC1018,929.93,2026-07-03 14:57:00,0
TX000333,AC1035,AC1592,1909.67,2026-07-03 14:58:00,0
TX000334,AC1368,AC1333,4065.64,2026-07-03 15:06:00,0
TX000335,AC1291,AC1192,703.79,2026-07-03 15:08:00,0
TX000336,AC1588,AC1065,11338.07,2026-07-03 15:11:00,0
TX000337,AC1503,AC1163,2847.15,2026-07-03 15:16:00,0
TX000338,AC1289,AC1082,4837.74,2026-07-03 15:17:00,0
TX000339,AC1597,AC1285,9853.26,2026-07-03 15:17:00,0
TX000340,AC1494,AC1383,1267.86,2026-07-03 15:19:00,0
TX000341,AC1275,AC1522,6053.27,2026-07-03 15:30:00,0
TX000342,AC1068,AC1240,1144.58,2026-07-03 15:39:00,0
TX000343,AC1197,AC1503,6543.88,2026-07-03 15:44:00,0
TX000344,AC1171,AC1057,2926.96,2026-07-03 15:44:00,0
TX000345,AC1067,AC1288,6532.38,2026-07-03 15:56:00,0
TX000346,AC1572,AC1197,2655.85,2026-07-03 15:59:00,0
TX000347,AC1321,AC1381,3037.53,2026-07-03 16:06:00,0
TX000348,AC1387,AC1353,5164.99,2026-07-03 16:10:00,0
TX000349,AC1344,AC1595,3819.54,2026-07-03 16:17:00,0
TX000350,AC1583,AC1584,1780.72,2026-07-03 16:20:00,0
TX000351,AC1079,AC1285,7454.4,2026-07-03 16:23:00,0
TX000352,AC1518,AC1053,2157.82,2026-07-03 16:26:00,0
TX000353,AC1090,AC1127,2310.46,2026-07-03 16:31:00,0
TX000354,AC1022,AC1344,2842.49,2026-07-03 16:34:00,0
TX000355,AC1496,AC1185,2727.76,2026-07-03 16:36:00,0
TX000356,AC1052,AC1546,5526.84,2026-07-03 16:51:00,0
TX000357,AC1226,AC1295,1167.83,2026-07-03 16:58:00,0
TX000358,AC1205,AC1212,2022.84,2026-07-03 17:02:00,0
TX000359,AC1523,AC1285,6032.75,2026-07-03 17:03:00,0
TX000360,AC1365,AC1002,5358.67,2026-07-03 17:05:00,0
TX000361,AC1235,AC1581,6278.76,2026-07-03 17:13:00,0
TX000362,AC1098,AC1484,5825.36,2026-07-03 17:17:00,0
TX000363,AC1421,AC1522,2299.74,2026-07-03 17:20:00,0
TX000364,AC1464,AC1027,1722.18,2026-07-03 17:29:00,0
TX000365,AC1199,AC1565,7108.38,2026-07-03 17:31:00,0
TX000366,AC1584,AC1565,2528.9,2026-07-03 17:35:00,0
TX000367,AC1443,AC1447,12068.2,2026-07-03 17:37:00,0
TX000368,AC1191,AC1140,4068.29,2026-07-03 17:43:00,0
TX000369,AC1559,AC1452,1578.57,2026-07-03 17:48:00,0
TX000370,AC1546,AC1575,4756.66,2026-07-03 17:50:00,0
TX000371,AC1245,AC1090,1374.84,2026-07-03 17:57:00,0
TX000372,AC1344,AC1365,3142.71,2026-07-03 17:57:00,0
TX000373,AC1211,AC1042,2029.7,2026-07-03 18:01:00,0
TX000374,AC1597,AC1074,9679.32,2026-07-03 18:01:00,0
TX000375,AC1044,AC1388,1715.56,2026-07-03 18:07:00,0
TX000376,AC1565,AC1316,10898.58,2026-07-03 18:16:00,0
TX000377,AC1334,AC1323,1792.91,2026-07-03 18:26:00,0
TX000378,AC1191,AC1359,1184.33,2026-07-03 18:39:00,0
TX000379,AC1285,AC1443,7192.78,2026-07-03 18:54:00,0
TX000380,AC1258,AC1344,1748.81,2026-07-03 19:11:00,0
TX000381,AC1234,AC1285,2917.2,2026-07-03 19:14:00,0
TX000382,AC1131,AC1503,413.04,2026-07-03 19:18:00,0
TX000383,AC1479,AC1237,8682.18,2026-07-03 19:41:00,0
TX000384,AC1163,AC1084,2013.34,2026-07-03 19:48:00,0
TX000385,AC1182,AC1431,3802.58,2026-07-03 20:38:00,0
TX000386,AC1370,AC1590,3139.81,2026-07-03 21:55:00,0
TX000387,AC1002,AC1378,3463.89,2026-07-03 22:54:00,0
TX000388,AC1065,AC1346,2354.43,2026-07-04 06:04:00,0
TX000389,AC1198,AC1090,3516.1,2026-07-04 06:13:00,0
TX000390,AC1328,AC1168,1947.33,2026-07-04 06:17:00,0
TX000391,AC1062,AC1248,1905.76,2026-07-04 06:20:00,0
TX000392,AC1409,AC1346,2608.07,2026-07-04 06:21:00,0
TX000393,AC1073,AC1285,1065.37,2026-07-04 06:21:00,0
TX000394,AC1449,AC1513,1047.15,2026-07-04 06:37:00,0
TX000395,AC1187,AC1583,3359.86,2026-07-04 06:39:00,0
TX000396,AC1323,AC1021,2216.67,2026-07-04 07:00:00,0
TX000397,AC1474,AC1507,2210.34,2026-07-04 07:31:00,0
TX000398,AC1020,AC1156,9251.01,2026-07-04 07:40:00,0
TX000399,AC1591,AC1164,1362.8,2026-07-04 08:04:00,0
TX000400,AC1399,AC1592,3844.15,2026-07-04 08:26:00,0
TX000401,AC1064,AC1332,1837.22,2026-07-04 08:29:00,0
TX000402,AC1052,AC1585,2410.39,2026-07-04 08:31:00,0
TX000403,AC1559,AC1209,3406.34,2026-07-04 08:51:00,0
TX000404,AC1115,AC1526,1940.96,2026-07-04 09:02:00,0
TX000405,AC1333,AC1507,797.07,2026-07-04 09:11:00,0
TX000406,AC1004,AC1223,5161.32,2026-07-04 09:16:00,0
TX000407,AC1541,AC1066,4662.96,2026-07-04 09:23:00,0
TX000408,AC1490,AC1456,3369.15,2026-07-04 09:24:00,0
TX000409,AC1264,AC1285,4639.37,2026-07-04 09:32:00,0
TX000410,AC1376,AC1290,349.81,2026-07-04 09:39:00,0
TX000411,AC1090,AC1572,3431.0,2026-07-04 09:45:00,0
TX000412,AC1045,AC1197,1673.11,2026-07-04 09:48:00,0
TX000413,AC1285,AC1518,240.96,2026-07-04 09:50:00,0
TX000414,AC1247,AC1346,1282.62,2026-07-04 09:59:00,0
TX000415,AC1289,AC1282,1474.11,2026-07-04 10:04:00,0
TX000416,AC1044,AC1549,1884.87,2026-07-04 10:15:00,0
TX000417,AC1485,AC1529,2195.39,2026-07-04 10:20:00,0
TX000418,AC1465,AC1285,1099.85,2026-07-04 10:23:00,0
TX000419,AC1487,AC1122,3448.54,2026-07-04 10:26:00,0
TX000420,AC1546,AC1568,2322.53,2026-07-04 10:26:00,0
TX000421,AC1588,AC1104,3489.95,2026-07-04 10:29:00,0
TX000422,AC1285,AC1596,2382.77,2026-07-04 10:45:00,0
TX000423,AC1039,AC1516,1775.2,2026-07-04 10:45:00,0
TX000424,AC1246,AC1010,10656.69,2026-07-04 10:58:00,0
TX000425,AC1285,AC1100,1139.85,2026-07-04 11:01:00,0
TX000426,AC1397,AC1535,1534.01,2026-07-04 11:16:00,0
TX000427,AC1230,AC1313,954.13,2026-07-04 11:23:00,0
TX000428,AC1303,AC1231,16761.64,2026-07-04 11:35:00,0
TX000429,AC1285,AC1156,2102.51,2026-07-04 11:46:00,0
TX000430,AC1021,AC1004,283.08,2026-07-04 11:49:00,0
TX000431,AC1164,AC1272,1291.63,2026-07-04 11:58:00,0
TX000432,AC1164,AC1545,1666.17,2026-07-04 12:06:00,0
TX000433,AC1085,AC1331,13774.74,2026-07-04 12:09:00,0
TX000434,AC1195,AC1164,2420.27,2026-07-04 12:10:00,0
TX000435,AC1431,AC1552,4439.99,2026-07-04 12:11:00,0
TX000436,AC1021,AC1005,3272.5,2026-07-04 12:14:00,0
TX000437,AC1018,AC1392,7822.26,2026-07-04 12:15:00,0
TX000438,AC1344,AC1379,7017.42,2026-07-04 12:19:00,0
TX000439,AC1281,AC1164,3669.14,2026-07-04 12:20:00,0
TX000440,AC1585,AC1514,918.9,2026-07-04 12:26:00,0
TX000441,AC1273,AC1285,3710.32,2026-07-04 12:27:00,0
TX000442,AC1580,AC1535,3382.98,2026-07-04 12:31:00,0
TX000443,AC1338,AC1392,2038.96,2026-07-04 12:34:00,0
TX000444,AC1415,AC1056,1673.45,2026-07-04 12:40:00,0
TX000445,AC1555,AC1203,6568.25,2026-07-04 12:41:00,0
TX000446,AC1264,AC1561,1403.6,2026-07-04 12:41:00,0
TX000447,AC1018,AC1415,7844.88,2026-07-04 13:07:00,0
TX000448,AC1082,AC1507,837.0,2026-07-04 13:12:00,0
TX000449,AC1234,AC1285,1005.13,2026-07-04 13:34:00,0
TX000450,AC1375,AC1565,2712.35,2026-07-04 13:35:00,0
TX000451,AC1295,AC1060,4741.25,2026-07-04 13:38:00,0
TX000452,AC1010,AC1136,4082.39,2026-07-04 13:40:00,0
TX000453,AC1070,AC1507,3428.92,2026-07-04 13:46:00,0
TX000454,AC1234,AC1579,3290.79,2026-07-04 13:54:00,0
TX000455,AC1475,AC1135,2688.77,2026-07-04 13:55:00,0
TX000456,AC1024,AC1515,2400.32,2026-07-04 13:58:00,0
TX000457,AC1103,AC1487,1494.39,2026-07-04 13:59:00,0
TX000458,AC1378,AC1462,1256.86,2026-07-04 14:00:00,0
TX000459,AC1394,AC1289,1465.42,2026-07-04 14:04:00,0
TX000460,AC1135,AC1222,1332.45,2026-07-04 14:09:00,0
TX000461,AC1545,AC1347,1972.02,2026-07-04 14:15:00,0
TX000462,AC1264,AC1344,12646.61,2026-07-04 14:17:00,0
TX000463,AC1509,AC1321,4417.72,2026-07-04 14:17:00,0
TX000464,AC1167,AC1262,5053.75,2026-07-04 14:25:00,0
TX000465,AC1553,AC1337,2392.97,2026-07-04 14:29:00,0
TX000466,AC1560,AC1135,2085.73,2026-07-04 14:39:00,0
TX000467,AC1347,AC1044,8781.5,2026-07-04 14:43:00,0
TX000468,AC1278,AC1211,3504.98,2026-07-04 14:49:00,0
TX000469,AC1565,AC1090,1447.06,2026-07-04 14:49:00,0
TX000470,AC1524,AC1572,2901.49,2026-07-04 14:51:00,0
TX000471,AC1003,AC1535,8986.85,2026-07-04 14:51:00,0
TX000472,AC1466,AC1219,7671.28,2026-07-04 14:55:00,0
TX000473,AC1094,AC1046,7341.65,2026-07-04 15:02:00,0
TX000474,AC1067,AC1421,3525.24,2026-07-04 15:04:00,0
TX000475,AC1123,AC1280,2907.69,2026-07-04 15:05:00,0
TX000476,AC1482,AC1263,2342.83,2026-07-04 15:12:00,0
TX000477,AC1063,AC1294,3885.24,2026-07-04 15:17:00,0
TX000478,AC1157,AC1184,1438.01,2026-07-04 15:19:00,0
TX000479,AC1289,AC1020,3689.19,2026-07-04 15:23:00,0
TX000480,AC1056,AC1321,2348.71,2026-07-04 15:25:00,0
TX000481,AC1103,AC1550,2539.85,2026-07-04 15:25:00,0
TX000482,AC1139,AC1218,1951.38,2026-07-04 15:29:00,0
TX000483,AC1135,AC1397,2966.75,2026-07-04 15:31:00,0
TX000484,AC1117,AC1017,7188.01,2026-07-04 15:37:00,0
TX000485,AC1010,AC1205,2973.43,2026-07-04 15:38:00,0
TX000486,AC1085,AC1344,6809.72,2026-07-04 15:46:00,0
TX000487,AC1295,AC1044,4802.22,2026-07-04 15:48:00,0
TX000488,AC1026,AC1507,1184.82,2026-07-04 15:48:00,0
TX000489,AC1067,AC1564,3086.85,2026-07-04 15:51:00,0
TX000490,AC1448,AC1496,2158.32,2026-07-04 15:53:00,0
TX000491,AC1372,AC1412,2414.27,2026-07-04 16:03:00,0
TX000492,AC1285,AC1565,2949.49,2026-07-04 16:04:00,0
TX000493,AC1187,AC1392,5562.62,2026-07-04 16:07:00,0
TX000494,AC1285,AC1206,4030.19,2026-07-04 16:11:00,0
TX000495,AC1067,AC1428,1564.22,2026-07-04 16:20:00,0
TX000496,AC1070,AC1000,5301.04,2026-07-04 16:31:00,0
TX000497,AC1396,AC1131,3095.57,2026-07-04 16:32:00,0
TX000498,AC1188,AC1257,6129.89,2026-07-04 16:34:00,0
TX000499,AC1454,AC1487,1972.17,2026-07-04 16:34:00,0
TX000500,AC1084,AC1459,2546.91,2026-07-04 16:36:00,0
TX000501,AC1122,AC1171,2965.19,2026-07-04 16:36:00,0
TX000502,AC1425,AC1018,1654.44,2026-07-04 16:37:00,0
TX000503,AC1294,AC1228,6690.63,2026-07-04 16:50:00,0
TX000504,AC1004,AC1522,1610.48,2026-07-04 16:57:00,0
TX000505,AC1485,AC1056,7383.12,2026-07-04 17:04:00,0
TX000506,AC1496,AC1120,2624.24,2026-07-04 17:12:00,0
TX000507,AC1280,AC1138,5394.53,2026-07-04 17:16:00,0
TX000508,AC1108,AC1482,3033.21,2026-07-04 17:18:00,0
TX000509,AC1056,AC1263,2282.34,2026-07-04 17:31:00,0
TX000510,AC1081,AC1473,4429.45,2026-07-04 17:33:00,0
TX000511,AC1575,AC1030,3109.95,2026-07-04 17:51:00,0
TX000512,AC1044,AC1344,1463.72,2026-07-04 17:52:00,0
TX000513,AC1089,AC1090,3899.67,2026-07-04 18:05:00,0
TX000514,AC1565,AC1052,5062.4,2026-07-04 18:07:00,0
TX000515,AC1148,AC1060,2236.9,2026-07-04 18:15:00,0
TX000516,AC1119,AC1344,3744.72,2026-07-04 18:16:00,0
TX000517,AC1479,AC1404,1284.16,2026-07-04 18:26:00,0
TX000518,AC1011,AC1550,8819.53,2026-07-04 18:29:00,0
TX000519,AC1367,AC1572,5807.24,2026-07-04 18:33:00,0
TX000520,AC1074,AC1289,1416.32,2026-07-04 18:48:00,0
TX000521,AC1090,AC1065,2454.52,2026-07-04 18:50:00,0
TX000522,AC1123,AC1344,2016.3,2026-07-04 18:51:00,0
TX000523,AC1270,AC1466,4538.78,2026-07-04 19:06:00,0
TX000524,AC1115,AC1042,975.15,2026-07-04 19:46:00,0
TX000525,AC1083,AC1350,2127.34,2026-07-04 19:47:00,0
TX000526,AC1248,AC1334,1121.05,2026-07-04 19:57:00,0
TX000527,AC1545,AC1013,3838.68,2026-07-04 20:42:00,0
TX000528,AC1231,AC1252,6408.62,2026-07-04 20:50:00,0
TX000529,AC1552,AC1191,1596.8,2026-07-04 21:02:00,0
TX000530,AC1246,AC1311,803.87,2026-07-04 21:16:00,0
TX000531,AC1288,AC1115,1093.55,2026-07-04 21:19:00,0
TX000532,AC1412,AC1285,7200.65,2026-07-04 21:44:00,0
TX000533,AC1289,AC1335,3562.75,2026-07-04 21:54:00,0
TX000534,AC1160,AC1167,2973.09,2026-07-04 22:07:00,0
TX000535,AC1145,AC1270,1150.75,2026-07-04 22:37:00,0
TX000536,AC1449,AC1164,1932.51,2026-07-05 06:19:00,0
TX000537,AC1580,AC1026,4654.71,2026-07-05 06:47:00,0
TX000538,AC1311,AC1169,6091.37,2026-07-05 06:58:00,0
TX000539,AC1285,AC1271,3509.32,2026-07-05 07:02:00,0
TX000540,AC1250,AC1194,5154.59,2026-07-05 08:49:00,0
TX000541,AC1563,AC1289,1153.51,2026-07-05 08:49:00,0
TX000542,AC1079,AC1553,713.59,2026-07-05 09:01:00,0
TX000543,AC1235,AC1305,2719.14,2026-07-05 09:13:00,0
TX000544,AC1065,AC1335,1053.82,2026-07-05 09:20:00,0
TX000545,AC1535,AC1043,3439.07,2026-07-05 09:24:00,0
TX000546,AC1557,AC1466,1966.91,2026-07-05 09:42:00,0
TX000547,AC1263,AC1300,7484.59,2026-07-05 09:57:00,0
TX000548,AC1547,AC1546,1465.27,2026-07-05 10:18:00,0
TX000549,AC1090,AC1545,4259.12,2026-07-05 10:24:00,0
TX000550,AC1285,AC1570,4136.92,2026-07-05 10:26:00,0
TX000551,AC1572,AC1385,3052.35,2026-07-05 10:33:00,0
TX000552,AC1013,AC1011,12377.15,2026-07-05 10:33:00,0
TX000553,AC1289,AC1125,2154.11,2026-07-05 10:41:00,0
TX000554,AC1164,AC1353,3559.03,2026-07-05 10:43:00,0
TX000555,AC1106,AC1188,3218.74,2026-07-05 10:43:00,0
TX000556,AC1515,AC1564,7330.51,2026-07-05 10:48:00,0
TX000557,AC1583,AC1221,1828.82,2026-07-05 10:53:00,0
TX000558,AC1357,AC1139,5422.35,2026-07-05 10:54:00,0
TX000559,AC1001,AC1218,3097.12,2026-07-05 10:59:00,0
TX000560,AC1341,AC1157,2505.69,2026-07-05 11:00:00,0
TX000561,AC1379,AC1553,2304.99,2026-07-05 11:02:00,0
TX000562,AC1090,AC1432,2576.93,2026-07-05 11:03:00,0
TX000563,AC1381,AC1510,2701.45,2026-07-05 11:11:00,0
TX000564,AC1471,AC1289,12819.74,2026-07-05 11:11:00,0
TX000565,AC1344,AC1001,7178.29,2026-07-05 11:12:00,0
TX000566,AC1228,AC1244,1323.73,2026-07-05 11:18:00,0
TX000567,AC1526,AC1235,1089.26,2026-07-05 11:20:00,0
TX000568,AC1344,AC1590,1888.48,2026-07-05 11:21:00,0
TX000569,AC1090,AC1324,1094.38,2026-07-05 11:24:00,0
TX000570,AC1199,AC1174,1890.66,2026-07-05 11:29:00,0
TX000571,AC1425,AC1424,3049.27,2026-07-05 11:44:00,0
TX000572,AC1506,AC1345,2476.45,2026-07-05 11:45:00,0
TX000573,AC1302,AC1284,2330.57,2026-07-05 11:48:00,0
TX000574,AC1263,AC1599,771.46,2026-07-05 11:48:00,0
TX000575,AC1371,AC1125,5314.33,2026-07-05 11:50:00,0
TX000576,AC1090,AC1231,1098.5,2026-07-05 11:59:00,0
TX000577,AC1592,AC1305,2253.09,2026-07-05 12:00:00,0
TX000578,AC1026,AC1303,5207.07,2026-07-05 12:00:00,0
TX000579,AC1344,AC1134,5721.33,2026-07-05 12:01:00,0
TX000580,AC1344,AC1018,1524.05,2026-07-05 12:01:00,0
TX000581,AC1565,AC1000,1645.93,2026-07-05 12:06:00,0
TX000582,AC1517,AC1565,1474.61,2026-07-05 12:11:00,0
TX000583,AC1561,AC1285,7289.98,2026-07-05 12:16:00,0
TX000584,AC1499,AC1285,688.9,2026-07-05 12:17:00,0
TX000585,AC1565,AC1599,3181.47,2026-07-05 12:19:00,0
TX000586,AC1436,AC1004,1913.1,2026-07-05 12:33:00,0
TX000587,AC1013,AC1515,3031.0,2026-07-05 12:36:00,0
TX000588,AC1565,AC1164,1634.52,2026-07-05 12:37:00,0
TX000589,AC1018,AC1015,543.26,2026-07-05 12:38:00,0
TX000590,AC1485,AC1150,682.23,2026-07-05 12:38:00,0
TX000591,AC1191,AC1596,5655.51,2026-07-05 12:58:00,0
TX000592,AC1266,AC1372,918.7,2026-07-05 13:05:00,0
TX000593,AC1026,AC1215,3404.02,2026-07-05 13:11:00,0
TX000594,AC1344,AC1197,837.88,2026-07-05 13:17:00,0
TX000595,AC1124,AC1127,1620.99,2026-07-05 13:23:00,0
TX000596,AC1090,AC1559,1158.16,2026-07-05 13:23:00,0
TX000597,AC1291,AC1565,11035.8,2026-07-05 13:27:00,0
TX000598,AC1385,AC1479,1377.72,2026-07-05 13:27:00,0
TX000599,AC1154,AC1528,3352.87,2026-07-05 13:29:00,0
TX000600,AC1091,AC1362,2805.31,2026-07-05 13:31:00,0
TX000601,AC1131,AC1586,1696.55,2026-07-05 13:31:00,0
TX000602,AC1164,AC1037,965.79,2026-07-05 13:33:00,0
TX000603,AC1084,AC1281,1933.05,2026-07-05 13:39:00,0
TX000604,AC1299,AC1240,745.75,2026-07-05 13:49:00,0
TX000605,AC1345,AC1041,818.98,2026-07-05 13:51:00,0
TX000606,AC1222,AC1421,890.87,2026-07-05 14:00:00,0
TX000607,AC1339,AC1379,2489.2,2026-07-05 14:06:00,0
TX000608,AC1183,AC1344,5562.15,2026-07-05 14:08:00,0
TX000609,AC1585,AC1565,8193.93,2026-07-05 14:12:00,0
TX000610,AC1442,AC1082,810.22,2026-07-05 14:19:00,0
TX000611,AC1199,AC1243,793.93,2026-07-05 14:20:00,0
TX000612,AC1291,AC1077,3827.66,2026-07-05 14:22:00,0
TX000613,AC1262,AC1344,1756.93,2026-07-05 14:22:00,0
TX000614,AC1366,AC1140,2628.66,2026-07-05 14:31:00,0
TX000615,AC1015,AC1392,2080.38,2026-07-05 14:34:00,0
TX000616,AC1218,AC1526,6426.68,2026-07-05 14:40:00,0
TX000617,AC1596,AC1500,2172.98,2026-07-05 14:40:00,0
TX000618,AC1344,AC1064,3375.82,2026-07-05 14:46:00,0
TX000619,AC1365,AC1449,388.53,2026-07-05 14:51:00,0
TX000620,AC1332,AC1317,2862.16,2026-07-05 14:56:00,0
TX000621,AC1148,AC1545,5068.56,2026-07-05 15:00:00,0
TX000622,AC1346,AC1044,2196.56,2026-07-05 15:02:00,0
TX000623,AC1591,AC1316,2243.06,2026-07-05 15:05:00,0
TX000624,AC1018,AC1124,3334.45,2026-07-05 15:28:00,0
TX000625,AC1221,AC1481,1038.98,2026-07-05 15:36:00,0
TX000626,AC1516,AC1280,8103.12,2026-07-05 15:36:00,0
TX000627,AC1565,AC1379,3126.87,2026-07-05 15:42:00,0
TX000628,AC1587,AC1246,3031.14,2026-07-05 15:46:00,0
TX000629,AC1320,AC1182,1127.35,2026-07-05 15:47:00,0
TX000630,AC1067,AC1285,1201.21,2026-07-05 15:48:00,0
TX000631,AC1535,AC1052,2198.5,2026-07-05 15:52:00,0
TX000632,AC1218,AC1189,1318.9,2026-07-05 15:54:00,0
TX000633,AC1512,AC1450,3450.07,2026-07-05 15:54:00,0
TX000634,AC1448,AC1532,1555.54,2026-07-05 16:00:00,0
TX000635,AC1515,AC1291,4367.05,2026-07-05 16:11:00,0
TX000636,AC1436,AC1370,2182.19,2026-07-05 16:19:00,0
TX000637,AC1571,AC1443,1045.2,2026-07-05 16:20:00,0
TX000638,AC1580,AC1483,2522.74,2026-07-05 16:20:00,0
TX000639,AC1272,AC1522,1757.95,2026-07-05 16:23:00,0
TX000640,AC1579,AC1197,4183.67,2026-07-05 16:25:00,0
TX000641,AC1125,AC1331,1752.28,2026-07-05 16:32:00,0
TX000642,AC1234,AC1465,957.16,2026-07-05 16:41:00,0
TX000643,AC1014,AC1379,5626.05,2026-07-05 17:18:00,0
TX000644,AC1565,AC1046,5853.36,2026-07-05 17:19:00,0
TX000645,AC1565,AC1068,1136.26,2026-07-05 17:36:00,0
TX000646,AC1061,AC1344,4241.46,2026-07-05 17:40:00,0
TX000647,AC1209,AC1392,15534.63,2026-07-05 17:46:00,0
TX000648,AC1293,AC1384,946.6,2026-07-05 17:48:00,0
TX000649,AC1285,AC1534,1212.97,2026-07-05 17:51:00,0
TX000650,AC1048,AC1272,987.66,2026-07-05 17:56:00,0
TX000651,AC1418,AC1344,3965.14,2026-07-05 18:08:00,0
TX000652,AC1184,AC1586,1272.7,2026-07-05 18:29:00,0
TX000653,AC1162,AC1503,4108.32,2026-07-05 18:33:00,0
TX000654,AC1202,AC1347,4922.65,2026-07-05 18:43:00,0
TX000655,AC1426,AC1026,3027.59,2026-07-05 18:52:00,0
TX000656,AC1291,AC1001,3493.29,2026-07-05 18:56:00,0
TX000657,AC1052,AC1004,9254.06,2026-07-05 19:03:00,0
TX000658,AC1157,AC1012,1193.88,2026-07-05 19:03:00,0
TX000659,AC1133,AC1158,3168.13,2026-07-05 19:06:00,0
TX000660,AC1042,AC1016,11958.44,2026-07-05 19:14:00,0
TX000661,AC1090,AC1578,555.7,2026-07-05 19:15:00,0
TX000662,AC1156,AC1285,1646.51,2026-07-05 19:37:00,0
TX000663,AC1129,AC1055,1435.75,2026-07-05 19:42:00,0
TX000664,AC1546,AC1078,3153.81,2026-07-05 19:46:00,0
TX000665,AC1194,AC1285,1392.23,2026-07-05 19:47:00,0
TX000666,AC1507,AC1026,4526.18,2026-07-05 19:49:00,0
TX000667,AC1289,AC1209,1852.66,2026-07-05 20:08:00,0
TX000668,AC1059,AC1195,2259.7,2026-07-05 20:09:00,0
TX000669,AC1543,AC1306,625.5,2026-07-05 20:12:00,0
TX000670,AC1522,AC1023,10408.99,2026-07-05 20:27:00,0
TX000671,AC1040,AC1020,1087.95,2026-07-05 20:28:00,0
TX000672,AC1524,AC1558,361.66,2026-07-05 20:51:00,0
TX000673,AC1018,AC1256,717.18,2026-07-05 21:50:00,0
TX000674,AC1126,AC1467,574.37,2026-07-05 21:50:00,0
TX000675,AC1344,AC1020,812.85,2026-07-05 22:21:00,0
TX000676,AC1274,AC1528,2096.4,2026-07-05 22:22:00,0
TX000677,AC1208,AC1187,795.87,2026-07-05 22:39:00,0
TX000678,AC1568,AC1019,8889.03,2026-07-06 06:00:00,0
TX000679,AC1090,AC1223,2527.54,2026-07-06 06:02:00,0
TX000680,AC1070,AC1354,828.09,2026-07-06 06:11:00,0
TX000681,AC1507,AC1103,2347.31,2026-07-06 06:41:00,0
TX000682,AC1211,AC1321,2082.89,2026-07-06 06:47:00,0
TX000683,AC1374,AC1122,4380.04,2026-07-06 06:54:00,0
TX000684,AC1207,AC1490,5008.6,2026-07-06 07:21:00,0
TX000685,AC1495,AC1285,1519.89,2026-07-06 07:30:00,0
TX000686,AC1458,AC1580,2673.29,2026-07-06 07:31:00,0
TX000687,AC1158,AC1083,5268.65,2026-07-06 08:00:00,0
TX000688,AC1565,AC1575,1628.47,2026-07-06 08:05:00,0
TX000689,AC1323,AC1461,2882.94,2026-07-06 08:12:00,0
TX000690,AC1164,AC1535,3138.47,2026-07-06 08:39:00,0
TX000691,AC1187,AC1281,1727.33,2026-07-06 08:48:00,0
TX000692,AC1110,AC1030,1051.32,2026-07-06 08:50:00,0
TX000693,AC1113,AC1166,3605.07,2026-07-06 08:52:00,0
TX000694,AC1040,AC1415,9376.54,2026-07-06 08:54:00,0
TX000695,AC1027,AC1575,3150.03,2026-07-06 09:02:00,0
TX000696,AC1471,AC1077,593.69,2026-07-06 09:29:00,0
TX000697,AC1314,AC1090,7010.11,2026-07-06 09:33:00,0
TX000698,AC1414,AC1497,2245.67,2026-07-06 09:36:00,0
TX000699,AC1432,AC1218,1554.3,2026-07-06 09:44:00,0
TX000700,AC1090,AC1389,2478.67,2026-07-06 09:46:00,0
TX000701,AC1485,AC1029,771.73,2026-07-06 09:57:00,0
TX000702,AC1285,AC1088,1923.79,2026-07-06 10:24:00,0
TX000703,AC1184,AC1156,1598.79,2026-07-06 10:37:00,0
TX000704,AC1392,AC1344,2022.19,2026-07-06 10:38:00,0
TX000705,AC1070,AC1344,2687.86,2026-07-06 10:45:00,0
TX000706,AC1351,AC1211,3478.02,2026-07-06 10:48:00,0
TX000707,AC1397,AC1523,6864.2,2026-07-06 11:10:00,0
TX000708,AC1350,AC1452,835.1,2026-07-06 11:11:00,0
TX000709,AC1371,AC1064,609.16,2026-07-06 11:32:00,0
TX000710,AC1148,AC1565,673.92,2026-07-06 11:40:00,0
TX000711,AC1499,AC1511,1325.28,2026-07-06 11:42:00,0
TX000712,AC1082,AC1243,1488.94,2026-07-06 11:55:00,0
TX000713,AC1147,AC1574,1537.93,2026-07-06 12:13:00,0
TX000714,AC1546,AC1543,903.13,2026-07-06 12:17:00,0
TX000715,AC1229,AC1546,2819.66,2026-07-06 12:27:00,0
TX000716,AC1466,AC1001,11252.38,2026-07-06 12:35:00,0
TX000717,AC1020,AC1507,4613.95,2026-07-06 12:40:00,0
TX000718,AC1106,AC1157,3550.92,2026-07-06 12:43:00,0
TX000719,AC1197,AC1281,14573.94,2026-07-06 12:45:00,0
TX000720,AC1286,AC1011,1929.01,2026-07-06 12:46:00,0
TX000721,AC1412,AC1264,848.26,2026-07-06 12:48:00,0
TX000722,AC1531,AC1126,2189.04,2026-07-06 12:53:00,0
TX000723,AC1285,AC1465,5588.9,2026-07-06 12:56:00,0
TX000724,AC1347,AC1044,3249.17,2026-07-06 13:02:00,0
TX000725,AC1344,AC1449,1276.39,2026-07-06 13:04:00,0
TX000726,AC1396,AC1381,2400.83,2026-07-06 13:05:00,0
TX000727,AC1272,AC1062,4095.77,2026-07-06 13:05:00,0
TX000728,AC1318,AC1563,7153.84,2026-07-06 13:06:00,0
TX000729,AC1526,AC1090,1657.63,2026-07-06 13:09:00,0
TX000730,AC1247,AC1135,3148.64,2026-07-06 13:16:00,0
TX000731,AC1344,AC1029,1884.68,2026-07-06 13:22:00,0
TX000732,AC1222,AC1164,2015.97,2026-07-06 13:22:00,0
TX000733,AC1341,AC1543,2860.61,2026-07-06 13:24:00,0
TX000734,AC1135,AC1500,2700.52,2026-07-06 13:26:00,0
TX000735,AC1344,AC1390,2055.14,2026-07-06 13:31:00,0
TX000736,AC1226,AC1257,8830.33,2026-07-06 13:36:00,0
TX000737,AC1556,AC1554,8875.84,2026-07-06 13:37:00,0
TX000738,AC1131,AC1597,1038.72,2026-07-06 13:40:00,0
TX000739,AC1542,AC1266,993.32,2026-07-06 13:40:00,0
TX000740,AC1478,AC1369,2757.23,2026-07-06 13:40:00,0
TX000741,AC1518,AC1333,3486.99,2026-07-06 13:43:00,0
TX000742,AC1074,AC1320,5052.7,2026-07-06 13:44:00,0
TX000743,AC1344,AC1590,3528.83,2026-07-06 13:48:00,0
TX000744,AC1175,AC1378,1209.83,2026-07-06 13:51:00,0
TX000745,AC1143,AC1397,1837.68,2026-07-06 14:10:00,0
TX000746,AC1289,AC1085,5760.6,2026-07-06 14:14:00,0
TX000747,AC1285,AC1415,1502.95,2026-07-06 14:14:00,0
TX000748,AC1026,AC1018,2424.91,2026-07-06 14:17:00,0
TX000749,AC1358,AC1075,1331.05,2026-07-06 14:23:00,0
TX000750,AC1411,AC1090,5867.89,2026-07-06 14:38:00,0
TX000751,AC1550,AC1424,2846.79,2026-07-06 14:41:00,0
TX000752,AC1199,AC1197,694.61,2026-07-06 14:41:00,0
TX000753,AC1241,AC1541,4065.27,2026-07-06 14:46:00,0
TX000754,AC1013,AC1049,2487.45,2026-07-06 14:47:00,0
TX000755,AC1422,AC1197,2051.45,2026-07-06 14:48:00,0
TX000756,AC1469,AC1011,2811.5,2026-07-06 14:48:00,0
TX000757,AC1108,AC1513,2465.75,2026-07-06 14:50:00,0
TX000758,AC1344,AC1257,1690.8,2026-07-06 14:52:00,0
TX000759,AC1506,AC1052,951.83,2026-07-06 14:53:00,0
TX000760,AC1356,AC1448,4786.16,2026-07-06 14:53:00,0
TX000761,AC1346,AC1055,7724.2,2026-07-06 14:54:00,0
TX000762,AC1466,AC1090,1154.92,2026-07-06 15:07:00,0
TX000763,AC1597,AC1090,983.0,2026-07-06 15:16:00,0
TX000764,AC1218,AC1182,11639.33,2026-07-06 15:20:00,0
TX000765,AC1001,AC1285,1879.27,2026-07-06 15:36:00,0
TX000766,AC1382,AC1218,3896.96,2026-07-06 15:39:00,0
TX000767,AC1515,AC1575,3450.47,2026-07-06 15:39:00,0
TX000768,AC1399,AC1098,3501.21,2026-07-06 15:50:00,0
TX000769,AC1471,AC1333,3197.02,2026-07-06 15:55:00,0
TX000770,AC1403,AC1181,9004.53,2026-07-06 15:58:00,0
TX000771,AC1579,AC1426,4571.08,2026-07-06 16:05:00,0
TX000772,AC1109,AC1195,663.84,2026-07-06 16:05:00,0
TX000773,AC1298,AC1225,2264.64,2026-07-06 16:06:00,0
TX000774,AC1198,AC1107,1587.78,2026-07-06 16:10:00,0
TX000775,AC1285,AC1043,5122.13,2026-07-06 16:11:00,0
TX000776,AC1496,AC1273,5630.12,2026-07-06 16:17:00,0
TX000777,AC1057,AC1547,2037.56,2026-07-06 16:30:00,0
TX000778,AC1228,AC1379,989.94,2026-07-06 16:36:00,0
TX000779,AC1346,AC1596,1441.6,2026-07-06 16:51:00,0
TX000780,AC1515,AC1119,10874.4,2026-07-06 16:53:00,0
TX000781,AC1300,AC1358,3317.31,2026-07-06 16:58:00,0
TX000782,AC1094,AC1451,6686.6,2026-07-06 16:59:00,0
TX000783,AC1194,AC1079,1078.64,2026-07-06 17:00:00,0
TX000784,AC1249,AC1344,1503.49,2026-07-06 17:00:00,0
TX000785,AC1090,AC1316,10587.72,2026-07-06 17:20:00,0
TX000786,AC1485,AC1370,746.61,2026-07-06 17:21:00,0
TX000787,AC1505,AC1537,3276.15,2026-07-06 17:27:00,0
TX000788,AC1086,AC1253,2243.89,2026-07-06 17:27:00,0
TX000789,AC1237,AC1510,1406.35,2026-07-06 17:28:00,0
TX000790,AC1197,AC1250,4087.87,2026-07-06 17:43:00,0
TX000791,AC1246,AC1529,2311.92,2026-07-06 17:45:00,0
TX000792,AC1341,AC1515,2586.95,2026-07-06 18:09:00,0
TX000793,AC1436,AC1044,8063.31,2026-07-06 18:14:00,0
TX000794,AC1396,AC1348,1961.0,2026-07-06 18:21:00,0
TX000795,AC1574,AC1276,5208.02,2026-07-06 18:23:00,0
TX000796,AC1285,AC1184,2011.65,2026-07-06 18:47:00,0
TX000797,AC1389,AC1263,3179.37,2026-07-06 18:49:00,0
TX000798,AC1259,AC1411,9754.39,2026-07-06 18:59:00,0
TX000799,AC1285,AC1302,1455.42,2026-07-06 19:09:00,0
TX000800,AC1343,AC1011,4922.16,2026-07-06 19:10:00,0
TX000801,AC1032,AC1379,1287.35,2026-07-06 19:33:00,0
TX000802,AC1099,AC1163,2460.5,2026-07-06 19:50:00,0
TX000803,AC1533,AC1089,2817.38,2026-07-06 19:52:00,0
TX000804,AC1554,AC1128,1015.41,2026-07-06 20:16:00,0
TX000805,AC1448,AC1553,1126.62,2026-07-06 20:41:00,0
TX000806,AC1441,AC1285,2392.71,2026-07-06 20:58:00,0
TX000807,AC1264,AC1285,4063.59,2026-07-06 22:01:00,0
TX000808,AC1121,AC1344,3301.65,2026-07-06 22:46:00,0
TX000809,AC1457,AC1557,2315.6,2026-07-06 22:49:00,0
TX000810,AC1204,AC1575,1124.43,2026-07-07 06:11:00,0
TX000811,AC1533,AC1285,1318.69,2026-07-07 06:16:00,0
TX000812,AC1343,AC1378,2166.27,2026-07-07 06:18:00,0
TX000813,AC1197,AC1311,1402.22,2026-07-07 06:21:00,0
TX000814,AC1212,AC1197,9910.54,2026-07-07 06:33:00,0
TX000815,AC1388,AC1348,1249.57,2026-07-07 06:35:00,0
TX000816,AC1400,AC1223,1715.13,2026-07-07 06:51:00,0
TX000817,AC1344,AC1364,8096.18,2026-07-07 06:51:00,0
TX000818,AC1285,AC1344,1762.16,2026-07-07 06:56:00,0
TX000819,AC1126,AC1575,4477.95,2026-07-07 07:32:00,0
TX000820,AC1457,AC1324,2696.63,2026-07-07 07:37:00,0
TX000821,AC1255,AC1264,4918.19,2026-07-07 07:40:00,0
TX000822,AC1533,AC1363,1286.55,2026-07-07 07:57:00,0
TX000823,AC1509,AC1458,6841.33,2026-07-07 08:09:00,0
TX000824,AC1500,AC1054,1935.48,2026-07-07 08:09:00,0
TX000825,AC1547,AC1344,1960.03,2026-07-07 08:16:00,0
TX000826,AC1030,AC1507,1184.29,2026-07-07 08:19:00,0
TX000827,AC1048,AC1211,757.33,2026-07-07 08:25:00,0
TX000828,AC1284,AC1122,2505.83,2026-07-07 08:30:00,0
TX000829,AC1285,AC1465,2384.3,2026-07-07 08:34:00,0
TX000830,AC1285,AC1305,10115.37,2026-07-07 08:54:00,0
TX000831,AC1285,AC1347,2615.79,2026-07-07 09:02:00,0
TX000832,AC1546,AC1415,3044.82,2026-07-07 09:16:00,0
TX000833,AC1056,AC1344,2477.36,2026-07-07 09:21:00,0
TX000834,AC1323,AC1421,3428.58,2026-07-07 09:22:00,0
TX000835,AC1056,AC1299,1731.51,2026-07-07 09:33:00,0
TX000836,AC1540,AC1413,2996.74,2026-07-07 09:41:00,0
TX000837,AC1392,AC1283,3014.46,2026-07-07 09:42:00,0
TX000838,AC1398,AC1076,7316.33,2026-07-07 09:49:00,0
TX000839,AC1115,AC1083,1488.99,2026-07-07 10:01:00,0
TX000840,AC1584,AC1241,1499.78,2026-07-07 10:09:00,0
TX000841,AC1565,AC1122,2375.68,2026-07-07 10:15:00,0
TX000842,AC1585,AC1372,2105.11,2026-07-07 10:15:00,0
TX000843,AC1191,AC1475,3454.48,2026-07-07 10:16:00,0
TX000844,AC1392,AC1018,2671.42,2026-07-07 10:26:00,0
TX000845,AC1118,AC1246,9407.1,2026-07-07 10:28:00,0
TX000846,AC1191,AC1082,1863.57,2026-07-07 10:30:00,0
TX000847,AC1471,AC1518,1107.51,2026-07-07 10:40:00,0
TX000848,AC1074,AC1415,3304.08,2026-07-07 10:49:00,0
TX000849,AC1344,AC1575,1413.85,2026-07-07 10:54:00,0
TX000850,AC1355,AC1212,897.94,2026-07-07 10:57:00,0
TX000851,AC1537,AC1391,23465.59,2026-07-07 11:04:00,0
TX000852,AC1213,AC1485,3243.0,2026-07-07 11:10:00,0
TX000853,AC1536,AC1081,3958.85,2026-07-07 11:27:00,0
TX000854,AC1344,AC1490,3022.84,2026-07-07 11:28:00,0
TX000855,AC1161,AC1172,1497.51,2026-07-07 11:31:00,0
TX000856,AC1431,AC1448,839.32,2026-07-07 11:33:00,0
TX000857,AC1587,AC1425,1425.49,2026-07-07 11:35:00,0
TX000858,AC1285,AC1090,1912.58,2026-07-07 11:45:00,0
TX000859,AC1090,AC1004,3834.41,2026-07-07 11:49:00,0
TX000860,AC1234,AC1118,2401.44,2026-07-07 11:57:00,0
TX000861,AC1479,AC1575,2139.64,2026-07-07 11:57:00,0
TX000862,AC1082,AC1494,7127.32,2026-07-07 12:06:00,0
TX000863,AC1492,AC1246,4309.64,2026-07-07 12:13:00,0
TX000864,AC1333,AC1090,1744.28,2026-07-07 12:20:00,0
TX000865,AC1474,AC1343,1585.5,2026-07-07 12:26:00,0
TX000866,AC1237,AC1335,4216.53,2026-07-07 12:28:00,0
TX000867,AC1191,AC1018,2876.18,2026-07-07 12:31:00,0
TX000868,AC1353,AC1546,4325.38,2026-07-07 12:38:00,0
TX000869,AC1181,AC1018,3415.62,2026-07-07 12:42:00,0
TX000870,AC1285,AC1415,3602.92,2026-07-07 12:51:00,0
TX000871,AC1135,AC1285,1232.9,2026-07-07 13:03:00,0
TX000872,AC1488,AC1480,502.05,2026-07-07 13:13:00,0
TX000873,AC1051,AC1274,1620.59,2026-07-07 13:15:00,0
TX000874,AC1445,AC1533,2863.41,2026-07-07 13:16:00,0
TX000875,AC1285,AC1164,2219.52,2026-07-07 13:18:00,0
TX000876,AC1383,AC1344,1066.32,2026-07-07 13:25:00,0
TX000877,AC1490,AC1284,7796.0,2026-07-07 13:25:00,0
TX000878,AC1431,AC1077,3848.29,2026-07-07 13:26:00,0
TX000879,AC1003,AC1237,4862.6,2026-07-07 13:28:00,0
TX000880,AC1432,AC1421,6695.5,2026-07-07 13:29:00,0
TX000881,AC1415,AC1254,1782.83,2026-07-07 13:33:00,0
TX000882,AC1299,AC1408,11451.74,2026-07-07 13:36:00,0
TX000883,AC1284,AC1149,1448.68,2026-07-07 13:44:00,0
TX000884,AC1083,AC1447,1133.71,2026-07-07 13:45:00,0
TX000885,AC1509,AC1264,2234.2,2026-07-07 13:47:00,0
TX000886,AC1452,AC1285,1105.34,2026-07-07 13:54:00,0
TX000887,AC1079,AC1385,1224.9,2026-07-07 13:57:00,0
TX000888,AC1226,AC1333,4067.61,2026-07-07 14:04:00,0
TX000889,AC1507,AC1518,2467.26,2026-07-07 14:05:00,0
TX000890,AC1374,AC1182,4714.21,2026-07-07 14:08:00,0
TX000891,AC1507,AC1344,4266.08,2026-07-07 14:17:00,0
TX000892,AC1376,AC1083,806.68,2026-07-07 14:18:00,0
TX000893,AC1285,AC1550,1093.05,2026-07-07 14:21:00,0
TX000894,AC1018,AC1189,1098.15,2026-07-07 14:37:00,0
TX000895,AC1339,AC1223,2672.84,2026-07-07 14:42:00,0
TX000896,AC1131,AC1285,1585.61,2026-07-07 14:57:00,0
TX000897,AC1333,AC1511,4371.4,2026-07-07 14:57:00,0
TX000898,AC1067,AC1520,477.98,2026-07-07 14:59:00,0
TX000899,AC1181,AC1351,4067.48,2026-07-07 15:01:00,0
TX000900,AC1244,AC1344,1605.27,2026-07-07 15:04:00,0
TX000901,AC1380,AC1315,1859.23,2026-07-07 15:08:00,0
TX000902,AC1357,AC1119,4089.39,2026-07-07 15:09:00,0
TX000903,AC1580,AC1042,3537.83,2026-07-07 15:11:00,0
TX000904,AC1120,AC1159,1564.63,2026-07-07 15:17:00,0
TX000905,AC1204,AC1116,1472.82,2026-07-07 15:19:00,0
TX000906,AC1378,AC1298,1569.12,2026-07-07 15:21:00,0
TX000907,AC1064,AC1540,1543.46,2026-07-07 15:23:00,0
TX000908,AC1563,AC1418,7116.37,2026-07-07 15:29:00,0
TX000909,AC1218,AC1285,5177.89,2026-07-07 15:44:00,0
TX000910,AC1057,AC1528,5741.48,2026-07-07 15:52:00,0
TX000911,AC1025,AC1067,1378.3,2026-07-07 15:52:00,0
TX000912,AC1521,AC1025,198.49,2026-07-07 16:13:00,0
TX000913,AC1353,AC1321,2961.18,2026-07-07 16:14:00,0
TX000914,AC1090,AC1067,4923.75,2026-07-07 16:18:00,0
TX000915,AC1173,AC1344,499.94,2026-07-07 16:19:00,0
TX000916,AC1579,AC1182,4337.0,2026-07-07 16:21:00,0
TX000917,AC1018,AC1344,1066.16,2026-07-07 16:29:00,0
TX000918,AC1344,AC1090,1276.21,2026-07-07 16:30:00,0
TX000919,AC1206,AC1553,3248.47,2026-07-07 16:30:00,0
TX000920,AC1189,AC1237,2072.7,2026-07-07 16:34:00,0
TX000921,AC1565,AC1593,3205.11,2026-07-07 16:40:00,0
TX000922,AC1546,AC1475,2449.33,2026-07-07 16:41:00,0
TX000923,AC1224,AC1565,1338.7,2026-07-07 17:00:00,0
TX000924,AC1131,AC1275,1224.86,2026-07-07 17:05:00,0
TX000925,AC1379,AC1565,357.78,2026-07-07 17:10:00,0
TX000926,AC1067,AC1045,4444.15,2026-07-07 17:16:00,0
TX000927,AC1458,AC1215,2873.24,2026-07-07 17:23:00,0
TX000928,AC1013,AC1210,2204.62,2026-07-07 17:26:00,0
TX000929,AC1285,AC1331,4740.35,2026-07-07 17:39:00,0
TX000930,AC1420,AC1260,2144.42,2026-07-07 17:41:00,0
TX000931,AC1484,AC1285,1473.67,2026-07-07 17:44:00,0
TX000932,AC1344,AC1331,6979.18,2026-07-07 17:48:00,0
TX000933,AC1422,AC1149,858.15,2026-07-07 17:54:00,0
TX000934,AC1383,AC1416,3878.99,2026-07-07 17:55:00,0
TX000935,AC1078,AC1344,7809.02,2026-07-07 18:00:00,0
TX000936,AC1569,AC1500,1592.72,2026-07-07 18:26:00,0
TX000937,AC1597,AC1415,2899.05,2026-07-07 18:40:00,0
TX000938,AC1189,AC1288,3743.42,2026-07-07 18:42:00,0
TX000939,AC1285,AC1334,2691.81,2026-07-07 18:56:00,0
TX000940,AC1033,AC1362,929.12,2026-07-07 19:13:00,0
TX000941,AC1090,AC1450,4386.74,2026-07-07 19:25:00,0
TX000942,AC1141,AC1574,1067.1,2026-07-07 19:25:00,0
TX000943,AC1094,AC1075,2388.45,2026-07-07 19:27:00,0
TX000944,AC1212,AC1492,3716.28,2026-07-07 19:34:00,0
TX000945,AC1289,AC1487,1456.44,2026-07-07 19:34:00,0
TX000946,AC1023,AC1090,7156.22,2026-07-07 19:42:00,0
TX000947,AC1522,AC1344,2579.68,2026-07-07 19:53:00,0
TX000948,AC1055,AC1565,1606.62,2026-07-07 19:59:00,0
TX000949,AC1448,AC1379,2344.77,2026-07-07 20:15:00,0
TX000950,AC1129,AC1424,2042.88,2026-07-07 20:22:00,0
TX000951,AC1370,AC1568,1038.51,2026-07-07 20:45:00,0
TX000952,AC1070,AC1504,1983.59,2026-07-07 20:45:00,0
TX000953,AC1191,AC1069,3554.97,2026-07-07 20:50:00,0
TX000954,AC1264,AC1095,914.07,2026-07-07 20:55:00,0
TX000955,AC1191,AC1315,5165.49,2026-07-07 21:04:00,0
TX000956,AC1528,AC1035,1898.39,2026-07-07 22:14:00,0
TX000957,AC1344,AC1289,1141.29,2026-07-08 06:22:00,0
TX000958,AC1392,AC1593,2106.0,2026-07-08 06:29:00,0
TX000959,AC1076,AC1272,1091.03,2026-07-08 06:30:00,0
TX000960,AC1232,AC1018,1601.13,2026-07-08 06:36:00,0
TX000961,AC1115,AC1503,5327.78,2026-07-08 07:26:00,0
TX000962,AC1547,AC1386,2441.9,2026-07-08 07:32:00,0
TX000963,AC1424,AC1165,1757.11,2026-07-08 08:08:00,0
TX000964,AC1266,AC1344,2054.43,2026-07-08 08:10:00,0
TX000965,AC1457,AC1346,1012.1,2026-07-08 08:11:00,0
TX000966,AC1510,AC1468,2751.17,2026-07-08 08:12:00,0
TX000967,AC1314,AC1161,4366.64,2026-07-08 08:14:00,0
TX000968,AC1088,AC1042,1344.73,2026-07-08 08:18:00,0
TX000969,AC1405,AC1085,4121.12,2026-07-08 08:28:00,0
TX000970,AC1110,AC1344,2740.31,2026-07-08 08:33:00,0
TX000971,AC1467,AC1049,3340.14,2026-07-08 08:50:00,0
TX000972,AC1533,AC1140,1468.47,2026-07-08 09:01:00,0
TX000973,AC1400,AC1104,2807.38,2026-07-08 09:14:00,0
TX000974,AC1110,AC1450,623.36,2026-07-08 09:18:00,0
TX000975,AC1105,AC1302,2982.73,2026-07-08 09:25:00,0
TX000976,AC1475,AC1445,2954.68,2026-07-08 09:34:00,0
TX000977,AC1285,AC1202,6296.42,2026-07-08 09:43:00,0
TX000978,AC1035,AC1565,1172.92,2026-07-08 09:58:00,0
TX000979,AC1226,AC1448,5403.76,2026-07-08 10:16:00,0
TX000980,AC1289,AC1259,3512.1,2026-07-08 10:18:00,0
TX000981,AC1387,AC1566,8004.17,2026-07-08 10:20:00,0
TX000982,AC1002,AC1176,1254.7,2026-07-08 10:21:00,0
TX000983,AC1222,AC1194,1327.11,2026-07-08 10:24:00,0
TX000984,AC1344,AC1491,2549.42,2026-07-08 10:32:00,0
TX000985,AC1431,AC1044,764.02,2026-07-08 10:43:00,0
TX000986,AC1187,AC1274,2029.91,2026-07-08 10:55:00,0
TX000987,AC1175,AC1447,686.9,2026-07-08 10:55:00,0
TX000988,AC1387,AC1479,1298.46,2026-07-08 10:59:00,0
TX000989,AC1026,AC1079,2009.21,2026-07-08 10:59:00,0
TX000990,AC1212,AC1269,1687.96,2026-07-08 11:02:00,0
TX000991,AC1164,AC1531,540.44,2026-07-08 11:05:00,0
TX000992,AC1514,AC1498,8617.01,2026-07-08 11:13:00,0
TX000993,AC1149,AC1013,934.68,2026-07-08 11:17:00,0
TX000994,AC1428,AC1134,3586.06,2026-07-08 11:18:00,0
TX000995,AC1447,AC1392,1255.96,2026-07-08 11:29:00,0
TX000996,AC1451,AC1314,2320.61,2026-07-08 11:30:00,0
TX000997,AC1333,AC1542,1412.26,2026-07-08 11:32:00,0
TX000998,AC1344,AC1241,3968.17,2026-07-08 11:35:00,0
TX000999,AC1092,AC1316,2610.72,2026-07-08 11:40:00,0
TX001000,AC1516,AC1457,1322.52,2026-07-08 11:43:00,0
TX001001,AC1026,AC1090,2383.39,2026-07-08 11:46:00,0
TX001002,AC1382,AC1303,5565.04,2026-07-08 11:52:00,0
TX001003,AC1431,AC1419,5502.91,2026-07-08 11:57:00,0
TX001004,AC1239,AC1360,3592.25,2026-07-08 11:59:00,0
TX001005,AC1344,AC1487,4166.57,2026-07-08 12:10:00,0
TX001006,AC1314,AC1583,2442.57,2026-07-08 12:15:00,0
TX001007,AC1339,AC1415,1139.54,2026-07-08 12:15:00,0
TX001008,AC1598,AC1045,2433.76,2026-07-08 12:18:00,0
TX001009,AC1045,AC1567,2079.85,2026-07-08 12:37:00,0
TX001010,AC1017,AC1540,7167.53,2026-07-08 12:39:00,0
TX001011,AC1311,AC1042,4973.39,2026-07-08 13:00:00,0
TX001012,AC1379,AC1306,3408.11,2026-07-08 13:00:00,0
TX001013,AC1415,AC1378,1522.71,2026-07-08 13:02:00,0
TX001014,AC1056,AC1316,11932.9,2026-07-08 13:05:00,0
TX001015,AC1194,AC1378,2182.57,2026-07-08 13:06:00,0
TX001016,AC1490,AC1392,1047.51,2026-07-08 13:08:00,0
TX001017,AC1540,AC1457,7988.11,2026-07-08 13:09:00,0
TX001018,AC1212,AC1037,1753.72,2026-07-08 13:10:00,0
TX001019,AC1344,AC1117,5198.39,2026-07-08 13:11:00,0
TX001020,AC1562,AC1298,1624.33,2026-07-08 13:16:00,0
TX001021,AC1350,AC1030,3066.57,2026-07-08 13:17:00,0
TX001022,AC1496,AC1565,488.19,2026-07-08 13:21:00,0
TX001023,AC1459,AC1463,1184.85,2026-07-08 13:22:00,0
TX001024,AC1090,AC1313,2965.54,2026-07-08 13:28:00,0
TX001025,AC1559,AC1487,3760.0,2026-07-08 13:31:00,0
TX001026,AC1344,AC1232,1796.91,2026-07-08 13:35:00,0
TX001027,AC1559,AC1524,2223.22,2026-07-08 13:41:00,0
TX001028,AC1088,AC1000,2252.46,2026-07-08 13:46:00,0
TX001029,AC1441,AC1070,1133.41,2026-07-08 13:54:00,0
TX001030,AC1285,AC1565,2316.07,2026-07-08 13:56:00,0
TX001031,AC1572,AC1314,2984.48,2026-07-08 14:01:00,0
TX001032,AC1101,AC1218,2675.79,2026-07-08 14:04:00,0
TX001033,AC1285,AC1519,213.57,2026-07-08 14:05:00,0
TX001034,AC1384,AC1274,4135.94,2026-07-08 14:07:00,0
TX001035,AC1239,AC1121,921.35,2026-07-08 14:08:00,0
TX001036,AC1319,AC1013,1197.18,2026-07-08 14:13:00,0
TX001037,AC1534,AC1113,1785.48,2026-07-08 14:15:00,0
TX001038,AC1005,AC1058,1873.14,2026-07-08 14:15:00,0
TX001039,AC1199,AC1084,1450.31,2026-07-08 14:16:00,0
TX001040,AC1392,AC1263,2800.73,2026-07-08 14:20:00,0
TX001041,AC1355,AC1344,4076.1,2026-07-08 14:21:00,0
TX001042,AC1196,AC1033,2688.72,2026-07-08 14:26:00,0
TX001043,AC1512,AC1320,561.32,2026-07-08 14:39:00,0
TX001044,AC1323,AC1457,3038.05,2026-07-08 14:56:00,0
TX001045,AC1565,AC1308,1879.86,2026-07-08 14:57:00,0
TX001046,AC1090,AC1518,7131.07,2026-07-08 15:25:00,0
TX001047,AC1449,AC1133,4382.87,2026-07-08 15:32:00,0
TX001048,AC1495,AC1477,2425.17,2026-07-08 15:35:00,0
TX001049,AC1302,AC1090,1905.2,2026-07-08 15:36:00,0
TX001050,AC1515,AC1519,1394.0,2026-07-08 15:37:00,0
TX001051,AC1090,AC1047,2425.27,2026-07-08 15:40:00,0
TX001052,AC1285,AC1319,6151.67,2026-07-08 15:42:00,0
TX001053,AC1083,AC1360,2950.47,2026-07-08 15:50:00,0
TX001054,AC1036,AC1285,676.86,2026-07-08 15:54:00,0
TX001055,AC1396,AC1015,1651.17,2026-07-08 15:56:00,0
TX001056,AC1067,AC1344,4618.08,2026-07-08 15:59:00,0
TX001057,AC1533,AC1380,7970.42,2026-07-08 16:05:00,0
TX001058,AC1255,AC1389,4254.37,2026-07-08 16:11:00,0
TX001059,AC1575,AC1048,1778.71,2026-07-08 16:20:00,0
TX001060,AC1030,AC1347,1835.97,2026-07-08 16:23:00,0
TX001061,AC1379,AC1352,1905.11,2026-07-08 16:29:00,0
TX001062,AC1007,AC1067,2330.41,2026-07-08 16:30:00,0
TX001063,AC1055,AC1168,4666.67,2026-07-08 16:39:00,0
TX001064,AC1280,AC1575,1646.25,2026-07-08 16:51:00,0
TX001065,AC1457,AC1465,2485.39,2026-07-08 16:52:00,0
TX001066,AC1344,AC1108,4389.82,2026-07-08 16:57:00,0
TX001067,AC1285,AC1344,1315.76,2026-07-08 17:10:00,0
TX001068,AC1552,AC1037,2903.16,2026-07-08 17:11:00,0
TX001069,AC1199,AC1127,1624.1,2026-07-08 17:16:00,0
TX001070,AC1411,AC1255,2804.12,2026-07-08 17:21:00,0
TX001071,AC1344,AC1323,2618.65,2026-07-08 17:23:00,0
TX001072,AC1341,AC1036,2355.79,2026-07-08 17:37:00,0
TX001073,AC1288,AC1541,1097.17,2026-07-08 17:38:00,0
TX001074,AC1575,AC1490,2169.05,2026-07-08 17:41:00,0
TX001075,AC1534,AC1223,2482.94,2026-07-08 18:00:00,0
TX001076,AC1474,AC1364,1494.69,2026-07-08 18:03:00,0
TX001077,AC1212,AC1464,1776.46,2026-07-08 18:05:00,0
TX001078,AC1091,AC1491,1039.0,2026-07-08 18:08:00,0
TX001079,AC1246,AC1309,3688.83,2026-07-08 18:17:00,0
TX001080,AC1267,AC1159,1886.58,2026-07-08 18:32:00,0
TX001081,AC1580,AC1575,2627.15,2026-07-08 18:35:00,0
TX001082,AC1374,AC1148,1137.63,2026-07-08 18:59:00,0
TX001083,AC1469,AC1565,1474.32,2026-07-08 19:00:00,0
TX001084,AC1126,AC1321,4507.05,2026-07-08 19:02:00,0
TX001085,AC1024,AC1239,3957.85,2026-07-08 19:42:00,1
TX001086,AC1415,AC1487,2468.93,2026-07-08 19:48:00,0
TX001087,AC1411,AC1280,1381.76,2026-07-08 19:53:00,0
TX001088,AC1285,AC1234,6668.73,2026-07-08 20:25:00,0
TX001089,AC1063,AC1330,938.7,2026-07-08 20:28:00,0
TX001090,AC1090,AC1131,2157.53,2026-07-08 20:47:00,0
TX001091,AC1517,AC1488,3056.83,2026-07-08 20:53:00,0
TX001092,AC1165,AC1344,496.59,2026-07-08 21:58:00,0
TX001093,AC1395,AC1260,1754.56,2026-07-08 21:59:00,0
TX001094,AC1036,AC1082,2637.41,2026-07-08 22:25:00,0
TX001095,AC1316,AC1212,11765.33,2026-07-08 22:32:00,0
TX001096,AC1239,AC1002,3945.27,2026-07-09 00:29:00,1
TX001097,AC1002,AC1024,3949.75,2026-07-09 02:32:00,1
TX001098,AC1338,AC1239,3811.79,2026-07-09 06:25:00,0
TX001099,AC1448,AC1499,3641.27,2026-07-09 06:26:00,0
TX001100,AC1423,AC1420,5912.15,2026-07-09 06:30:00,0
TX001101,AC1233,AC1295,4926.8,2026-07-09 06:31:00,0
TX001102,AC1564,AC1063,875.78,2026-07-09 06:36:00,0
TX001103,AC1090,AC1429,1302.69,2026-07-09 07:15:00,0
TX001104,AC1095,AC1468,1571.65,2026-07-09 07:16:00,0
TX001105,AC1358,AC1285,1668.92,2026-07-09 07:26:00,0
TX001106,AC1130,AC1071,1679.64,2026-07-09 07:31:00,0
TX001107,AC1341,AC1565,3530.66,2026-07-09 07:57:00,0
TX001108,AC1510,AC1068,8399.75,2026-07-09 08:50:00,0
TX001109,AC1140,AC1013,5691.35,2026-07-09 08:57:00,0
TX001110,AC1001,AC1514,297.53,2026-07-09 09:23:00,0
TX001111,AC1114,AC1597,830.57,2026-07-09 09:24:00,0
TX001112,AC1484,AC1312,4803.51,2026-07-09 09:38:00,0
TX001113,AC1333,AC1212,1457.86,2026-07-09 09:40:00,0
TX001114,AC1043,AC1094,1284.75,2026-07-09 10:13:00,0
TX001115,AC1412,AC1447,7319.59,2026-07-09 10:21:00,0
TX001116,AC1285,AC1300,2698.39,2026-07-09 10:26:00,0
TX001117,AC1110,AC1230,7468.53,2026-07-09 10:34:00,0
TX001118,AC1106,AC1060,1360.83,2026-07-09 10:38:00,0
TX001119,AC1510,AC1360,1756.87,2026-07-09 10:44:00,0
TX001120,AC1379,AC1090,17217.0,2026-07-09 10:58:00,0
TX001121,AC1090,AC1414,1188.69,2026-07-09 11:00:00,0
TX001122,AC1526,AC1082,1951.79,2026-07-09 11:06:00,0
TX001123,AC1438,AC1192,1082.92,2026-07-09 11:16:00,0
TX001124,AC1409,AC1018,1354.23,2026-07-09 11:19:00,0
TX001125,AC1405,AC1348,1972.62,2026-07-09 11:27:00,0
TX001126,AC1510,AC1285,1664.55,2026-07-09 11:28:00,0
TX001127,AC1312,AC1565,3528.02,2026-07-09 11:37:00,0
TX001128,AC1024,AC1318,2306.99,2026-07-09 11:42:00,0
TX001129,AC1386,AC1448,3047.03,2026-07-09 11:44:00,0
TX001130,AC1237,AC1579,3783.31,2026-07-09 11:47:00,0
TX001131,AC1164,AC1449,2493.82,2026-07-09 11:52:00,0
TX001132,AC1565,AC1112,4051.73,2026-07-09 11:52:00,0
TX001133,AC1559,AC1246,3343.34,2026-07-09 12:03:00,0
TX001134,AC1486,AC1381,593.11,2026-07-09 12:25:00,0
TX001135,AC1207,AC1001,6285.23,2026-07-09 12:41:00,0
TX001136,AC1024,AC1239,3882.71,2026-07-09 12:51:00,1
TX001137,AC1285,AC1089,5159.43,2026-07-09 12:57:00,0
TX001138,AC1333,AC1216,492.76,2026-07-09 13:01:00,0
TX001139,AC1285,AC1541,6070.4,2026-07-09 13:06:00,0
TX001140,AC1591,AC1090,2376.42,2026-07-09 13:09:00,0
TX001141,AC1161,AC1565,2771.77,2026-07-09 13:13:00,0
TX001142,AC1044,AC1194,3107.03,2026-07-09 13:19:00,0
TX001143,AC1565,AC1433,1751.1,2026-07-09 13:23:00,0
TX001144,AC1551,AC1148,3357.67,2026-07-09 13:27:00,0
TX001145,AC1124,AC1392,715.88,2026-07-09 13:31:00,0
TX001146,AC1239,AC1002,3862.84,2026-07-09 13:35:00,1
TX001147,AC1491,AC1363,1450.44,2026-07-09 13:41:00,0
TX001148,AC1083,AC1075,6595.91,2026-07-09 13:41:00,0
TX001149,AC1044,AC1475,12878.75,2026-07-09 13:48:00,0
TX001150,AC1164,AC1587,2192.68,2026-07-09 13:48:00,0
TX001151,AC1372,AC1285,1392.69,2026-07-09 13:49:00,0
TX001152,AC1004,AC1356,3221.46,2026-07-09 13:50:00,0
TX001153,AC1285,AC1020,2614.26,2026-07-09 13:51:00,0
TX001154,AC1291,AC1344,2993.27,2026-07-09 13:54:00,0
TX001155,AC1206,AC1271,1480.53,2026-07-09 13:58:00,0
TX001156,AC1333,AC1384,5466.53,2026-07-09 14:10:00,0
TX001157,AC1078,AC1018,8854.58,2026-07-09 14:11:00,0
TX001158,AC1285,AC1589,1592.4,2026-07-09 14:14:00,0
TX001159,AC1584,AC1517,837.4,2026-07-09 14:21:00,0
TX001160,AC1208,AC1211,2330.04,2026-07-09 14:21:00,0
TX001161,AC1209,AC1333,5461.92,2026-07-09 14:22:00,0
TX001162,AC1261,AC1060,1273.79,2026-07-09 14:22:00,0
TX001163,AC1569,AC1421,933.14,2026-07-09 14:34:00,0
TX001164,AC1243,AC1223,2648.0,2026-07-09 14:38:00,0
TX001165,AC1196,AC1234,1855.69,2026-07-09 14:41:00,0
TX001166,AC1044,AC1065,2937.55,2026-07-09 14:50:00,0
TX001167,AC1387,AC1378,2276.17,2026-07-09 14:55:00,0
TX001168,AC1370,AC1533,1257.38,2026-07-09 14:59:00,0
TX001169,AC1285,AC1197,1727.51,2026-07-09 14:59:00,0
TX001170,AC1333,AC1163,5102.84,2026-07-09 15:02:00,0
TX001171,AC1443,AC1347,1598.68,2026-07-09 15:09:00,0
TX001172,AC1511,AC1051,6792.09,2026-07-09 15:14:00,0
TX001173,AC1219,AC1285,5322.24,2026-07-09 15:19:00,0
TX001174,AC1180,AC1316,5625.18,2026-07-09 15:24:00,0
TX001175,AC1001,AC1306,1197.21,2026-07-09 15:28:00,0
TX001176,AC1344,AC1191,1493.13,2026-07-09 15:28:00,0
TX001177,AC1351,AC1191,1038.55,2026-07-09 15:33:00,0
TX001178,AC1258,AC1342,2105.0,2026-07-09 15:40:00,0
TX001179,AC1018,AC1209,1404.1,2026-07-09 15:44:00,0
TX001180,AC1016,AC1018,1661.48,2026-07-09 15:53:00,0
TX001181,AC1535,AC1234,1691.7,2026-07-09 16:04:00,0
TX001182,AC1070,AC1488,6368.04,2026-07-09 16:06:00,0
TX001183,AC1539,AC1384,2307.14,2026-07-09 16:12:00,0
TX001184,AC1067,AC1379,5621.85,2026-07-09 16:17:00,0
TX001185,AC1089,AC1449,1364.68,2026-07-09 16:20:00,0
TX001186,AC1359,AC1533,892.56,2026-07-09 16:29:00,0
TX001187,AC1138,AC1473,2394.59,2026-07-09 16:30:00,0
TX001188,AC1315,AC1090,3730.33,2026-07-09 16:31:00,0
TX001189,AC1510,AC1344,3972.9,2026-07-09 16:37:00,0
TX001190,AC1197,AC1550,4849.87,2026-07-09 16:43:00,0
TX001191,AC1487,AC1044,4756.58,2026-07-09 16:49:00,0
TX001192,AC1333,AC1058,7130.59,2026-07-09 16:53:00,0
TX001193,AC1069,AC1344,6287.75,2026-07-09 16:57:00,0
TX001194,AC1510,AC1182,1527.03,2026-07-09 16:57:00,0
TX001195,AC1565,AC1095,765.6,2026-07-09 16:59:00,0
TX001196,AC1565,AC1197,7546.23,2026-07-09 17:03:00,0
TX001197,AC1212,AC1090,771.84,2026-07-09 17:09:00,0
TX001198,AC1002,AC1024,3878.24,2026-07-09 17:09:00,1
TX001199,AC1399,AC1128,3536.91,2026-07-09 17:30:00,0
TX001200,AC1019,AC1285,3729.17,2026-07-09 17:34:00,0
TX001201,AC1379,AC1376,1635.35,2026-07-09 17:47:00,0
TX001202,AC1488,AC1018,2863.47,2026-07-09 17:52:00,0
TX001203,AC1088,AC1197,1336.94,2026-07-09 17:59:00,0
TX001204,AC1344,AC1164,1577.31,2026-07-09 18:31:00,0
TX001205,AC1030,AC1215,1892.83,2026-07-09 18:32:00,0
TX001206,AC1506,AC1488,2905.11,2026-07-09 18:52:00,0
TX001207,AC1452,AC1250,5933.85,2026-07-09 19:29:00,0
TX001208,AC1399,AC1018,8379.87,2026-07-09 19:39:00,0
TX001209,AC1428,AC1573,4411.6,2026-07-09 20:04:00,0
TX001210,AC1182,AC1244,2349.39,2026-07-09 20:06:00,0
TX001211,AC1086,AC1347,5929.96,2026-07-09 20:13:00,0
TX001212,AC1063,AC1575,5038.5,2026-07-09 20:17:00,0
TX001213,AC1052,AC1018,3860.66,2026-07-09 20:49:00,0
TX001214,AC1349,AC1420,2117.59,2026-07-09 20:52:00,0
TX001215,AC1464,AC1215,10899.81,2026-07-09 20:59:00,0
TX001216,AC1218,AC1457,1115.45,2026-07-09 21:16:00,0
TX001217,AC1385,AC1285,1302.79,2026-07-09 21:29:00,0
TX001218,AC1345,AC1082,2491.77,2026-07-09 21:29:00,0
TX001219,AC1223,AC1152,2401.74,2026-07-09 21:56:00,0
TX001220,AC1344,AC1090,1330.42,2026-07-09 22:06:00,0
TX001221,AC1090,AC1481,2926.57,2026-07-10 06:07:00,0
TX001222,AC1285,AC1344,1753.02,2026-07-10 06:09:00,0
TX001223,AC1575,AC1122,5964.47,2026-07-10 06:11:00,0
TX001224,AC1070,AC1490,1899.44,2026-07-10 06:24:00,0
TX001225,AC1056,AC1285,650.18,2026-07-10 06:35:00,0
TX001226,AC1536,AC1194,2130.34,2026-07-10 06:41:00,0
TX001227,AC1182,AC1340,967.34,2026-07-10 06:44:00,0
TX001228,AC1212,AC1018,5906.84,2026-07-10 06:44:00,0
TX001229,AC1030,AC1507,713.52,2026-07-10 06:50:00,0
TX001230,AC1090,AC1082,2902.52,2026-07-10 06:54:00,0
TX001231,AC1429,AC1344,8287.4,2026-07-10 07:04:00,0
TX001232,AC1559,AC1228,2668.46,2026-07-10 07:19:00,0
TX001233,AC1002,AC1397,2833.01,2026-07-10 08:03:00,0
TX001234,AC1047,AC1030,10495.24,2026-07-10 08:18:00,0
TX001235,AC1387,AC1256,1418.81,2026-07-10 08:45:00,0
TX001236,AC1090,AC1392,8425.85,2026-07-10 09:13:00,0
TX001237,AC1084,AC1344,653.82,2026-07-10 09:27:00,0
TX001238,AC1182,AC1327,3887.94,2026-07-10 09:43:00,0
TX001239,AC1029,AC1386,6231.76,2026-07-10 09:45:00,0
TX001240,AC1201,AC1334,2045.19,2026-07-10 09:51:00,0
TX001241,AC1518,AC1410,763.35,2026-07-10 09:55:00,0
TX001242,AC1206,AC1109,2243.36,2026-07-10 09:55:00,0
TX001243,AC1596,AC1317,744.48,2026-07-10 10:06:00,0
TX001244,AC1090,AC1466,2146.24,2026-07-10 10:10:00,0
TX001245,AC1445,AC1285,1962.78,2026-07-10 10:16:00,0
TX001246,AC1430,AC1160,2116.51,2026-07-10 10:31:00,0
TX001247,AC1135,AC1597,17467.39,2026-07-10 10:36:00,0
TX001248,AC1079,AC1239,10302.22,2026-07-10 10:36:00,0
TX001249,AC1044,AC1344,1248.6,2026-07-10 10:42:00,0
TX001250,AC1090,AC1043,2523.1,2026-07-10 10:54:00,0
TX001251,AC1169,AC1285,1656.44,2026-07-10 10:59:00,0
TX001252,AC1502,AC1449,6933.24,2026-07-10 11:06:00,0
TX001253,AC1259,AC1177,838.02,2026-07-10 11:07:00,0
TX001254,AC1566,AC1540,4214.7,2026-07-10 11:13:00,0
TX001255,AC1436,AC1147,1873.87,2026-07-10 11:20:00,0
TX001256,AC1092,AC1565,1331.14,2026-07-10 11:21:00,0
TX001257,AC1020,AC1507,1420.8,2026-07-10 11:32:00,0
TX001258,AC1135,AC1130,2368.21,2026-07-10 11:36:00,0
TX001259,AC1285,AC1277,562.23,2026-07-10 11:42:00,0
TX001260,AC1424,AC1013,1889.56,2026-07-10 11:43:00,0
TX001261,AC1135,AC1508,9512.27,2026-07-10 11:43:00,0
TX001262,AC1275,AC1487,2132.94,2026-07-10 11:46:00,0
TX001263,AC1212,AC1211,3426.72,2026-07-10 11:50:00,0
TX001264,AC1285,AC1581,5433.59,2026-07-10 11:53:00,0
TX001265,AC1477,AC1508,447.66,2026-07-10 12:01:00,0
TX001266,AC1449,AC1067,1465.13,2026-07-10 12:03:00,0
TX001267,AC1418,AC1535,684.43,2026-07-10 12:05:00,0
TX001268,AC1565,AC1465,946.85,2026-07-10 12:08:00,0
TX001269,AC1191,AC1188,3248.45,2026-07-10 12:41:00,0
TX001270,AC1147,AC1588,4519.99,2026-07-10 12:48:00,0
TX001271,AC1514,AC1586,1696.5,2026-07-10 12:49:00,0
TX001272,AC1319,AC1364,3187.35,2026-07-10 13:02:00,0
TX001273,AC1207,AC1588,5302.54,2026-07-10 13:08:00,0
TX001274,AC1344,AC1565,7045.01,2026-07-10 13:08:00,0
TX001275,AC1179,AC1542,800.61,2026-07-10 13:10:00,0
TX001276,AC1359,AC1090,3729.97,2026-07-10 13:10:00,0
TX001277,AC1115,AC1321,4456.9,2026-07-10 13:14:00,0
TX001278,AC1565,AC1008,5871.87,2026-07-10 13:18:00,0
TX001279,AC1507,AC1129,3206.73,2026-07-10 13:21:00,0
TX001280,AC1485,AC1392,1818.33,2026-07-10 13:27:00,0
TX001281,AC1431,AC1372,2056.95,2026-07-10 13:34:00,0
TX001282,AC1293,AC1379,7757.4,2026-07-10 13:37:00,0
TX001283,AC1510,AC1263,1536.79,2026-07-10 13:37:00,0
TX001284,AC1379,AC1007,1157.16,2026-07-10 13:40:00,0
TX001285,AC1227,AC1578,1920.29,2026-07-10 14:01:00,0
TX001286,AC1333,AC1490,3317.86,2026-07-10 14:05:00,0
TX001287,AC1520,AC1537,934.78,2026-07-10 14:11:00,0
TX001288,AC1509,AC1575,4186.68,2026-07-10 14:14:00,0
TX001289,AC1463,AC1362,3021.09,2026-07-10 14:14:00,0
TX001290,AC1462,AC1516,3000.38,2026-07-10 14:19:00,0
TX001291,AC1376,AC1002,473.06,2026-07-10 14:31:00,0
TX001292,AC1344,AC1459,3533.68,2026-07-10 14:40:00,0
TX001293,AC1374,AC1067,2852.38,2026-07-10 14:44:00,0
TX001294,AC1184,AC1051,2016.63,2026-07-10 15:00:00,0
TX001295,AC1285,AC1105,3008.06,2026-07-10 15:11:00,0
TX001296,AC1445,AC1018,2523.19,2026-07-10 15:20:00,0
TX001297,AC1410,AC1341,4277.51,2026-07-10 15:27:00,0
TX001298,AC1182,AC1223,3780.55,2026-07-10 15:27:00,0
TX001299,AC1399,AC1335,8340.23,2026-07-10 15:39:00,0
TX001300,AC1273,AC1357,4169.0,2026-07-10 15:49:00,0
TX001301,AC1418,AC1565,7508.41,2026-07-10 15:50:00,0
TX001302,AC1323,AC1535,2861.2,2026-07-10 15:50:00,0
TX001303,AC1274,AC1514,2840.17,2026-07-10 15:51:00,0
TX001304,AC1531,AC1090,5848.43,2026-07-10 15:51:00,0
TX001305,AC1161,AC1344,2324.49,2026-07-10 15:54:00,0
TX001306,AC1466,AC1547,3739.83,2026-07-10 16:04:00,0
TX001307,AC1197,AC1016,13876.33,2026-07-10 16:06:00,0
TX001308,AC1368,AC1421,2181.08,2026-07-10 16:16:00,0
TX001309,AC1341,AC1474,908.4,2026-07-10 16:21:00,0
TX001310,AC1584,AC1063,2988.73,2026-07-10 16:31:00,0
TX001311,AC1018,AC1059,862.39,2026-07-10 16:36:00,0
TX001312,AC1084,AC1371,1323.85,2026-07-10 16:52:00,0
TX001313,AC1062,AC1395,1741.39,2026-07-10 17:00:00,0
TX001314,AC1557,AC1340,4918.35,2026-07-10 17:05:00,0
TX001315,AC1589,AC1387,10633.96,2026-07-10 17:07:00,0
TX001316,AC1274,AC1344,2050.27,2026-07-10 17:23:00,0
TX001317,AC1201,AC1151,4753.14,2026-07-10 17:26:00,0
TX001318,AC1026,AC1565,1540.19,2026-07-10 17:28:00,0
TX001319,AC1569,AC1379,1472.48,2026-07-10 17:38:00,0
TX001320,AC1255,AC1055,1150.54,2026-07-10 17:38:00,0
TX001321,AC1018,AC1113,1897.1,2026-07-10 17:52:00,0
TX001322,AC1333,AC1411,1240.97,2026-07-10 17:54:00,0
TX001323,AC1061,AC1485,2161.52,2026-07-10 17:55:00,0
TX001324,AC1090,AC1568,3626.78,2026-07-10 17:55:00,0
TX001325,AC1415,AC1244,2058.64,2026-07-10 18:07:00,0
TX001326,AC1029,AC1384,1230.12,2026-07-10 18:08:00,0
TX001327,AC1316,AC1482,2747.36,2026-07-10 18:13:00,0
TX001328,AC1438,AC1088,670.71,2026-07-10 18:21:00,0
TX001329,AC1345,AC1329,1778.08,2026-07-10 18:23:00,0
TX001330,AC1379,AC1334,2365.57,2026-07-10 18:23:00,0
TX001331,AC1285,AC1033,4258.43,2026-07-10 18:59:00,0
TX001332,AC1212,AC1372,2385.08,2026-07-10 19:18:00,0
TX001333,AC1344,AC1510,3006.17,2026-07-10 19:27:00,0
TX001334,AC1140,AC1520,6228.17,2026-07-10 19:35:00,0
TX001335,AC1090,AC1285,3007.75,2026-07-10 19:48:00,0
TX001336,AC1008,AC1285,3729.76,2026-07-10 19:58:00,0
TX001337,AC1515,AC1553,3093.47,2026-07-10 20:00:00,0
TX001338,AC1129,AC1052,1079.24,2026-07-10 20:07:00,0
TX001339,AC1565,AC1438,9024.5,2026-07-10 20:08:00,0
TX001340,AC1094,AC1090,3976.93,2026-07-10 20:17:00,0
TX001341,AC1007,AC1487,1807.27,2026-07-10 20:43:00,0
TX001342,AC1274,AC1246,4197.94,2026-07-10 20:55:00,0
TX001343,AC1438,AC1586,2162.31,2026-07-10 21:28:00,0
TX001344,AC1314,AC1492,1623.86,2026-07-10 21:51:00,0
TX001345,AC1355,AC1558,2235.77,2026-07-10 21:52:00,0
TX001346,AC1164,AC1223,3142.57,2026-07-10 22:07:00,0
TX001347,AC1381,AC1213,978.91,2026-07-10 22:20:00,0
TX001348,AC1510,AC1115,2129.69,2026-07-10 22:29:00,0
TX001349,AC1445,AC1285,3777.22,2026-07-10 22:32:00,0
TX001350,AC1565,AC1488,8174.58,2026-07-10 22:41:00,0
TX001351,AC1483,AC1448,2115.21,2026-07-10 22:58:00,0
TX001352,AC1249,AC1285,905.11,2026-07-11 06:13:00,0
TX001353,AC1344,AC1031,3311.88,2026-07-11 06:28:00,0
TX001354,AC1037,AC1012,7337.13,2026-07-11 06:41:00,0
TX001355,AC1323,AC1272,14721.45,2026-07-11 06:44:00,0
TX001356,AC1061,AC1245,2161.74,2026-07-11 06:46:00,0
TX001357,AC1358,AC1361,3208.64,2026-07-11 07:08:00,0
TX001358,AC1488,AC1199,1247.15,2026-07-11 07:30:00,0
TX001359,AC1072,AC1321,494.34,2026-07-11 07:47:00,0
TX001360,AC1359,AC1254,1173.62,2026-07-11 08:15:00,0
TX001361,AC1090,AC1378,2209.45,2026-07-11 08:21:00,0
TX001362,AC1386,AC1565,432.26,2026-07-11 08:38:00,0
TX001363,AC1246,AC1289,2791.73,2026-07-11 09:05:00,0
TX001364,AC1565,AC1002,1919.71,2026-07-11 09:10:00,0
TX001365,AC1349,AC1466,4361.14,2026-07-11 09:14:00,0
TX001366,AC1057,AC1381,671.98,2026-07-11 09:19:00,0
TX001367,AC1018,AC1400,960.33,2026-07-11 09:26:00,0
TX001368,AC1318,AC1230,2660.9,2026-07-11 09:30:00,0
TX001369,AC1510,AC1164,5922.64,2026-07-11 09:32:00,0
TX001370,AC1090,AC1147,4520.98,2026-07-11 09:34:00,0
TX001371,AC1126,AC1090,643.72,2026-07-11 09:40:00,0
TX001372,AC1234,AC1063,5791.43,2026-07-11 09:45:00,0
TX001373,AC1076,AC1422,2958.78,2026-07-11 09:50:00,0
TX001374,AC1158,AC1018,3034.93,2026-07-11 09:52:00,0
TX001375,AC1030,AC1334,1284.21,2026-07-11 10:08:00,0
TX001376,AC1585,AC1285,1787.32,2026-07-11 10:09:00,0
TX001377,AC1504,AC1285,1136.15,2026-07-11 10:12:00,0
TX001378,AC1454,AC1400,6550.83,2026-07-11 10:16:00,0
TX001379,AC1083,AC1042,2720.58,2026-07-11 10:21:00,0
TX001380,AC1026,AC1049,1599.66,2026-07-11 10:23:00,0
TX001381,AC1567,AC1344,15423.95,2026-07-11 10:25:00,0
TX001382,AC1220,AC1491,3851.37,2026-07-11 10:39:00,0
TX001383,AC1344,AC1285,9135.78,2026-07-11 10:42:00,0
TX001384,AC1131,AC1242,532.24,2026-07-11 11:00:00,0
TX001385,AC1561,AC1289,3530.78,2026-07-11 11:19:00,0
TX001386,AC1193,AC1395,2902.33,2026-07-11 11:21:00,0
TX001387,AC1440,AC1380,2350.03,2026-07-11 11:24:00,0
TX001388,AC1543,AC1344,2007.16,2026-07-11 11:25:00,0
TX001389,AC1218,AC1225,1680.96,2026-07-11 11:35:00,0
TX001390,AC1383,AC1337,1305.68,2026-07-11 11:38:00,0
TX001391,AC1285,AC1302,3995.59,2026-07-11 11:48:00,0
TX001392,AC1342,AC1344,1376.89,2026-07-11 11:49:00,0
TX001393,AC1227,AC1121,10996.02,2026-07-11 11:51:00,0
TX001394,AC1578,AC1094,1907.17,2026-07-11 11:52:00,0
TX001395,AC1018,AC1436,1521.84,2026-07-11 11:53:00,0
TX001396,AC1379,AC1202,4923.57,2026-07-11 11:57:00,0
TX001397,AC1142,AC1584,1170.08,2026-07-11 11:57:00,0
TX001398,AC1011,AC1004,1672.5,2026-07-11 12:00:00,0
TX001399,AC1344,AC1155,2145.59,2026-07-11 12:07:00,0
TX001400,AC1463,AC1122,1894.6,2026-07-11 12:10:00,0
TX001401,AC1523,AC1109,4111.72,2026-07-11 12:10:00,0
TX001402,AC1481,AC1305,2895.47,2026-07-11 12:18:00,0
TX001403,AC1551,AC1126,1671.08,2026-07-11 12:37:00,0
TX001404,AC1310,AC1079,1616.8,2026-07-11 12:46:00,0
TX001405,AC1551,AC1005,617.96,2026-07-11 12:53:00,0
TX001406,AC1369,AC1147,5456.04,2026-07-11 12:54:00,0
TX001407,AC1209,AC1254,1732.0,2026-07-11 12:58:00,0
TX001408,AC1188,AC1421,2753.93,2026-07-11 12:59:00,0
TX001409,AC1279,AC1388,897.32,2026-07-11 13:00:00,0
TX001410,AC1090,AC1537,2080.84,2026-07-11 13:02:00,0
TX001411,AC1251,AC1044,211.74,2026-07-11 13:12:00,0
TX001412,AC1070,AC1332,3349.94,2026-07-11 13:20:00,0
TX001413,AC1234,AC1539,1087.51,2026-07-11 13:21:00,0
TX001414,AC1316,AC1344,2678.65,2026-07-11 13:21:00,0
TX001415,AC1344,AC1565,1047.81,2026-07-11 13:28:00,0
TX001416,AC1285,AC1086,4095.2,2026-07-11 13:34:00,0
TX001417,AC1025,AC1011,2418.76,2026-07-11 13:51:00,0
TX001418,AC1056,AC1090,3890.17,2026-07-11 13:52:00,0
TX001419,AC1388,AC1565,956.91,2026-07-11 13:59:00,0
TX001420,AC1480,AC1565,610.45,2026-07-11 14:01:00,0
TX001421,AC1417,AC1558,2599.69,2026-07-11 14:06:00,0
TX001422,AC1591,AC1575,1841.13,2026-07-11 14:07:00,0
TX001423,AC1584,AC1572,2668.72,2026-07-11 14:08:00,0
TX001424,AC1367,AC1424,1484.18,2026-07-11 14:20:00,0
TX001425,AC1090,AC1297,943.26,2026-07-11 14:24:00,0
TX001426,AC1285,AC1549,755.44,2026-07-11 14:24:00,0
TX001427,AC1488,AC1522,2687.42,2026-07-11 14:39:00,0
TX001428,AC1159,AC1243,3168.07,2026-07-11 14:48:00,0
TX001429,AC1464,AC1470,1574.54,2026-07-11 14:50:00,0
TX001430,AC1565,AC1182,9512.99,2026-07-11 14:56:00,0
TX001431,AC1588,AC1438,1537.36,2026-07-11 15:08:00,0
TX001432,AC1429,AC1497,3127.82,2026-07-11 15:14:00,0
TX001433,AC1006,AC1218,3256.59,2026-07-11 15:15:00,0
TX001434,AC1541,AC1512,2639.08,2026-07-11 15:21:00,0
TX001435,AC1385,AC1534,5410.42,2026-07-11 15:22:00,0
TX001436,AC1366,AC1237,1870.21,2026-07-11 15:29:00,0
TX001437,AC1546,AC1550,3861.39,2026-07-11 15:33:00,0
TX001438,AC1378,AC1433,1169.92,2026-07-11 15:36:00,0
TX001439,AC1392,AC1397,4133.28,2026-07-11 15:40:00,0
TX001440,AC1042,AC1421,2938.77,2026-07-11 15:42:00,0
TX001441,AC1090,AC1056,3088.74,2026-07-11 15:47:00,0
TX001442,AC1045,AC1285,858.19,2026-07-11 15:57:00,0
TX001443,AC1090,AC1511,1881.02,2026-07-11 16:10:00,0
TX001444,AC1197,AC1411,1099.58,2026-07-11 16:29:00,0
TX001445,AC1225,AC1211,2024.65,2026-07-11 16:33:00,0
TX001446,AC1335,AC1333,10937.01,2026-07-11 16:37:00,0
TX001447,AC1085,AC1106,8905.4,2026-07-11 16:43:00,0
TX001448,AC1005,AC1406,3560.85,2026-07-11 16:55:00,0
TX001449,AC1212,AC1568,2496.17,2026-07-11 17:04:00,0
TX001450,AC1356,AC1074,2852.48,2026-07-11 17:16:00,0
TX001451,AC1344,AC1501,1864.43,2026-07-11 17:27:00,0
TX001452,AC1018,AC1526,878.8,2026-07-11 17:29:00,0
TX001453,AC1337,AC1585,4973.94,2026-07-11 17:37:00,0
TX001454,AC1001,AC1113,1295.26,2026-07-11 17:50:00,0
TX001455,AC1084,AC1431,1438.65,2026-07-11 17:58:00,0
TX001456,AC1580,AC1546,3014.37,2026-07-11 18:14:00,0
TX001457,AC1122,AC1164,2470.85,2026-07-11 18:30:00,0
TX001458,AC1554,AC1218,5271.24,2026-07-11 18:30:00,0
TX001459,AC1266,AC1546,19195.98,2026-07-11 18:45:00,0
TX001460,AC1554,AC1392,7205.66,2026-07-11 18:54:00,0
TX001461,AC1558,AC1037,1618.61,2026-07-11 18:56:00,0
TX001462,AC1211,AC1488,3432.58,2026-07-11 19:06:00,0
TX001463,AC1323,AC1089,4911.41,2026-07-11 19:21:00,0
TX001464,AC1223,AC1532,5942.77,2026-07-11 19:30:00,0
TX001465,AC1067,AC1081,2372.3,2026-07-11 19:55:00,0
TX001466,AC1565,AC1475,2859.67,2026-07-11 20:56:00,0
TX001467,AC1503,AC1575,612.64,2026-07-11 21:10:00,0
TX001468,AC1344,AC1559,1563.66,2026-07-11 21:25:00,0
TX001469,AC1534,AC1026,1780.27,2026-07-11 22:09:00,0
TX001470,AC1449,AC1447,5744.97,2026-07-11 23:26:00,1
TX001471,AC1293,AC1447,6011.64,2026-07-12 02:13:00,1
TX001472,AC1583,AC1447,6127.54,2026-07-12 04:48:00,1
TX001473,AC1025,AC1447,5817.46,2026-07-12 05:26:00,1
TX001474,AC1149,AC1447,6315.92,2026-07-12 05:52:00,1
TX001475,AC1156,AC1212,3240.02,2026-07-12 06:10:00,0
TX001476,AC1246,AC1392,2416.3,2026-07-12 06:13:00,0
TX001477,AC1336,AC1209,3222.84,2026-07-12 06:13:00,0
TX001478,AC1198,AC1090,1066.04,2026-07-12 06:16:00,0
TX001479,AC1442,AC1482,2327.66,2026-07-12 06:23:00,0
TX001480,AC1285,AC1264,1422.14,2026-07-12 06:28:00,0
TX001481,AC1439,AC1228,2781.23,2026-07-12 06:37:00,0
TX001482,AC1197,AC1348,448.85,2026-07-12 06:37:00,0
TX001483,AC1329,AC1522,1873.69,2026-07-12 06:40:00,0
TX001484,AC1344,AC1378,2935.77,2026-07-12 06:40:00,0
TX001485,AC1367,AC1559,1845.39,2026-07-12 06:42:00,0
TX001486,AC1150,AC1445,2681.23,2026-07-12 06:43:00,0
TX001487,AC1487,AC1044,5490.16,2026-07-12 06:52:00,0
TX001488,AC1563,AC1344,6127.27,2026-07-12 06:52:00,0
TX001489,AC1212,AC1156,1777.67,2026-07-12 07:07:00,0
TX001490,AC1392,AC1053,983.92,2026-07-12 07:10:00,0
TX001491,AC1408,AC1090,2709.44,2026-07-12 07:41:00,0
TX001492,AC1482,AC1447,6199.2,2026-07-12 07:44:00,1
TX001493,AC1013,AC1285,3167.45,2026-07-12 07:50:00,0
TX001494,AC1262,AC1285,1085.89,2026-07-12 07:51:00,0
TX001495,AC1465,AC1067,7188.04,2026-07-12 07:52:00,0
TX001496,AC1314,AC1090,1940.2,2026-07-12 07:56:00,0
TX001497,AC1135,AC1338,3811.38,2026-07-12 08:16:00,0
TX001498,AC1344,AC1511,6202.12,2026-07-12 08:31:00,0
TX001499,AC1051,AC1396,2156.28,2026-07-12 08:31:00,0
TX001500,AC1479,AC1450,2196.75,2026-07-12 08:33:00,0
TX001501,AC1389,AC1396,634.09,2026-07-12 08:35:00,0
TX001502,AC1127,AC1081,1101.41,2026-07-12 09:17:00,0
TX001503,AC1584,AC1244,1939.16,2026-07-12 09:24:00,0
TX001504,AC1116,AC1256,5101.2,2026-07-12 09:32:00,0
TX001505,AC1575,AC1448,3355.57,2026-07-12 09:39:00,0
TX001506,AC1465,AC1504,4391.55,2026-07-12 09:41:00,0
TX001507,AC1031,AC1593,3258.0,2026-07-12 09:48:00,0
TX001508,AC1205,AC1335,1666.3,2026-07-12 09:49:00,0
TX001509,AC1044,AC1165,5569.8,2026-07-12 09:51:00,0
TX001510,AC1169,AC1221,2129.58,2026-07-12 09:56:00,0
TX001511,AC1367,AC1544,2797.43,2026-07-12 10:20:00,0
TX001512,AC1202,AC1306,4143.76,2026-07-12 10:21:00,0
TX001513,AC1285,AC1390,1420.16,2026-07-12 10:32:00,0
TX001514,AC1359,AC1344,2012.43,2026-07-12 10:32:00,0
TX001515,AC1413,AC1154,8091.8,2026-07-12 10:41:00,0
TX001516,AC1354,AC1565,638.81,2026-07-12 10:45:00,0
TX001517,AC1122,AC1203,5331.05,2026-07-12 10:51:00,0
TX001518,AC1507,AC1396,1955.04,2026-07-12 10:55:00,0
TX001519,AC1288,AC1500,2974.45,2026-07-12 10:59:00,0
TX001520,AC1487,AC1379,3400.03,2026-07-12 11:11:00,0
TX001521,AC1289,AC1581,3259.02,2026-07-12 11:13:00,0
TX001522,AC1559,AC1392,909.43,2026-07-12 11:17:00,0
TX001523,AC1565,AC1321,2698.79,2026-07-12 11:18:00,0
TX001524,AC1465,AC1285,5294.22,2026-07-12 11:19:00,0
TX001525,AC1554,AC1344,2477.31,2026-07-12 11:28:00,0
TX001526,AC1497,AC1323,2527.48,2026-07-12 11:41:00,0
TX001527,AC1257,AC1518,2858.2,2026-07-12 11:42:00,0
TX001528,AC1421,AC1026,1793.42,2026-07-12 11:45:00,0
TX001529,AC1542,AC1560,3322.68,2026-07-12 11:46:00,0
TX001530,AC1433,AC1200,2496.64,2026-07-12 11:56:00,0
TX001531,AC1070,AC1457,1329.3,2026-07-12 11:58:00,0
TX001532,AC1242,AC1222,2878.81,2026-07-12 12:21:00,0
TX001533,AC1398,AC1344,2818.22,2026-07-12 12:22:00,0
TX001534,AC1018,AC1347,4478.31,2026-07-12 12:37:00,0
TX001535,AC1001,AC1250,6602.0,2026-07-12 12:44:00,0
TX001536,AC1333,AC1088,2704.52,2026-07-12 12:59:00,0
TX001537,AC1471,AC1046,1283.64,2026-07-12 13:05:00,0
TX001538,AC1239,AC1261,1911.18,2026-07-12 13:06:00,0
TX001539,AC1533,AC1520,6652.51,2026-07-12 13:06:00,0
TX001540,AC1120,AC1365,1749.02,2026-07-12 13:07:00,0
TX001541,AC1285,AC1083,3176.02,2026-07-12 13:07:00,0
TX001542,AC1494,AC1115,1026.7,2026-07-12 13:08:00,0
TX001543,AC1374,AC1490,8676.24,2026-07-12 13:17:00,0
TX001544,AC1043,AC1218,6281.24,2026-07-12 13:18:00,0
TX001545,AC1139,AC1372,2427.38,2026-07-12 13:20:00,0
TX001546,AC1164,AC1293,2027.71,2026-07-12 13:24:00,0
TX001547,AC1061,AC1466,6181.88,2026-07-12 13:36:00,0
TX001548,AC1422,AC1591,1587.91,2026-07-12 13:38:00,0
TX001549,AC1288,AC1234,1811.13,2026-07-12 13:40:00,0
TX001550,AC1538,AC1565,4246.43,2026-07-12 13:47:00,0
TX001551,AC1413,AC1505,2195.74,2026-07-12 13:49:00,0
TX001552,AC1285,AC1119,6262.51,2026-07-12 13:53:00,0
TX001553,AC1384,AC1395,1372.26,2026-07-12 13:55:00,0
TX001554,AC1285,AC1314,912.03,2026-07-12 14:12:00,0
TX001555,AC1450,AC1495,2607.96,2026-07-12 14:16:00,0
TX001556,AC1100,AC1056,1915.4,2026-07-12 14:20:00,0
TX001557,AC1547,AC1344,749.23,2026-07-12 14:29:00,0
TX001558,AC1523,AC1582,8374.69,2026-07-12 14:34:00,0
TX001559,AC1090,AC1359,4844.77,2026-07-12 14:35:00,0
TX001560,AC1175,AC1530,1316.13,2026-07-12 14:37:00,0
TX001561,AC1264,AC1042,1585.11,2026-07-12 14:40:00,0
TX001562,AC1396,AC1285,1622.89,2026-07-12 14:41:00,0
TX001563,AC1397,AC1122,654.46,2026-07-12 14:43:00,0
TX001564,AC1569,AC1591,1672.99,2026-07-12 14:45:00,0
TX001565,AC1036,AC1490,1207.83,2026-07-12 14:53:00,0
TX001566,AC1314,AC1267,838.42,2026-07-12 15:00:00,0
TX001567,AC1438,AC1565,1203.28,2026-07-12 15:08:00,0
TX001568,AC1090,AC1562,3822.93,2026-07-12 15:14:00,0
TX001569,AC1095,AC1586,1870.71,2026-07-12 15:15:00,0
TX001570,AC1344,AC1565,1797.41,2026-07-12 15:18:00,0
TX001571,AC1379,AC1028,1738.24,2026-07-12 15:24:00,0
TX001572,AC1252,AC1260,594.32,2026-07-12 15:25:00,0
TX001573,AC1185,AC1123,3353.03,2026-07-12 15:29:00,0
TX001574,AC1314,AC1030,2384.66,2026-07-12 15:42:00,0
TX001575,AC1052,AC1431,1050.73,2026-07-12 15:44:00,0
TX001576,AC1447,AC1553,34768.07,2026-07-12 15:44:00,1
TX001577,AC1329,AC1342,2563.21,2026-07-12 15:45:00,0
TX001578,AC1245,AC1367,2208.79,2026-07-12 15:52:00,0
TX001579,AC1390,AC1490,5823.17,2026-07-12 15:54:00,0
TX001580,AC1026,AC1430,4062.24,2026-07-12 15:57:00,0
TX001581,AC1391,AC1244,1047.05,2026-07-12 15:57:00,0
TX001582,AC1344,AC1018,4833.14,2026-07-12 16:02:00,0
TX001583,AC1234,AC1167,1319.59,2026-07-12 16:10:00,0
TX001584,AC1507,AC1090,916.42,2026-07-12 16:23:00,0
TX001585,AC1044,AC1215,688.65,2026-07-12 16:30:00,0
TX001586,AC1229,AC1569,1203.02,2026-07-12 16:36:00,0
TX001587,AC1218,AC1344,3963.32,2026-07-12 16:41:00,0
TX001588,AC1198,AC1141,3944.73,2026-07-12 16:58:00,0
TX001589,AC1364,AC1051,963.16,2026-07-12 17:01:00,0
TX001590,AC1424,AC1337,240.53,2026-07-12 17:21:00,0
TX001591,AC1156,AC1176,1542.93,2026-07-12 17:33:00,0
TX001592,AC1263,AC1425,2798.2,2026-07-12 17:41:00,0
TX001593,AC1164,AC1313,7179.18,2026-07-12 17:50:00,0
TX001594,AC1472,AC1378,5238.14,2026-07-12 18:20:00,0
TX001595,AC1581,AC1545,5669.08,2026-07-12 18:28:00,0
TX001596,AC1173,AC1526,2415.91,2026-07-12 18:36:00,0
TX001597,AC1442,AC1199,3113.6,2026-07-12 18:42:00,0
TX001598,AC1467,AC1194,1980.19,2026-07-12 19:26:00,0
TX001599,AC1297,AC1550,4389.55,2026-07-12 19:29:00,0
TX001600,AC1067,AC1347,5628.62,2026-07-12 19:39:00,0
TX001601,AC1344,AC1323,1105.68,2026-07-12 19:44:00,0
TX001602,AC1008,AC1246,7527.19,2026-07-12 21:27:00,0
TX001603,AC1385,AC1020,725.97,2026-07-12 21:43:00,0
TX001604,AC1285,AC1115,2970.87,2026-07-12 22:21:00,0
TX001605,AC1597,AC1356,4506.07,2026-07-12 22:34:00,0
TX001606,AC1212,AC1157,3991.0,2026-07-13 06:09:00,0
TX001607,AC1138,AC1239,3466.0,2026-07-13 06:21:00,0
TX001608,AC1451,AC1344,645.82,2026-07-13 06:21:00,0
TX001609,AC1463,AC1193,2887.71,2026-07-13 06:35:00,0
TX001610,AC1565,AC1332,3075.05,2026-07-13 07:21:00,0
TX001611,AC1163,AC1550,1387.51,2026-07-13 07:22:00,0
TX001612,AC1019,AC1427,1846.44,2026-07-13 07:23:00,0
TX001613,AC1083,AC1546,2321.31,2026-07-13 07:41:00,0
TX001614,AC1344,AC1008,9719.61,2026-07-13 07:47:00,0
TX001615,AC1090,AC1231,4292.51,2026-07-13 07:55:00,0
TX001616,AC1314,AC1415,4007.86,2026-07-13 07:56:00,0
TX001617,AC1572,AC1262,897.32,2026-07-13 08:12:00,0
TX001618,AC1026,AC1527,4742.77,2026-07-13 08:27:00,0
TX001619,AC1488,AC1384,6707.55,2026-07-13 08:58:00,0
TX001620,AC1487,AC1112,1427.08,2026-07-13 09:11:00,0
TX001621,AC1379,AC1594,2059.85,2026-07-13 09:19:00,0
TX001622,AC1294,AC1571,7601.16,2026-07-13 09:20:00,0
TX001623,AC1055,AC1581,2669.32,2026-07-13 09:33:00,0
TX001624,AC1482,AC1427,1599.06,2026-07-13 10:17:00,0
TX001625,AC1571,AC1461,566.5,2026-07-13 10:20:00,0
TX001626,AC1455,AC1026,6973.46,2026-07-13 10:22:00,0
TX001627,AC1524,AC1597,4234.39,2026-07-13 10:24:00,0
TX001628,AC1090,AC1044,2258.34,2026-07-13 10:30:00,0
TX001629,AC1422,AC1188,5157.32,2026-07-13 10:30:00,0
TX001630,AC1333,AC1052,5132.44,2026-07-13 10:33:00,0
TX001631,AC1475,AC1231,3226.67,2026-07-13 10:51:00,0
TX001632,AC1255,AC1464,2039.14,2026-07-13 11:00:00,0
TX001633,AC1048,AC1101,816.14,2026-07-13 11:03:00,0
TX001634,AC1361,AC1291,1711.26,2026-07-13 11:11:00,0
TX001635,AC1197,AC1053,5965.91,2026-07-13 11:15:00,0
TX001636,AC1185,AC1508,1593.82,2026-07-13 11:19:00,0
TX001637,AC1557,AC1504,437.96,2026-07-13 11:22:00,0
TX001638,AC1257,AC1100,3103.0,2026-07-13 11:25:00,0
TX001639,AC1199,AC1556,1331.62,2026-07-13 11:34:00,0
TX001640,AC1344,AC1487,1910.65,2026-07-13 11:37:00,0
TX001641,AC1278,AC1211,9197.55,2026-07-13 11:37:00,0
TX001642,AC1008,AC1189,1948.44,2026-07-13 11:45:00,0
TX001643,AC1222,AC1061,3646.47,2026-07-13 11:56:00,0
TX001644,AC1090,AC1321,4792.56,2026-07-13 11:57:00,0
TX001645,AC1460,AC1037,2253.33,2026-07-13 12:13:00,0
TX001646,AC1191,AC1285,5310.81,2026-07-13 12:22:00,0
TX001647,AC1598,AC1466,4078.07,2026-07-13 12:24:00,0
TX001648,AC1119,AC1070,1525.59,2026-07-13 12:27:00,0
TX001649,AC1270,AC1176,804.1,2026-07-13 12:39:00,0
TX001650,AC1477,AC1415,1271.37,2026-07-13 12:48:00,0
TX001651,AC1053,AC1511,6444.41,2026-07-13 12:50:00,0
TX001652,AC1030,AC1197,1494.55,2026-07-13 12:53:00,0
TX001653,AC1103,AC1433,1343.41,2026-07-13 12:58:00,0
TX001654,AC1559,AC1289,1620.51,2026-07-13 13:00:00,0
TX001655,AC1147,AC1487,8950.21,2026-07-13 13:00:00,0
TX001656,AC1272,AC1052,8173.62,2026-07-13 13:05:00,0
TX001657,AC1535,AC1540,1540.09,2026-07-13 13:07:00,0
TX001658,AC1438,AC1327,6809.47,2026-07-13 13:15:00,0
TX001659,AC1540,AC1225,2870.72,2026-07-13 13:16:00,0
TX001660,AC1285,AC1564,2876.68,2026-07-13 13:37:00,0
TX001661,AC1285,AC1004,4143.24,2026-07-13 13:56:00,0
TX001662,AC1094,AC1246,3956.41,2026-07-13 13:59:00,0
TX001663,AC1488,AC1348,442.88,2026-07-13 13:59:00,0
TX001664,AC1392,AC1496,1337.22,2026-07-13 14:04:00,0
TX001665,AC1018,AC1378,1909.29,2026-07-13 14:11:00,0
TX001666,AC1584,AC1004,3103.85,2026-07-13 14:11:00,0
TX001667,AC1275,AC1392,1069.21,2026-07-13 14:16:00,0
TX001668,AC1344,AC1190,5172.89,2026-07-13 14:17:00,0
TX001669,AC1517,AC1047,788.55,2026-07-13 14:20:00,0
TX001670,AC1438,AC1508,1382.54,2026-07-13 14:22:00,0
TX001671,AC1452,AC1264,1015.23,2026-07-13 14:24:00,0
TX001672,AC1528,AC1443,1583.88,2026-07-13 14:40:00,0
TX001673,AC1388,AC1170,2753.39,2026-07-13 14:41:00,0
TX001674,AC1343,AC1101,1597.9,2026-07-13 14:50:00,0
TX001675,AC1367,AC1191,2191.8,2026-07-13 14:51:00,0
TX001676,AC1289,AC1074,1192.33,2026-07-13 14:52:00,0
TX001677,AC1073,AC1507,1095.67,2026-07-13 14:53:00,0
TX001678,AC1346,AC1175,2549.6,2026-07-13 14:54:00,0
TX001679,AC1090,AC1177,8229.81,2026-07-13 14:55:00,0
TX001680,AC1575,AC1090,2144.99,2026-07-13 15:03:00,0
TX001681,AC1523,AC1535,5973.69,2026-07-13 15:16:00,0
TX001682,AC1120,AC1399,1004.91,2026-07-13 15:22:00,0
TX001683,AC1365,AC1408,1546.72,2026-07-13 15:23:00,0
TX001684,AC1289,AC1244,1186.25,2026-07-13 15:24:00,0
TX001685,AC1284,AC1310,2684.58,2026-07-13 15:25:00,0
TX001686,AC1285,AC1214,1385.96,2026-07-13 15:28:00,0
TX001687,AC1164,AC1556,7764.19,2026-07-13 15:37:00,0
TX001688,AC1069,AC1521,980.6,2026-07-13 15:55:00,0
TX001689,AC1083,AC1375,4053.95,2026-07-13 15:57:00,0
TX001690,AC1089,AC1289,1904.16,2026-07-13 16:07:00,0
TX001691,AC1458,AC1079,1839.66,2026-07-13 16:10:00,0
TX001692,AC1454,AC1484,5249.18,2026-07-13 16:15:00,0
TX001693,AC1532,AC1352,2100.86,2026-07-13 16:17:00,0
TX001694,AC1170,AC1565,3128.51,2026-07-13 16:18:00,0
TX001695,AC1547,AC1285,498.27,2026-07-13 16:28:00,0
TX001696,AC1002,AC1283,1884.64,2026-07-13 16:34:00,0
TX001697,AC1475,AC1517,854.47,2026-07-13 16:40:00,0
TX001698,AC1090,AC1510,1479.78,2026-07-13 16:41:00,0
TX001699,AC1221,AC1117,10925.99,2026-07-13 16:42:00,0
TX001700,AC1090,AC1318,1301.38,2026-07-13 16:49:00,0
TX001701,AC1135,AC1576,2447.38,2026-07-13 16:54:00,0
TX001702,AC1199,AC1074,2378.31,2026-07-13 17:02:00,0
TX001703,AC1285,AC1078,2363.64,2026-07-13 17:07:00,0
TX001704,AC1262,AC1140,2999.61,2026-07-13 17:11:00,0
TX001705,AC1018,AC1248,1195.62,2026-07-13 17:15:00,0
TX001706,AC1461,AC1563,1369.48,2026-07-13 17:19:00,0
TX001707,AC1090,AC1526,2706.54,2026-07-13 17:25:00,0
TX001708,AC1303,AC1570,1179.12,2026-07-13 17:28:00,0
TX001709,AC1163,AC1084,893.46,2026-07-13 17:33:00,0
TX001710,AC1575,AC1197,1207.77,2026-07-13 17:41:00,0
TX001711,AC1018,AC1041,632.71,2026-07-13 17:43:00,0
TX001712,AC1089,AC1510,2438.05,2026-07-13 17:47:00,0
TX001713,AC1172,AC1239,3718.22,2026-07-13 17:54:00,0
TX001714,AC1289,AC1026,3474.83,2026-07-13 17:55:00,0
TX001715,AC1480,AC1135,3448.67,2026-07-13 17:55:00,0
TX001716,AC1218,AC1090,825.55,2026-07-13 17:56:00,0
TX001717,AC1486,AC1559,5652.39,2026-07-13 17:59:00,0
TX001718,AC1246,AC1285,7398.24,2026-07-13 17:59:00,0
TX001719,AC1586,AC1367,18867.86,2026-07-13 18:03:00,0
TX001720,AC1333,AC1552,700.91,2026-07-13 18:11:00,0
TX001721,AC1013,AC1094,1431.92,2026-07-13 18:14:00,0
TX001722,AC1479,AC1392,1901.27,2026-07-13 18:20:00,0
TX001723,AC1074,AC1565,2503.77,2026-07-13 18:23:00,0
TX001724,AC1317,AC1197,16598.65,2026-07-13 18:32:00,0
TX001725,AC1375,AC1321,2167.41,2026-07-13 18:33:00,0
TX001726,AC1558,AC1359,1155.16,2026-07-13 18:34:00,0
TX001727,AC1023,AC1211,1373.28,2026-07-13 18:35:00,0
TX001728,AC1392,AC1220,5402.59,2026-07-13 18:55:00,0
TX001729,AC1410,AC1313,3122.36,2026-07-13 18:59:00,0
TX001730,AC1241,AC1457,950.91,2026-07-13 19:25:00,0
TX001731,AC1296,AC1193,4439.24,2026-07-13 19:28:00,0
TX001732,AC1295,AC1176,2042.75,2026-07-13 19:32:00,0
TX001733,AC1211,AC1024,8757.27,2026-07-13 19:48:00,0
TX001734,AC1304,AC1550,6440.92,2026-07-13 19:53:00,0
TX001735,AC1596,AC1460,1270.01,2026-07-13 20:22:00,0
TX001736,AC1344,AC1246,1097.01,2026-07-13 20:25:00,0
TX001737,AC1201,AC1475,21617.21,2026-07-13 20:36:00,0
TX001738,AC1039,AC1285,4574.95,2026-07-13 21:21:00,0
TX001739,AC1077,AC1307,7741.19,2026-07-13 21:46:00,0
TX001740,AC1347,AC1321,2286.96,2026-07-13 22:19:00,0
TX001741,AC1374,AC1438,9004.79,2026-07-13 22:53:00,0
TX001742,AC1220,AC1351,5818.42,2026-07-14 06:13:00,0
TX001743,AC1164,AC1037,1099.56,2026-07-14 06:23:00,0
TX001744,AC1421,AC1073,1433.69,2026-07-14 06:40:00,0
TX001745,AC1535,AC1513,2452.96,2026-07-14 06:52:00,0
TX001746,AC1375,AC1278,1692.88,2026-07-14 06:53:00,0
TX001747,AC1022,AC1165,2067.37,2026-07-14 06:53:00,0
TX001748,AC1042,AC1313,3741.06,2026-07-14 07:15:00,0
TX001749,AC1091,AC1013,1123.28,2026-07-14 07:48:00,0
TX001750,AC1201,AC1090,2064.65,2026-07-14 08:10:00,0
TX001751,AC1026,AC1090,3541.78,2026-07-14 08:13:00,0
TX001752,AC1044,AC1539,1429.46,2026-07-14 08:23:00,0
TX001753,AC1020,AC1272,1268.57,2026-07-14 08:49:00,0
TX001754,AC1263,AC1453,3907.71,2026-07-14 08:57:00,0
TX001755,AC1574,AC1316,2218.25,2026-07-14 09:01:00,0
TX001756,AC1266,AC1222,2192.7,2026-07-14 09:07:00,0
TX001757,AC1285,AC1546,3980.62,2026-07-14 09:15:00,0
TX001758,AC1007,AC1246,1543.9,2026-07-14 09:19:00,0
TX001759,AC1503,AC1490,377.89,2026-07-14 09:38:00,0
TX001760,AC1152,AC1392,491.22,2026-07-14 09:40:00,0
TX001761,AC1298,AC1231,1481.57,2026-07-14 10:01:00,0
TX001762,AC1093,AC1159,806.31,2026-07-14 10:06:00,0
TX001763,AC1561,AC1285,3209.29,2026-07-14 10:13:00,0
TX001764,AC1344,AC1147,1706.34,2026-07-14 10:22:00,0
TX001765,AC1467,AC1056,2909.34,2026-07-14 10:36:00,0
TX001766,AC1129,AC1020,5179.45,2026-07-14 10:46:00,0
TX001767,AC1344,AC1044,1548.87,2026-07-14 10:46:00,0
TX001768,AC1043,AC1001,1822.05,2026-07-14 10:48:00,0
TX001769,AC1565,AC1530,2338.26,2026-07-14 10:53:00,0
TX001770,AC1026,AC1532,3268.98,2026-07-14 11:00:00,0
TX001771,AC1023,AC1285,3361.59,2026-07-14 11:01:00,0
TX001772,AC1285,AC1457,1027.42,2026-07-14 11:03:00,0
TX001773,AC1467,AC1212,840.23,2026-07-14 11:04:00,0
TX001774,AC1170,AC1565,2162.19,2026-07-14 11:09:00,0
TX001775,AC1275,AC1001,3396.31,2026-07-14 11:10:00,0
TX001776,AC1339,AC1181,1391.06,2026-07-14 11:12:00,0
TX001777,AC1038,AC1007,9639.23,2026-07-14 11:14:00,0
TX001778,AC1510,AC1260,3730.3,2026-07-14 11:19:00,0
TX001779,AC1341,AC1468,1445.24,2026-07-14 11:19:00,0
TX001780,AC1140,AC1491,6500.22,2026-07-14 11:22:00,0
TX001781,AC1546,AC1272,1327.35,2026-07-14 11:26:00,0
TX001782,AC1055,AC1383,4100.17,2026-07-14 11:28:00,0
TX001783,AC1191,AC1414,2388.67,2026-07-14 11:29:00,0
TX001784,AC1533,AC1584,1964.93,2026-07-14 11:29:00,0
TX001785,AC1405,AC1285,955.26,2026-07-14 11:34:00,0
TX001786,AC1384,AC1284,1494.87,2026-07-14 11:44:00,0
TX001787,AC1090,AC1414,2092.61,2026-07-14 11:49:00,0
TX001788,AC1474,AC1285,1502.05,2026-07-14 11:53:00,0
TX001789,AC1392,AC1344,1032.34,2026-07-14 11:54:00,0
TX001790,AC1130,AC1321,9427.66,2026-07-14 11:55:00,0
TX001791,AC1515,AC1285,4209.18,2026-07-14 11:59:00,0
TX001792,AC1308,AC1052,1938.4,2026-07-14 12:00:00,0
TX001793,AC1164,AC1044,3356.61,2026-07-14 12:10:00,0
TX001794,AC1038,AC1115,989.24,2026-07-14 12:12:00,0
TX001795,AC1044,AC1017,1683.16,2026-07-14 12:24:00,0
TX001796,AC1178,AC1379,1554.8,2026-07-14 12:25:00,0
TX001797,AC1552,AC1199,1872.04,2026-07-14 12:40:00,0
TX001798,AC1535,AC1509,866.52,2026-07-14 12:45:00,0
TX001799,AC1243,AC1012,4491.03,2026-07-14 12:46:00,0
TX001800,AC1285,AC1565,2603.93,2026-07-14 12:53:00,0
TX001801,AC1202,AC1165,1055.06,2026-07-14 12:53:00,0
TX001802,AC1575,AC1565,1652.78,2026-07-14 12:54:00,0
TX001803,AC1583,AC1323,5513.93,2026-07-14 12:58:00,0
TX001804,AC1285,AC1074,6587.51,2026-07-14 13:01:00,0
TX001805,AC1272,AC1421,4976.28,2026-07-14 13:03:00,0
TX001806,AC1130,AC1437,1998.85,2026-07-14 13:12:00,0
TX001807,AC1408,AC1449,2334.16,2026-07-14 13:16:00,0
TX001808,AC1051,AC1142,2491.94,2026-07-14 13:17:00,0
TX001809,AC1314,AC1348,2912.65,2026-07-14 13:21:00,0
TX001810,AC1056,AC1197,7719.02,2026-07-14 13:31:00,0
TX001811,AC1359,AC1335,3723.94,2026-07-14 13:34:00,0
TX001812,AC1212,AC1392,5661.35,2026-07-14 13:35:00,0
TX001813,AC1089,AC1532,841.23,2026-07-14 13:35:00,0
TX001814,AC1126,AC1345,2026.04,2026-07-14 13:38:00,0
TX001815,AC1515,AC1517,5096.71,2026-07-14 13:39:00,0
TX001816,AC1565,AC1260,2294.98,2026-07-14 13:53:00,0
TX001817,AC1090,AC1093,4737.04,2026-07-14 13:59:00,0
TX001818,AC1068,AC1563,3570.27,2026-07-14 14:09:00,0
TX001819,AC1522,AC1344,1195.4,2026-07-14 14:12:00,0
TX001820,AC1298,AC1104,505.73,2026-07-14 14:19:00,0
TX001821,AC1398,AC1176,4246.44,2026-07-14 14:20:00,0
TX001822,AC1478,AC1577,3070.97,2026-07-14 14:22:00,0
TX001823,AC1202,AC1070,2901.43,2026-07-14 14:24:00,0
TX001824,AC1020,AC1285,5720.99,2026-07-14 14:25:00,0
TX001825,AC1319,AC1001,4937.86,2026-07-14 14:26:00,0
TX001826,AC1347,AC1082,623.74,2026-07-14 14:29:00,0
TX001827,AC1018,AC1474,3140.2,2026-07-14 14:33:00,0
TX001828,AC1018,AC1438,3608.08,2026-07-14 14:38:00,0
TX001829,AC1135,AC1018,5990.42,2026-07-14 14:50:00,0
TX001830,AC1321,AC1013,1862.0,2026-07-14 14:54:00,0
TX001831,AC1030,AC1501,1270.76,2026-07-14 14:55:00,0
TX001832,AC1344,AC1379,17673.36,2026-07-14 14:55:00,0
TX001833,AC1224,AC1187,2034.83,2026-07-14 15:01:00,0
TX001834,AC1135,AC1409,981.24,2026-07-14 15:02:00,0
TX001835,AC1098,AC1067,5719.16,2026-07-14 15:03:00,0
TX001836,AC1140,AC1407,1731.62,2026-07-14 15:13:00,0
TX001837,AC1287,AC1421,6206.67,2026-07-14 15:16:00,0
TX001838,AC1591,AC1438,1437.27,2026-07-14 15:17:00,0
TX001839,AC1233,AC1179,2862.54,2026-07-14 15:17:00,0
TX001840,AC1089,AC1596,934.88,2026-07-14 15:33:00,0
TX001841,AC1315,AC1013,2141.9,2026-07-14 16:00:00,0
TX001842,AC1289,AC1394,2469.03,2026-07-14 16:03:00,0
TX001843,AC1212,AC1131,2107.44,2026-07-14 16:04:00,0
TX001844,AC1539,AC1384,5938.44,2026-07-14 16:10:00,0
TX001845,AC1191,AC1321,1631.64,2026-07-14 16:11:00,0
TX001846,AC1565,AC1089,7251.2,2026-07-14 16:15:00,0
TX001847,AC1383,AC1117,1121.71,2026-07-14 16:25:00,0
TX001848,AC1147,AC1133,2248.26,2026-07-14 16:36:00,0
TX001849,AC1352,AC1090,5170.46,2026-07-14 16:37:00,0
TX001850,AC1562,AC1030,1299.48,2026-07-14 16:39:00,0
TX001851,AC1010,AC1565,2754.94,2026-07-14 16:41:00,0
TX001852,AC1553,AC1113,3073.51,2026-07-14 16:41:00,0
TX001853,AC1543,AC1356,3028.61,2026-07-14 16:47:00,0
TX001854,AC1378,AC1433,1051.12,2026-07-14 16:58:00,0
TX001855,AC1212,AC1507,1709.53,2026-07-14 17:12:00,0
TX001856,AC1526,AC1507,1403.95,2026-07-14 17:15:00,0
TX001857,AC1353,AC1020,7974.84,2026-07-14 17:19:00,0
TX001858,AC1136,AC1547,1814.21,2026-07-14 17:24:00,0
TX001859,AC1166,AC1263,4176.34,2026-07-14 17:26:00,0
TX001860,AC1041,AC1587,541.09,2026-07-14 17:28:00,0
TX001861,AC1482,AC1127,3133.54,2026-07-14 17:31:00,0
TX001862,AC1506,AC1575,2505.47,2026-07-14 17:38:00,0
TX001863,AC1270,AC1212,3278.46,2026-07-14 17:47:00,0
TX001864,AC1412,AC1215,1709.28,2026-07-14 17:54:00,0
TX001865,AC1067,AC1057,2144.77,2026-07-14 18:03:00,0
TX001866,AC1565,AC1285,8718.1,2026-07-14 18:03:00,0
TX001867,AC1002,AC1038,6796.18,2026-07-14 18:26:00,0
TX001868,AC1375,AC1483,1805.57,2026-07-14 18:55:00,0
TX001869,AC1344,AC1415,1427.23,2026-07-14 19:04:00,0
TX001870,AC1082,AC1158,1477.0,2026-07-14 19:18:00,0
TX001871,AC1264,AC1015,2910.74,2026-07-14 19:20:00,0
TX001872,AC1370,AC1289,1417.99,2026-07-14 19:33:00,0
TX001873,AC1084,AC1079,6555.03,2026-07-14 19:33:00,0
TX001874,AC1161,AC1562,1770.16,2026-07-14 19:57:00,0
TX001875,AC1212,AC1197,3761.99,2026-07-14 20:29:00,0
TX001876,AC1354,AC1291,2427.61,2026-07-14 20:39:00,0
TX001877,AC1018,AC1004,3144.18,2026-07-14 20:47:00,0
TX001878,AC1197,AC1090,3275.76,2026-07-14 21:32:00,0
TX001879,AC1083,AC1268,739.15,2026-07-14 21:42:00,0
TX001880,AC1052,AC1552,5019.78,2026-07-14 21:58:00,0
TX001881,AC1501,AC1084,1003.78,2026-07-14 22:27:00,0
TX001882,AC1350,AC1390,1229.13,2026-07-14 22:51:00,0
TX001883,AC1192,AC1184,2885.93,2026-07-15 06:08:00,0
TX001884,AC1188,AC1350,967.36,2026-07-15 06:08:00,0
TX001885,AC1029,AC1289,2694.93,2026-07-15 06:16:00,0
TX001886,AC1515,AC1071,9937.55,2026-07-15 06:26:00,0
TX001887,AC1397,AC1001,1671.49,2026-07-15 06:40:00,0
TX001888,AC1090,AC1020,1948.45,2026-07-15 06:42:00,0
TX001889,AC1198,AC1435,3673.06,2026-07-15 06:42:00,0
TX001890,AC1285,AC1336,3861.36,2026-07-15 06:48:00,0
TX001891,AC1049,AC1285,9025.97,2026-07-15 06:58:00,0
TX001892,AC1466,AC1004,1080.41,2026-07-15 07:03:00,0
TX001893,AC1565,AC1000,4550.69,2026-07-15 07:08:00,0
TX001894,AC1205,AC1327,2613.47,2026-07-15 07:47:00,0
TX001895,AC1199,AC1285,1253.25,2026-07-15 07:54:00,0
TX001896,AC1067,AC1056,12845.99,2026-07-15 07:57:00,0
TX001897,AC1105,AC1070,1465.34,2026-07-15 07:58:00,0
TX001898,AC1288,AC1141,3308.68,2026-07-15 08:03:00,0
TX001899,AC1126,AC1568,1636.62,2026-07-15 08:12:00,0
TX001900,AC1127,AC1113,7397.56,2026-07-15 08:15:00,0
TX001901,AC1026,AC1344,467.46,2026-07-15 09:02:00,0
TX001902,AC1384,AC1353,4201.08,2026-07-15 09:11:00,0
TX001903,AC1018,AC1060,2100.79,2026-07-15 09:27:00,0
TX001904,AC1078,AC1537,4240.17,2026-07-15 09:36:00,0
TX001905,AC1169,AC1286,1074.02,2026-07-15 09:37:00,0
TX001906,AC1588,AC1083,2526.08,2026-07-15 09:48:00,0
TX001907,AC1200,AC1040,3612.81,2026-07-15 10:01:00,0
TX001908,AC1089,AC1018,394.16,2026-07-15 10:04:00,0
TX001909,AC1384,AC1090,2543.47,2026-07-15 10:13:00,0
TX001910,AC1072,AC1558,1714.03,2026-07-15 10:14:00,0
TX001911,AC1115,AC1388,6985.4,2026-07-15 10:20:00,0
TX001912,AC1211,AC1067,1285.67,2026-07-15 10:21:00,0
TX001913,AC1005,AC1237,6508.35,2026-07-15 10:31:00,0
TX001914,AC1090,AC1421,666.9,2026-07-15 10:34:00,0
TX001915,AC1079,AC1003,4290.83,2026-07-15 10:37:00,0
TX001916,AC1161,AC1323,4943.19,2026-07-15 10:44:00,0
TX001917,AC1486,AC1223,10788.73,2026-07-15 11:00:00,0
TX001918,AC1595,AC1164,2014.96,2026-07-15 11:00:00,0
TX001919,AC1172,AC1015,4468.23,2026-07-15 11:04:00,0
TX001920,AC1088,AC1450,2062.28,2026-07-15 11:05:00,0
TX001921,AC1194,AC1474,4522.55,2026-07-15 11:06:00,0
TX001922,AC1218,AC1565,3092.27,2026-07-15 11:15:00,0
TX001923,AC1025,AC1371,4290.62,2026-07-15 11:17:00,0
TX001924,AC1547,AC1127,1378.72,2026-07-15 11:20:00,0
TX001925,AC1082,AC1352,8962.03,2026-07-15 11:31:00,0
TX001926,AC1510,AC1307,2929.41,2026-07-15 11:36:00,0
TX001927,AC1344,AC1289,5763.38,2026-07-15 11:39:00,0
TX001928,AC1487,AC1212,4764.83,2026-07-15 11:40:00,0
TX001929,AC1466,AC1579,1683.82,2026-07-15 11:44:00,0
TX001930,AC1083,AC1319,2417.04,2026-07-15 11:47:00,0
TX001931,AC1017,AC1575,1053.66,2026-07-15 11:54:00,0
TX001932,AC1336,AC1529,1120.61,2026-07-15 11:59:00,0
TX001933,AC1044,AC1596,2244.29,2026-07-15 12:17:00,0
TX001934,AC1042,AC1113,1874.46,2026-07-15 12:18:00,0
TX001935,AC1507,AC1104,1095.35,2026-07-15 12:33:00,0
TX001936,AC1075,AC1040,7308.92,2026-07-15 12:34:00,0
TX001937,AC1531,AC1353,6065.43,2026-07-15 12:36:00,0
TX001938,AC1083,AC1587,1602.12,2026-07-15 12:40:00,0
TX001939,AC1579,AC1149,3830.17,2026-07-15 12:43:00,0
TX001940,AC1090,AC1447,2503.38,2026-07-15 12:44:00,0
TX001941,AC1087,AC1215,1851.09,2026-07-15 12:48:00,0
TX001942,AC1169,AC1060,6782.66,2026-07-15 12:48:00,0
TX001943,AC1044,AC1256,1507.93,2026-07-15 13:04:00,0
TX001944,AC1126,AC1289,5820.65,2026-07-15 13:04:00,0
TX001945,AC1246,AC1035,5350.92,2026-07-15 13:08:00,0
TX001946,AC1380,AC1521,2504.11,2026-07-15 13:12:00,0
TX001947,AC1452,AC1235,1595.3,2026-07-15 13:21:00,0
TX001948,AC1503,AC1182,1297.49,2026-07-15 13:24:00,0
TX001949,AC1450,AC1497,3369.88,2026-07-15 13:29:00,0
TX001950,AC1534,AC1212,3451.56,2026-07-15 13:32:00,0
TX001951,AC1015,AC1296,2715.46,2026-07-15 13:35:00,0
TX001952,AC1218,AC1072,759.14,2026-07-15 13:38:00,0
TX001953,AC1332,AC1067,1760.5,2026-07-15 13:42:00,0
TX001954,AC1026,AC1045,661.65,2026-07-15 13:55:00,0
TX001955,AC1172,AC1558,1244.27,2026-07-15 14:03:00,0
TX001956,AC1490,AC1381,711.12,2026-07-15 14:13:00,0
TX001957,AC1349,AC1164,990.18,2026-07-15 14:16:00,0
TX001958,AC1106,AC1222,4737.58,2026-07-15 14:31:00,0
TX001959,AC1573,AC1026,5105.06,2026-07-15 14:31:00,0
TX001960,AC1122,AC1002,1525.87,2026-07-15 14:38:00,0
TX001961,AC1497,AC1572,3070.63,2026-07-15 14:43:00,0
TX001962,AC1461,AC1565,5302.08,2026-07-15 14:46:00,0
TX001963,AC1025,AC1090,2678.47,2026-07-15 14:56:00,0
TX001964,AC1299,AC1531,9222.47,2026-07-15 14:56:00,0
TX001965,AC1270,AC1008,1437.72,2026-07-15 14:58:00,0
TX001966,AC1119,AC1174,3478.73,2026-07-15 14:59:00,0
TX001967,AC1225,AC1402,3057.56,2026-07-15 15:06:00,0
TX001968,AC1285,AC1353,310.56,2026-07-15 15:08:00,0
TX001969,AC1457,AC1370,982.99,2026-07-15 15:17:00,0
TX001970,AC1056,AC1570,1010.19,2026-07-15 15:22:00,0
TX001971,AC1023,AC1323,2894.11,2026-07-15 15:24:00,0
TX001972,AC1473,AC1090,4763.29,2026-07-15 15:31:00,0
TX001973,AC1344,AC1565,5177.1,2026-07-15 15:48:00,0
TX001974,AC1555,AC1403,2492.62,2026-07-15 15:54:00,0
TX001975,AC1119,AC1293,4381.38,2026-07-15 16:05:00,0
TX001976,AC1090,AC1587,2897.22,2026-07-15 16:06:00,0
TX001977,AC1565,AC1204,1500.09,2026-07-15 16:21:00,0
TX001978,AC1067,AC1414,1290.29,2026-07-15 16:24:00,0
TX001979,AC1188,AC1254,2855.75,2026-07-15 16:36:00,0
TX001980,AC1285,AC1036,10807.68,2026-07-15 16:36:00,0
TX001981,AC1018,AC1333,1274.84,2026-07-15 16:39:00,0
TX001982,AC1289,AC1210,2393.07,2026-07-15 16:44:00,0
TX001983,AC1565,AC1002,844.85,2026-07-15 16:45:00,0
TX001984,AC1512,AC1487,1569.43,2026-07-15 16:48:00,0
TX001985,AC1485,AC1399,8139.82,2026-07-15 17:13:00,0
TX001986,AC1465,AC1236,1600.71,2026-07-15 17:23:00,0
TX001987,AC1543,AC1273,5498.35,2026-07-15 17:41:00,0
TX001988,AC1527,AC1090,658.54,2026-07-15 17:54:00,0
TX001989,AC1575,AC1090,5278.43,2026-07-15 17:57:00,0
TX001990,AC1251,AC1094,474.23,2026-07-15 17:59:00,0
TX001991,AC1074,AC1344,24484.72,2026-07-15 18:00:00,0
TX001992,AC1436,AC1524,502.87,2026-07-15 18:02:00,0
TX001993,AC1291,AC1037,849.57,2026-07-15 18:10:00,0
TX001994,AC1293,AC1161,5958.89,2026-07-15 18:54:00,0
TX001995,AC1265,AC1515,1818.24,2026-07-15 18:55:00,0
TX001996,AC1485,AC1466,5674.63,2026-07-15 18:57:00,0
TX001997,AC1345,AC1586,2801.19,2026-07-15 19:13:00,0
TX001998,AC1587,AC1311,4079.51,2026-07-15 19:17:00,0
TX001999,AC1052,AC1241,1585.38,2026-07-15 19:26:00,0
TX002000,AC1050,AC1239,585.56,2026-07-15 19:39:00,0
TX002001,AC1285,AC1565,3260.11,2026-07-15 19:43:00,0
TX002002,AC1185,AC1241,643.8,2026-07-15 20:24:00,0
TX002003,AC1595,AC1415,2365.19,2026-07-15 20:26:00,0
TX002004,AC1198,AC1018,5211.04,2026-07-15 20:41:00,0
TX002005,AC1403,AC1001,1608.95,2026-07-15 21:21:00,0
TX002006,AC1506,AC1549,1956.33,2026-07-15 21:40:00,0
TX002007,AC1285,AC1289,2828.65,2026-07-15 21:51:00,0
TX002008,AC1342,AC1586,1911.55,2026-07-15 21:52:00,0
TX002009,AC1495,AC1501,3900.84,2026-07-15 22:16:00,0
TX002010,AC1499,AC1090,1416.42,2026-07-15 22:21:00,0
TX002011,AC1378,AC1025,15228.06,2026-07-15 22:27:00,0
TX002012,AC1017,AC1211,2088.84,2026-07-15 22:33:00,0
TX002013,AC1060,AC1300,1608.4,2026-07-15 22:37:00,0
TX002014,AC1596,AC1223,954.98,2026-07-15 22:37:00,0
TX002015,AC1392,AC1175,3500.64,2026-07-15 22:43:00,0
TX002016,AC1391,AC1539,1152.65,2026-07-16 06:04:00,0
TX002017,AC1049,AC1279,4665.73,2026-07-16 06:09:00,0
TX002018,AC1345,AC1281,1708.88,2026-07-16 06:43:00,0
TX002019,AC1285,AC1292,2406.24,2026-07-16 06:48:00,0
TX002020,AC1226,AC1285,772.46,2026-07-16 06:55:00,0
TX002021,AC1169,AC1572,1841.01,2026-07-16 07:01:00,0
TX002022,AC1526,AC1272,4365.93,2026-07-16 07:02:00,0
TX002023,AC1326,AC1510,4764.71,2026-07-16 07:06:00,0
TX002024,AC1204,AC1274,1042.64,2026-07-16 07:09:00,0
TX002025,AC1270,AC1484,13092.73,2026-07-16 07:17:00,0
TX002026,AC1381,AC1289,1165.0,2026-07-16 07:20:00,0
TX002027,AC1148,AC1519,4037.02,2026-07-16 07:26:00,0
TX002028,AC1245,AC1299,4254.83,2026-07-16 07:38:00,0
TX002029,AC1508,AC1044,1128.16,2026-07-16 08:10:00,0
TX002030,AC1503,AC1289,740.1,2026-07-16 08:14:00,0
TX002031,AC1515,AC1337,2354.08,2026-07-16 08:24:00,0
TX002032,AC1553,AC1101,7417.17,2026-07-16 08:28:00,0
TX002033,AC1349,AC1291,9361.51,2026-07-16 08:35:00,0
TX002034,AC1498,AC1578,12086.43,2026-07-16 08:43:00,0
TX002035,AC1211,AC1141,6063.68,2026-07-16 08:47:00,0
TX002036,AC1535,AC1067,1665.19,2026-07-16 09:02:00,0
TX002037,AC1397,AC1323,4119.25,2026-07-16 09:06:00,0
TX002038,AC1260,AC1079,787.26,2026-07-16 09:09:00,0
TX002039,AC1190,AC1074,2821.98,2026-07-16 09:29:00,0
TX002040,AC1067,AC1289,1031.64,2026-07-16 09:43:00,0
TX002041,AC1289,AC1502,1425.66,2026-07-16 10:01:00,0
TX002042,AC1431,AC1565,3873.06,2026-07-16 10:17:00,0
TX002043,AC1312,AC1285,2078.64,2026-07-16 10:17:00,0
TX002044,AC1090,AC1333,1118.09,2026-07-16 10:19:00,0
TX002045,AC1344,AC1392,1056.72,2026-07-16 10:23:00,0
TX002046,AC1314,AC1026,2418.01,2026-07-16 10:31:00,0
TX002047,AC1090,AC1403,1261.23,2026-07-16 10:32:00,0
TX002048,AC1090,AC1344,7979.56,2026-07-16 10:34:00,0
TX002049,AC1060,AC1507,330.58,2026-07-16 10:41:00,0
TX002050,AC1071,AC1344,3286.84,2026-07-16 10:46:00,0
TX002051,AC1231,AC1498,1559.27,2026-07-16 10:46:00,0
TX002052,AC1060,AC1480,4269.01,2026-07-16 10:59:00,0
TX002053,AC1291,AC1391,2018.06,2026-07-16 11:01:00,0
TX002054,AC1518,AC1415,1368.2,2026-07-16 11:04:00,0
TX002055,AC1565,AC1344,4962.89,2026-07-16 11:06:00,0
TX002056,AC1057,AC1293,572.77,2026-07-16 11:08:00,0
TX002057,AC1269,AC1084,5929.77,2026-07-16 11:11:00,0
TX002058,AC1403,AC1164,3214.54,2026-07-16 11:23:00,0
TX002059,AC1533,AC1584,2159.75,2026-07-16 11:29:00,0
TX002060,AC1045,AC1194,3212.55,2026-07-16 11:34:00,0
TX002061,AC1008,AC1533,2743.32,2026-07-16 11:39:00,0
TX002062,AC1007,AC1242,1032.06,2026-07-16 11:42:00,0
TX002063,AC1460,AC1003,571.1,2026-07-16 11:44:00,0
TX002064,AC1075,AC1122,2382.4,2026-07-16 11:48:00,0
TX002065,AC1520,AC1291,2322.2,2026-07-16 12:03:00,0
TX002066,AC1096,AC1368,1992.05,2026-07-16 12:04:00,0
TX002067,AC1344,AC1285,856.07,2026-07-16 12:07:00,0
TX002068,AC1146,AC1303,1358.36,2026-07-16 12:16:00,0
TX002069,AC1594,AC1035,4346.99,2026-07-16 12:21:00,0
TX002070,AC1224,AC1255,2643.59,2026-07-16 12:34:00,0
TX002071,AC1209,AC1264,1534.95,2026-07-16 12:35:00,0
TX002072,AC1002,AC1179,2315.16,2026-07-16 12:40:00,0
TX002073,AC1474,AC1002,1815.02,2026-07-16 12:45:00,0
TX002074,AC1368,AC1004,785.2,2026-07-16 12:49:00,0
TX002075,AC1067,AC1285,3690.82,2026-07-16 12:51:00,0
TX002076,AC1264,AC1083,5609.31,2026-07-16 12:52:00,0
TX002077,AC1459,AC1345,6388.81,2026-07-16 12:52:00,0
TX002078,AC1474,AC1093,3216.57,2026-07-16 12:56:00,0
TX002079,AC1285,AC1218,344.15,2026-07-16 13:01:00,0
TX002080,AC1590,AC1503,2120.38,2026-07-16 13:01:00,0
TX002081,AC1585,AC1123,1037.18,2026-07-16 13:05:00,0
TX002082,AC1321,AC1137,1255.47,2026-07-16 13:06:00,0
TX002083,AC1264,AC1285,5453.51,2026-07-16 13:13:00,0
TX002084,AC1374,AC1585,10517.77,2026-07-16 13:17:00,0
TX002085,AC1473,AC1392,1856.98,2026-07-16 13:19:00,0
TX002086,AC1065,AC1161,2774.33,2026-07-16 13:19:00,0
TX002087,AC1337,AC1565,1176.28,2026-07-16 13:20:00,0
TX002088,AC1188,AC1057,1606.67,2026-07-16 13:24:00,0
TX002089,AC1384,AC1378,769.26,2026-07-16 13:25:00,0
TX002090,AC1285,AC1378,4938.72,2026-07-16 13:26:00,0
TX002091,AC1465,AC1523,3003.34,2026-07-16 13:27:00,0
TX002092,AC1450,AC1327,5718.77,2026-07-16 13:30:00,0
TX002093,AC1481,AC1285,226.72,2026-07-16 13:33:00,0
TX002094,AC1347,AC1262,1440.33,2026-07-16 13:39:00,0
TX002095,AC1287,AC1400,1587.07,2026-07-16 13:39:00,0
TX002096,AC1415,AC1141,2708.1,2026-07-16 13:41:00,0
TX002097,AC1255,AC1556,3236.6,2026-07-16 13:41:00,0
TX002098,AC1331,AC1487,1927.4,2026-07-16 13:43:00,0
TX002099,AC1246,AC1265,2667.43,2026-07-16 13:47:00,0
TX002100,AC1415,AC1224,1948.47,2026-07-16 13:47:00,0
TX002101,AC1345,AC1215,1868.11,2026-07-16 13:48:00,0
TX002102,AC1535,AC1001,5496.9,2026-07-16 13:50:00,0
TX002103,AC1000,AC1517,5361.96,2026-07-16 13:52:00,0
TX002104,AC1572,AC1558,1346.49,2026-07-16 13:54:00,0
TX002105,AC1285,AC1207,3549.36,2026-07-16 13:55:00,0
TX002106,AC1287,AC1067,2245.58,2026-07-16 13:56:00,0
TX002107,AC1520,AC1106,901.25,2026-07-16 14:02:00,0
TX002108,AC1408,AC1475,1426.6,2026-07-16 14:03:00,0
TX002109,AC1503,AC1347,973.83,2026-07-16 14:03:00,0
TX002110,AC1090,AC1186,13330.17,2026-07-16 14:05:00,0
TX002111,AC1384,AC1326,1397.19,2026-07-16 14:09:00,0
TX002112,AC1379,AC1552,6257.39,2026-07-16 14:12:00,0
TX002113,AC1575,AC1067,3822.55,2026-07-16 14:15:00,0
TX002114,AC1490,AC1344,6505.42,2026-07-16 14:24:00,0
TX002115,AC1056,AC1090,1624.87,2026-07-16 14:37:00,0
TX002116,AC1231,AC1428,1026.32,2026-07-16 14:39:00,0
TX002117,AC1432,AC1487,4488.0,2026-07-16 14:41:00,0
TX002118,AC1296,AC1089,2976.39,2026-07-16 14:45:00,0
TX002119,AC1321,AC1492,7991.17,2026-07-16 14:50:00,0
TX002120,AC1285,AC1021,2313.54,2026-07-16 14:56:00,0
TX002121,AC1013,AC1044,2130.74,2026-07-16 14:59:00,0
TX002122,AC1197,AC1073,10667.6,2026-07-16 15:01:00,0
TX002123,AC1234,AC1407,2634.03,2026-07-16 15:09:00,0
TX002124,AC1038,AC1202,1366.16,2026-07-16 15:09:00,0
TX002125,AC1485,AC1006,1254.14,2026-07-16 15:14:00,0
TX002126,AC1335,AC1126,4132.02,2026-07-16 15:15:00,0
TX002127,AC1565,AC1543,3395.07,2026-07-16 15:20:00,0
TX002128,AC1010,AC1226,4290.91,2026-07-16 15:21:00,0
TX002129,AC1101,AC1439,1174.6,2026-07-16 15:24:00,0
TX002130,AC1232,AC1126,4911.88,2026-07-16 15:25:00,0
TX002131,AC1142,AC1285,3306.03,2026-07-16 15:57:00,0
TX002132,AC1238,AC1013,1407.11,2026-07-16 16:02:00,0
TX002133,AC1347,AC1555,1741.98,2026-07-16 16:09:00,0
TX002134,AC1378,AC1376,2395.48,2026-07-16 16:16:00,0
TX002135,AC1056,AC1285,731.84,2026-07-16 16:24:00,0
TX002136,AC1323,AC1289,3015.85,2026-07-16 16:26:00,0
TX002137,AC1120,AC1070,6095.25,2026-07-16 16:38:00,0
TX002138,AC1345,AC1508,3846.28,2026-07-16 16:39:00,0
TX002139,AC1378,AC1347,3359.75,2026-07-16 16:39:00,0
TX002140,AC1370,AC1387,4245.37,2026-07-16 16:42:00,0
TX002141,AC1344,AC1083,790.67,2026-07-16 16:45:00,0
TX002142,AC1333,AC1532,1556.57,2026-07-16 16:57:00,0
TX002143,AC1285,AC1435,2944.72,2026-07-16 17:06:00,0
TX002144,AC1504,AC1044,2223.68,2026-07-16 17:09:00,0
TX002145,AC1116,AC1004,2584.3,2026-07-16 17:11:00,0
TX002146,AC1174,AC1352,2153.34,2026-07-16 17:11:00,0
TX002147,AC1326,AC1018,1936.53,2026-07-16 17:23:00,0
TX002148,AC1035,AC1217,4428.79,2026-07-16 17:29:00,0
TX002149,AC1549,AC1392,7832.83,2026-07-16 17:30:00,0
TX002150,AC1137,AC1141,1794.49,2026-07-16 17:38:00,0
TX002151,AC1524,AC1242,1590.82,2026-07-16 17:52:00,0
TX002152,AC1501,AC1064,2568.2,2026-07-16 18:04:00,0
TX002153,AC1344,AC1018,8593.36,2026-07-16 18:06:00,0
TX002154,AC1089,AC1000,1248.63,2026-07-16 18:24:00,0
TX002155,AC1270,AC1473,6092.65,2026-07-16 18:32:00,1
TX002156,AC1574,AC1344,1334.6,2026-07-16 18:37:00,0
TX002157,AC1267,AC1246,1200.87,2026-07-16 18:52:00,0
TX002158,AC1364,AC1219,2186.27,2026-07-16 18:56:00,0
TX002159,AC1567,AC1037,1925.43,2026-07-16 19:13:00,0
TX002160,AC1164,AC1559,1389.89,2026-07-16 19:22:00,0
TX002161,AC1457,AC1522,6482.08,2026-07-16 19:37:00,0
TX002162,AC1360,AC1537,3382.06,2026-07-16 19:39:00,0
TX002163,AC1121,AC1495,2586.89,2026-07-16 19:41:00,0
TX002164,AC1565,AC1142,6021.33,2026-07-16 19:42:00,0
TX002165,AC1500,AC1473,5926.55,2026-07-16 19:47:00,1
TX002166,AC1309,AC1018,4633.64,2026-07-16 19:48:00,0
TX002167,AC1090,AC1482,3005.88,2026-07-16 20:16:00,0
TX002168,AC1471,AC1309,1514.93,2026-07-16 20:35:00,0
TX002169,AC1471,AC1575,1378.55,2026-07-16 20:36:00,0
TX002170,AC1079,AC1452,3285.62,2026-07-16 20:49:00,0
TX002171,AC1090,AC1411,730.72,2026-07-16 20:54:00,0
TX002172,AC1343,AC1471,1676.38,2026-07-16 20:57:00,0
TX002173,AC1044,AC1378,1846.41,2026-07-16 21:16:00,0
TX002174,AC1216,AC1572,6083.72,2026-07-16 21:46:00,0
TX002175,AC1453,AC1473,6120.55,2026-07-16 21:47:00,1
TX002176,AC1219,AC1473,6191.28,2026-07-16 22:46:00,1
TX002177,AC1485,AC1055,293.35,2026-07-16 22:52:00,0
TX002178,AC1109,AC1473,6432.9,2026-07-16 23:40:00,1
TX002179,AC1486,AC1473,6583.76,2026-07-17 02:54:00,1
TX002180,AC1508,AC1473,5696.75,2026-07-17 05:11:00,1
TX002181,AC1346,AC1067,969.92,2026-07-17 06:06:00,0
TX002182,AC1048,AC1164,1915.78,2026-07-17 06:08:00,0
TX002183,AC1590,AC1507,2724.02,2026-07-17 06:21:00,0
TX002184,AC1180,AC1235,2818.04,2026-07-17 06:29:00,0
TX002185,AC1206,AC1067,3399.49,2026-07-17 06:29:00,0
TX002186,AC1127,AC1510,1808.26,2026-07-17 06:34:00,0
TX002187,AC1227,AC1141,1438.65,2026-07-17 06:46:00,0
TX002188,AC1201,AC1419,1674.32,2026-07-17 06:52:00,0
TX002189,AC1191,AC1089,1330.52,2026-07-17 06:57:00,0
TX002190,AC1090,AC1565,4099.2,2026-07-17 07:27:00,0
TX002191,AC1070,AC1090,2950.43,2026-07-17 07:46:00,0
TX002192,AC1240,AC1157,4185.97,2026-07-17 07:51:00,0
TX002193,AC1378,AC1186,2179.95,2026-07-17 08:07:00,0
TX002194,AC1333,AC1380,5277.69,2026-07-17 08:23:00,0
TX002195,AC1199,AC1502,693.27,2026-07-17 08:25:00,0
TX002196,AC1277,AC1510,1684.05,2026-07-17 08:29:00,0
TX002197,AC1067,AC1280,1319.38,2026-07-17 08:40:00,0
TX002198,AC1211,AC1418,2597.85,2026-07-17 08:44:00,0
TX002199,AC1485,AC1465,7550.68,2026-07-17 08:50:00,0
TX002200,AC1428,AC1409,2060.73,2026-07-17 08:58:00,0
TX002201,AC1264,AC1513,1702.51,2026-07-17 09:01:00,0
TX002202,AC1246,AC1018,2252.19,2026-07-17 09:08:00,0
TX002203,AC1565,AC1166,4298.45,2026-07-17 09:08:00,0
TX002204,AC1264,AC1164,4472.62,2026-07-17 09:45:00,0
TX002205,AC1197,AC1492,5857.02,2026-07-17 09:46:00,0
TX002206,AC1213,AC1488,3812.51,2026-07-17 09:50:00,0
TX002207,AC1387,AC1185,2260.49,2026-07-17 09:57:00,0
TX002208,AC1486,AC1104,2373.67,2026-07-17 10:00:00,0
TX002209,AC1335,AC1231,9215.59,2026-07-17 10:08:00,0
TX002210,AC1187,AC1038,2403.3,2026-07-17 10:10:00,0
TX002211,AC1191,AC1054,8797.84,2026-07-17 10:15:00,0
TX002212,AC1283,AC1026,2587.84,2026-07-17 10:58:00,0
TX002213,AC1285,AC1119,2188.29,2026-07-17 10:58:00,0
TX002214,AC1490,AC1246,6124.99,2026-07-17 11:04:00,0
TX002215,AC1194,AC1021,949.83,2026-07-17 11:08:00,0
TX002216,AC1473,AC1211,381.6,2026-07-17 11:19:00,0
TX002217,AC1211,AC1327,5128.02,2026-07-17 11:24:00,0
TX002218,AC1400,AC1212,2652.83,2026-07-17 11:30:00,0
TX002219,AC1311,AC1287,2063.71,2026-07-17 11:30:00,0
TX002220,AC1044,AC1354,1513.7,2026-07-17 11:32:00,0
TX002221,AC1333,AC1071,1909.26,2026-07-17 11:33:00,0
TX002222,AC1284,AC1341,4618.25,2026-07-17 11:36:00,0
TX002223,AC1490,AC1042,2568.34,2026-07-17 11:44:00,0
TX002224,AC1450,AC1351,6188.4,2026-07-17 11:47:00,0
TX002225,AC1333,AC1090,4211.4,2026-07-17 11:49:00,0
TX002226,AC1324,AC1285,10841.02,2026-07-17 11:50:00,0
TX002227,AC1502,AC1344,1253.61,2026-07-17 11:51:00,0
TX002228,AC1272,AC1068,1797.75,2026-07-17 11:57:00,0
TX002229,AC1259,AC1400,3036.09,2026-07-17 12:00:00,0
TX002230,AC1082,AC1219,5666.01,2026-07-17 12:03:00,0
TX002231,AC1047,AC1473,4495.43,2026-07-17 12:05:00,0
TX002232,AC1520,AC1486,1924.75,2026-07-17 12:07:00,0
TX002233,AC1225,AC1465,2571.49,2026-07-17 12:10:00,0
TX002234,AC1182,AC1043,4654.19,2026-07-17 12:13:00,0
TX002235,AC1247,AC1013,3430.12,2026-07-17 12:16:00,0
TX002236,AC1264,AC1118,2527.0,2026-07-17 12:26:00,0
TX002237,AC1185,AC1512,1782.01,2026-07-17 12:33:00,0
TX002238,AC1285,AC1511,2216.47,2026-07-17 12:37:00,0
TX002239,AC1285,AC1069,7769.09,2026-07-17 12:38:00,0
TX002240,AC1206,AC1574,3287.16,2026-07-17 12:46:00,0
TX002241,AC1433,AC1517,2379.34,2026-07-17 12:50:00,0
TX002242,AC1135,AC1115,1359.76,2026-07-17 12:51:00,0
TX002243,AC1009,AC1090,5058.48,2026-07-17 12:57:00,0
TX002244,AC1095,AC1520,1204.37,2026-07-17 13:04:00,0
TX002245,AC1553,AC1415,2311.57,2026-07-17 13:08:00,0
TX002246,AC1212,AC1398,2793.5,2026-07-17 13:08:00,0
TX002247,AC1269,AC1565,1674.27,2026-07-17 13:14:00,0
TX002248,AC1447,AC1403,2427.46,2026-07-17 13:15:00,0
TX002249,AC1235,AC1223,1507.58,2026-07-17 13:17:00,0
TX002250,AC1392,AC1156,1722.76,2026-07-17 13:20:00,0
TX002251,AC1565,AC1546,1990.02,2026-07-17 13:21:00,0
TX002252,AC1330,AC1184,2255.11,2026-07-17 13:25:00,0
TX002253,AC1537,AC1019,3363.54,2026-07-17 13:26:00,0
TX002254,AC1044,AC1471,486.51,2026-07-17 13:30:00,0
TX002255,AC1333,AC1002,18793.15,2026-07-17 13:36:00,0
TX002256,AC1507,AC1485,810.44,2026-07-17 13:40:00,0
TX002257,AC1565,AC1528,1775.59,2026-07-17 13:49:00,0
TX002258,AC1098,AC1348,4662.93,2026-07-17 13:49:00,0
TX002259,AC1064,AC1539,2390.31,2026-07-17 13:52:00,0
TX002260,AC1016,AC1270,4268.71,2026-07-17 14:00:00,0
TX002261,AC1107,AC1135,1045.09,2026-07-17 14:08:00,0
TX002262,AC1473,AC1159,41322.65,2026-07-17 14:11:00,1
TX002263,AC1083,AC1565,5727.91,2026-07-17 14:14:00,0
TX002264,AC1467,AC1083,1402.91,2026-07-17 14:24:00,0
TX002265,AC1487,AC1201,2306.58,2026-07-17 14:26:00,0
TX002266,AC1575,AC1256,2604.97,2026-07-17 14:33:00,0
TX002267,AC1279,AC1460,1453.01,2026-07-17 14:55:00,0
TX002268,AC1398,AC1516,2605.14,2026-07-17 15:02:00,0
TX002269,AC1392,AC1293,2650.52,2026-07-17 15:03:00,0
TX002270,AC1421,AC1515,2075.89,2026-07-17 15:08:00,0
TX002271,AC1186,AC1073,1068.7,2026-07-17 15:14:00,0
TX002272,AC1585,AC1369,2504.66,2026-07-17 15:16:00,0
TX002273,AC1090,AC1484,2749.96,2026-07-17 15:17:00,0
TX002274,AC1486,AC1087,9195.89,2026-07-17 15:24:00,0
TX002275,AC1130,AC1082,4358.19,2026-07-17 15:25:00,0
TX002276,AC1294,AC1421,3092.18,2026-07-17 15:36:00,0
TX002277,AC1191,AC1002,8126.81,2026-07-17 15:36:00,0
TX002278,AC1285,AC1344,2517.35,2026-07-17 15:37:00,0
TX002279,AC1572,AC1018,6382.97,2026-07-17 15:40:00,0
TX002280,AC1284,AC1518,3434.08,2026-07-17 15:40:00,0
TX002281,AC1090,AC1172,4812.14,2026-07-17 15:40:00,0
TX002282,AC1383,AC1532,5197.63,2026-07-17 15:41:00,0
TX002283,AC1199,AC1555,5967.37,2026-07-17 15:41:00,0
TX002284,AC1001,AC1484,865.48,2026-07-17 16:18:00,0
TX002285,AC1392,AC1511,1402.36,2026-07-17 16:27:00,0
TX002286,AC1393,AC1370,1431.98,2026-07-17 16:32:00,0
TX002287,AC1457,AC1286,12072.3,2026-07-17 16:39:00,0
TX002288,AC1124,AC1200,4238.34,2026-07-17 16:40:00,0
TX002289,AC1483,AC1197,673.39,2026-07-17 16:41:00,0
TX002290,AC1548,AC1438,1927.21,2026-07-17 16:49:00,0
TX002291,AC1285,AC1201,1130.48,2026-07-17 16:50:00,0
TX002292,AC1224,AC1432,3665.49,2026-07-17 16:51:00,0
TX002293,AC1127,AC1288,18475.54,2026-07-17 16:56:00,0
TX002294,AC1466,AC1281,4070.64,2026-07-17 16:58:00,0
TX002295,AC1378,AC1200,2400.35,2026-07-17 17:04:00,0
TX002296,AC1191,AC1368,5680.33,2026-07-17 17:10:00,0
TX002297,AC1555,AC1356,1239.68,2026-07-17 17:10:00,0
TX002298,AC1466,AC1449,2561.03,2026-07-17 17:11:00,0
TX002299,AC1091,AC1191,6880.06,2026-07-17 17:14:00,0
TX002300,AC1227,AC1599,1662.59,2026-07-17 17:22:00,0
TX002301,AC1235,AC1090,12870.44,2026-07-17 17:23:00,0
TX002302,AC1323,AC1218,2950.84,2026-07-17 17:55:00,0
TX002303,AC1512,AC1285,1868.46,2026-07-17 17:56:00,0
TX002304,AC1215,AC1392,5541.38,2026-07-17 17:57:00,0
TX002305,AC1320,AC1577,1996.06,2026-07-17 18:02:00,0
TX002306,AC1018,AC1164,1542.07,2026-07-17 18:13:00,0
TX002307,AC1535,AC1235,3929.78,2026-07-17 18:16:00,0
TX002308,AC1575,AC1083,1427.58,2026-07-17 18:17:00,0
TX002309,AC1492,AC1131,630.5,2026-07-17 18:34:00,0
TX002310,AC1074,AC1455,1682.04,2026-07-17 18:34:00,0
TX002311,AC1271,AC1164,2823.88,2026-07-17 18:45:00,0
TX002312,AC1389,AC1070,993.77,2026-07-17 18:53:00,0
TX002313,AC1053,AC1224,4882.43,2026-07-17 18:53:00,0
TX002314,AC1321,AC1243,1584.67,2026-07-17 19:07:00,0
TX002315,AC1133,AC1430,3521.73,2026-07-17 19:21:00,0
TX002316,AC1379,AC1046,2995.82,2026-07-17 19:32:00,0
TX002317,AC1197,AC1261,5746.33,2026-07-17 19:42:00,0
TX002318,AC1176,AC1085,1945.16,2026-07-17 19:54:00,0
TX002319,AC1218,AC1487,2848.59,2026-07-17 19:59:00,0
TX002320,AC1390,AC1584,1033.33,2026-07-17 20:32:00,0
TX002321,AC1285,AC1153,5184.05,2026-07-17 20:38:00,0
TX002322,AC1228,AC1016,4443.44,2026-07-17 22:53:00,0
TX002323,AC1480,AC1020,12093.32,2026-07-18 06:05:00,0
TX002324,AC1197,AC1583,2974.85,2026-07-18 06:08:00,0
TX002325,AC1090,AC1353,1903.94,2026-07-18 06:16:00,0
TX002326,AC1496,AC1273,2444.94,2026-07-18 06:44:00,0
TX002327,AC1285,AC1347,3392.22,2026-07-18 06:46:00,0
TX002328,AC1018,AC1226,3054.59,2026-07-18 06:59:00,0
TX002329,AC1599,AC1084,3811.04,2026-07-18 07:16:00,0
TX002330,AC1165,AC1097,4587.24,2026-07-18 07:51:00,0
TX002331,AC1002,AC1136,2088.58,2026-07-18 08:14:00,0
TX002332,AC1148,AC1030,2946.12,2026-07-18 08:14:00,0
TX002333,AC1392,AC1087,903.97,2026-07-18 08:27:00,0
TX002334,AC1564,AC1108,1500.81,2026-07-18 08:41:00,0
TX002335,AC1148,AC1017,4082.77,2026-07-18 08:48:00,0
TX002336,AC1488,AC1348,2178.32,2026-07-18 09:53:00,0
TX002337,AC1323,AC1114,5660.74,2026-07-18 10:14:00,0
TX002338,AC1281,AC1133,14279.17,2026-07-18 10:20:00,0
TX002339,AC1446,AC1188,1359.88,2026-07-18 10:23:00,0
TX002340,AC1152,AC1489,4992.19,2026-07-18 10:31:00,0
TX002341,AC1543,AC1319,1153.73,2026-07-18 10:34:00,0
TX002342,AC1403,AC1095,1933.82,2026-07-18 10:43:00,0
TX002343,AC1159,AC1082,1443.7,2026-07-18 11:06:00,0
TX002344,AC1333,AC1094,927.27,2026-07-18 11:08:00,0
TX002345,AC1190,AC1487,2401.42,2026-07-18 11:22:00,0
TX002346,AC1161,AC1246,5003.81,2026-07-18 11:24:00,0
TX002347,AC1431,AC1229,9145.0,2026-07-18 11:25:00,0
TX002348,AC1079,AC1339,3062.0,2026-07-18 11:31:00,0
TX002349,AC1058,AC1068,2124.52,2026-07-18 11:32:00,0
TX002350,AC1338,AC1190,5033.49,2026-07-18 11:32:00,0
TX002351,AC1480,AC1084,1125.63,2026-07-18 11:33:00,0
TX002352,AC1027,AC1515,2222.43,2026-07-18 11:36:00,0
TX002353,AC1222,AC1131,697.49,2026-07-18 11:38:00,0
TX002354,AC1241,AC1285,3808.57,2026-07-18 11:41:00,0
TX002355,AC1080,AC1358,4244.51,2026-07-18 11:51:00,0
TX002356,AC1343,AC1191,998.23,2026-07-18 11:54:00,0
TX002357,AC1420,AC1574,3798.02,2026-07-18 11:58:00,0
TX002358,AC1046,AC1144,7431.74,2026-07-18 12:04:00,0
TX002359,AC1030,AC1081,4524.35,2026-07-18 12:05:00,0
TX002360,AC1120,AC1089,5872.75,2026-07-18 12:07:00,0
TX002361,AC1119,AC1098,1506.15,2026-07-18 12:17:00,0
TX002362,AC1067,AC1532,2456.92,2026-07-18 12:18:00,0
TX002363,AC1531,AC1194,2856.91,2026-07-18 12:29:00,0
TX002364,AC1197,AC1465,2126.55,2026-07-18 12:31:00,0
TX002365,AC1077,AC1385,3980.15,2026-07-18 12:34:00,0
TX002366,AC1020,AC1090,2345.66,2026-07-18 12:38:00,0
TX002367,AC1164,AC1422,4818.75,2026-07-18 12:39:00,0
TX002368,AC1037,AC1513,1784.77,2026-07-18 12:43:00,0
TX002369,AC1344,AC1214,979.84,2026-07-18 12:46:00,0
TX002370,AC1285,AC1186,2559.08,2026-07-18 12:49:00,0
TX002371,AC1387,AC1298,3731.48,2026-07-18 13:03:00,0
TX002372,AC1289,AC1130,1701.58,2026-07-18 13:05:00,0
TX002373,AC1300,AC1202,4478.56,2026-07-18 13:14:00,0
TX002374,AC1090,AC1218,1311.76,2026-07-18 13:26:00,0
TX002375,AC1596,AC1200,501.15,2026-07-18 13:26:00,0
TX002376,AC1251,AC1453,973.46,2026-07-18 13:28:00,0
TX002377,AC1531,AC1323,1881.01,2026-07-18 13:30:00,0
TX002378,AC1565,AC1043,685.59,2026-07-18 13:35:00,0
TX002379,AC1285,AC1364,2051.68,2026-07-18 13:42:00,0
TX002380,AC1559,AC1268,6993.42,2026-07-18 13:47:00,0
TX002381,AC1229,AC1036,3824.41,2026-07-18 13:47:00,0
TX002382,AC1344,AC1285,3104.96,2026-07-18 13:55:00,0
TX002383,AC1030,AC1489,4669.89,2026-07-18 14:05:00,0
TX002384,AC1552,AC1026,3644.23,2026-07-18 14:06:00,0
TX002385,AC1460,AC1002,4527.15,2026-07-18 14:15:00,0
TX002386,AC1448,AC1597,3655.79,2026-07-18 14:17:00,0
TX002387,AC1517,AC1279,1169.15,2026-07-18 14:18:00,0
TX002388,AC1036,AC1344,2003.86,2026-07-18 14:18:00,0
TX002389,AC1431,AC1590,640.02,2026-07-18 14:19:00,0
TX002390,AC1285,AC1320,4170.74,2026-07-18 14:24:00,0
TX002391,AC1024,AC1344,3636.98,2026-07-18 14:28:00,0
TX002392,AC1165,AC1519,833.69,2026-07-18 14:37:00,0
TX002393,AC1018,AC1448,2493.85,2026-07-18 14:39:00,0
TX002394,AC1435,AC1197,5375.59,2026-07-18 14:44:00,0
TX002395,AC1120,AC1565,3174.95,2026-07-18 14:51:00,0
TX002396,AC1491,AC1088,350.57,2026-07-18 14:54:00,0
TX002397,AC1241,AC1285,5725.38,2026-07-18 14:55:00,0
TX002398,AC1496,AC1398,1507.2,2026-07-18 14:57:00,0
TX002399,AC1218,AC1285,8983.54,2026-07-18 15:05:00,0
TX002400,AC1285,AC1380,2365.06,2026-07-18 15:13:00,0
TX002401,AC1289,AC1128,2958.44,2026-07-18 15:16:00,0
TX002402,AC1155,AC1010,1069.24,2026-07-18 15:25:00,0
TX002403,AC1166,AC1573,1575.55,2026-07-18 15:26:00,0
TX002404,AC1431,AC1178,2154.4,2026-07-18 15:31:00,0
TX002405,AC1450,AC1246,3757.75,2026-07-18 15:35:00,0
TX002406,AC1589,AC1321,8895.77,2026-07-18 15:42:00,0
TX002407,AC1090,AC1527,2499.6,2026-07-18 15:43:00,0
TX002408,AC1466,AC1344,1843.85,2026-07-18 15:43:00,0
TX002409,AC1371,AC1565,1181.73,2026-07-18 15:47:00,0
TX002410,AC1538,AC1329,3397.54,2026-07-18 15:52:00,0
TX002411,AC1366,AC1337,805.71,2026-07-18 15:53:00,0
TX002412,AC1311,AC1507,4416.49,2026-07-18 15:56:00,0
TX002413,AC1166,AC1090,3094.66,2026-07-18 16:02:00,0
TX002414,AC1497,AC1039,1383.03,2026-07-18 16:04:00,0
TX002415,AC1070,AC1300,4468.66,2026-07-18 16:05:00,0
TX002416,AC1147,AC1371,1686.07,2026-07-18 16:12:00,0
TX002417,AC1228,AC1018,2312.56,2026-07-18 16:14:00,0
TX002418,AC1285,AC1206,5430.59,2026-07-18 16:23:00,0
TX002419,AC1069,AC1570,3987.99,2026-07-18 16:25:00,0
TX002420,AC1122,AC1545,2535.77,2026-07-18 16:38:00,0
TX002421,AC1030,AC1394,3150.19,2026-07-18 16:42:00,0
TX002422,AC1074,AC1010,2062.64,2026-07-18 16:49:00,0
TX002423,AC1054,AC1004,1892.56,2026-07-18 16:54:00,0
TX002424,AC1411,AC1565,1898.29,2026-07-18 16:55:00,0
TX002425,AC1487,AC1333,12599.33,2026-07-18 16:57:00,0
TX002426,AC1044,AC1466,3465.56,2026-07-18 17:04:00,0
TX002427,AC1285,AC1510,2620.12,2026-07-18 17:07:00,0
TX002428,AC1344,AC1155,3680.34,2026-07-18 17:12:00,0
TX002429,AC1046,AC1379,1966.22,2026-07-18 17:17:00,0
TX002430,AC1503,AC1018,2230.14,2026-07-18 17:17:00,0
TX002431,AC1038,AC1575,1743.14,2026-07-18 17:18:00,0
TX002432,AC1481,AC1487,3446.24,2026-07-18 17:28:00,0
TX002433,AC1526,AC1344,1405.81,2026-07-18 17:35:00,0
TX002434,AC1090,AC1239,2509.29,2026-07-18 17:37:00,0
TX002435,AC1026,AC1580,12477.81,2026-07-18 17:50:00,0
TX002436,AC1415,AC1105,1207.35,2026-07-18 17:54:00,0
TX002437,AC1305,AC1565,3516.52,2026-07-18 17:57:00,0
TX002438,AC1175,AC1392,4750.27,2026-07-18 17:58:00,0
TX002439,AC1285,AC1338,925.12,2026-07-18 18:25:00,0
TX002440,AC1115,AC1497,839.74,2026-07-18 18:26:00,0
TX002441,AC1507,AC1235,3907.91,2026-07-18 18:26:00,0
TX002442,AC1106,AC1279,2963.61,2026-07-18 18:27:00,0
TX002443,AC1584,AC1454,2713.09,2026-07-18 18:33:00,0
TX002444,AC1526,AC1591,2997.91,2026-07-18 18:49:00,0
TX002445,AC1263,AC1016,1844.05,2026-07-18 19:24:00,0
TX002446,AC1224,AC1515,544.81,2026-07-18 19:24:00,0
TX002447,AC1343,AC1428,3030.6,2026-07-18 19:29:00,0
TX002448,AC1344,AC1496,4248.35,2026-07-18 19:33:00,0
TX002449,AC1344,AC1033,4407.71,2026-07-18 19:38:00,0
TX002450,AC1381,AC1399,3237.28,2026-07-18 19:46:00,0
TX002451,AC1517,AC1069,17440.75,2026-07-18 20:14:00,0
TX002452,AC1591,AC1143,835.62,2026-07-18 21:17:00,0
TX002453,AC1248,AC1091,1126.23,2026-07-18 21:17:00,0
TX002454,AC1209,AC1263,839.63,2026-07-18 21:24:00,0
TX002455,AC1274,AC1376,4188.07,2026-07-18 22:00:00,0
TX002456,AC1191,AC1320,3130.59,2026-07-18 22:16:00,0
TX002457,AC1565,AC1187,2481.56,2026-07-18 22:54:00,0
TX002458,AC1433,AC1381,7557.1,2026-07-19 06:16:00,0
TX002459,AC1188,AC1544,1745.89,2026-07-19 06:18:00,0
TX002460,AC1511,AC1165,1007.08,2026-07-19 06:33:00,0
TX002461,AC1296,AC1586,3782.02,2026-07-19 06:38:00,0
TX002462,AC1291,AC1075,3654.23,2026-07-19 06:47:00,0
TX002463,AC1289,AC1191,4596.4,2026-07-19 07:17:00,0
TX002464,AC1285,AC1520,5720.11,2026-07-19 07:32:00,0
TX002465,AC1445,AC1465,10912.21,2026-07-19 07:37:00,0
TX002466,AC1397,AC1565,1406.74,2026-07-19 07:44:00,0
TX002467,AC1575,AC1321,6858.35,2026-07-19 07:48:00,0
TX002468,AC1515,AC1466,1011.59,2026-07-19 07:50:00,0
TX002469,AC1553,AC1155,3326.72,2026-07-19 07:55:00,0
TX002470,AC1344,AC1285,3353.88,2026-07-19 08:02:00,0
TX002471,AC1444,AC1501,1884.98,2026-07-19 08:32:00,0
TX002472,AC1122,AC1476,4891.58,2026-07-19 08:33:00,0
TX002473,AC1528,AC1262,2023.98,2026-07-19 08:34:00,0
TX002474,AC1343,AC1032,3232.12,2026-07-19 08:48:00,0
TX002475,AC1399,AC1458,1265.71,2026-07-19 09:02:00,0
TX002476,AC1456,AC1321,1370.48,2026-07-19 09:03:00,0
TX002477,AC1045,AC1451,6067.67,2026-07-19 09:05:00,0
TX002478,AC1237,AC1070,1287.02,2026-07-19 09:16:00,0
TX002479,AC1408,AC1503,1908.65,2026-07-19 09:28:00,0
TX002480,AC1234,AC1294,1204.88,2026-07-19 09:46:00,0
TX002481,AC1344,AC1169,286.86,2026-07-19 09:48:00,0
TX002482,AC1521,AC1218,5100.89,2026-07-19 09:58:00,0
TX002483,AC1220,AC1507,1517.2,2026-07-19 10:05:00,0
TX002484,AC1344,AC1013,1283.88,2026-07-19 10:10:00,0
TX002485,AC1064,AC1421,829.34,2026-07-19 10:11:00,0
TX002486,AC1322,AC1422,1724.77,2026-07-19 10:14:00,0
TX002487,AC1465,AC1094,3092.66,2026-07-19 10:17:00,0
TX002488,AC1344,AC1552,3548.64,2026-07-19 10:17:00,0
TX002489,AC1290,AC1048,2199.42,2026-07-19 10:19:00,0
TX002490,AC1020,AC1517,1825.53,2026-07-19 10:24:00,0
TX002491,AC1357,AC1299,2004.95,2026-07-19 10:26:00,0
TX002492,AC1199,AC1466,2835.81,2026-07-19 10:29:00,0
TX002493,AC1192,AC1278,2765.63,2026-07-19 10:36:00,0
TX002494,AC1152,AC1299,2465.97,2026-07-19 10:48:00,0
TX002495,AC1026,AC1497,3412.6,2026-07-19 10:49:00,0
TX002496,AC1321,AC1097,372.66,2026-07-19 10:51:00,0
TX002497,AC1435,AC1348,977.7,2026-07-19 11:10:00,0
TX002498,AC1218,AC1067,543.06,2026-07-19 11:15:00,0
TX002499,AC1302,AC1344,1657.06,2026-07-19 11:21:00,0
TX002500,AC1123,AC1466,3828.68,2026-07-19 11:22:00,0
TX002501,AC1156,AC1565,2509.17,2026-07-19 11:27:00,0
TX002502,AC1423,AC1346,2986.11,2026-07-19 11:42:00,0
TX002503,AC1358,AC1264,612.78,2026-07-19 11:42:00,0
TX002504,AC1458,AC1004,1373.37,2026-07-19 11:43:00,0
TX002505,AC1264,AC1348,7197.38,2026-07-19 11:45:00,0
TX002506,AC1426,AC1088,1255.88,2026-07-19 11:55:00,0
TX002507,AC1344,AC1320,2834.36,2026-07-19 12:02:00,0
TX002508,AC1291,AC1191,5462.08,2026-07-19 12:04:00,0
TX002509,AC1441,AC1255,1510.97,2026-07-19 12:04:00,0
TX002510,AC1465,AC1043,7029.96,2026-07-19 12:06:00,0
TX002511,AC1513,AC1586,6582.47,2026-07-19 12:15:00,0
TX002512,AC1285,AC1099,2065.28,2026-07-19 12:17:00,0
TX002513,AC1206,AC1291,1887.71,2026-07-19 12:18:00,0
TX002514,AC1211,AC1344,896.85,2026-07-19 12:20:00,0
TX002515,AC1373,AC1024,7912.74,2026-07-19 12:22:00,0
TX002516,AC1214,AC1481,2410.93,2026-07-19 12:26:00,0
TX002517,AC1067,AC1503,2256.68,2026-07-19 12:26:00,0
TX002518,AC1473,AC1209,554.36,2026-07-19 12:32:00,0
TX002519,AC1187,AC1387,782.47,2026-07-19 12:38:00,0
TX002520,AC1370,AC1083,1184.41,2026-07-19 12:38:00,0
TX002521,AC1344,AC1287,1015.29,2026-07-19 12:38:00,0
TX002522,AC1507,AC1559,2171.23,2026-07-19 12:40:00,0
TX002523,AC1084,AC1048,1140.48,2026-07-19 12:46:00,0
TX002524,AC1144,AC1397,3497.27,2026-07-19 12:52:00,0
TX002525,AC1060,AC1246,1693.1,2026-07-19 12:55:00,0
TX002526,AC1004,AC1507,3546.52,2026-07-19 13:01:00,0
TX002527,AC1595,AC1098,898.84,2026-07-19 13:05:00,0
TX002528,AC1204,AC1218,859.89,2026-07-19 13:17:00,0
TX002529,AC1297,AC1312,1084.2,2026-07-19 13:26:00,0
TX002530,AC1582,AC1232,1426.9,2026-07-19 13:27:00,0
TX002531,AC1192,AC1135,2923.06,2026-07-19 13:27:00,0
TX002532,AC1089,AC1164,3191.39,2026-07-19 13:29:00,0
TX002533,AC1572,AC1344,1231.66,2026-07-19 13:32:00,0
TX002534,AC1421,AC1256,5799.35,2026-07-19 13:34:00,0
TX002535,AC1234,AC1318,9774.1,2026-07-19 13:36:00,0
TX002536,AC1082,AC1427,1464.67,2026-07-19 13:46:00,0
TX002537,AC1119,AC1344,1158.46,2026-07-19 14:02:00,0
TX002538,AC1246,AC1048,1757.34,2026-07-19 14:02:00,0
TX002539,AC1063,AC1183,3739.0,2026-07-19 14:08:00,0
TX002540,AC1285,AC1392,3166.16,2026-07-19 14:11:00,0
TX002541,AC1099,AC1048,2635.75,2026-07-19 14:29:00,0
TX002542,AC1420,AC1431,599.43,2026-07-19 14:30:00,0
TX002543,AC1187,AC1067,1140.68,2026-07-19 14:34:00,0
TX002544,AC1195,AC1329,1280.95,2026-07-19 14:37:00,0
TX002545,AC1188,AC1478,1446.15,2026-07-19 14:38:00,0
TX002546,AC1270,AC1041,874.21,2026-07-19 14:42:00,0
TX002547,AC1047,AC1089,3361.5,2026-07-19 14:45:00,0
TX002548,AC1083,AC1365,3154.49,2026-07-19 14:53:00,0
TX002549,AC1437,AC1037,2677.6,2026-07-19 14:53:00,0
TX002550,AC1580,AC1044,2424.58,2026-07-19 14:54:00,0
TX002551,AC1292,AC1216,2957.56,2026-07-19 14:58:00,0
TX002552,AC1014,AC1469,8150.84,2026-07-19 15:06:00,0
TX002553,AC1405,AC1156,3162.77,2026-07-19 15:14:00,0
TX002554,AC1335,AC1056,6555.23,2026-07-19 15:24:00,0
TX002555,AC1006,AC1375,1006.01,2026-07-19 15:27:00,0
TX002556,AC1487,AC1565,1312.15,2026-07-19 15:30:00,0
TX002557,AC1185,AC1121,3696.96,2026-07-19 15:32:00,0
TX002558,AC1241,AC1060,501.43,2026-07-19 15:34:00,0
TX002559,AC1018,AC1317,3686.9,2026-07-19 15:37:00,0
TX002560,AC1391,AC1597,3862.43,2026-07-19 15:44:00,0
TX002561,AC1542,AC1267,4949.27,2026-07-19 15:47:00,0
TX002562,AC1550,AC1319,2192.66,2026-07-19 15:47:00,0
TX002563,AC1043,AC1264,16159.24,2026-07-19 15:50:00,0
TX002564,AC1400,AC1344,1402.84,2026-07-19 16:03:00,0
TX002565,AC1565,AC1083,2145.99,2026-07-19 16:07:00,0
TX002566,AC1018,AC1058,10996.27,2026-07-19 16:07:00,0
TX002567,AC1090,AC1346,1928.61,2026-07-19 16:17:00,0
TX002568,AC1449,AC1063,1492.59,2026-07-19 16:17:00,0
TX002569,AC1360,AC1370,3518.64,2026-07-19 16:18:00,0
TX002570,AC1341,AC1448,1621.58,2026-07-19 16:33:00,0
TX002571,AC1344,AC1521,624.1,2026-07-19 16:38:00,0
TX002572,AC1115,AC1140,4549.23,2026-07-19 16:40:00,0
TX002573,AC1199,AC1530,1980.83,2026-07-19 16:43:00,0
TX002574,AC1441,AC1243,2846.42,2026-07-19 16:46:00,0
TX002575,AC1211,AC1473,1690.09,2026-07-19 16:47:00,0
TX002576,AC1067,AC1510,2331.88,2026-07-19 16:48:00,0
TX002577,AC1121,AC1527,1421.96,2026-07-19 16:49:00,0
TX002578,AC1230,AC1229,495.67,2026-07-19 16:55:00,0
TX002579,AC1427,AC1430,2573.12,2026-07-19 17:11:00,0
TX002580,AC1197,AC1379,4008.76,2026-07-19 17:14:00,0
TX002581,AC1082,AC1338,1923.97,2026-07-19 17:22:00,0
TX002582,AC1260,AC1412,1018.04,2026-07-19 17:27:00,0
TX002583,AC1175,AC1076,1710.45,2026-07-19 17:37:00,0
TX002584,AC1457,AC1335,2964.29,2026-07-19 17:39:00,0
TX002585,AC1344,AC1538,2260.67,2026-07-19 17:40:00,0
TX002586,AC1351,AC1094,3119.37,2026-07-19 17:45:00,0
TX002587,AC1597,AC1233,7439.03,2026-07-19 17:45:00,0
TX002588,AC1575,AC1007,3384.29,2026-07-19 17:53:00,0
TX002589,AC1077,AC1101,2544.72,2026-07-19 17:54:00,0
TX002590,AC1338,AC1503,1769.9,2026-07-19 17:59:00,0
TX002591,AC1074,AC1084,1065.45,2026-07-19 18:00:00,0
TX002592,AC1344,AC1511,1238.23,2026-07-19 18:00:00,0
TX002593,AC1026,AC1072,3697.13,2026-07-19 18:02:00,0
TX002594,AC1356,AC1083,1679.4,2026-07-19 18:03:00,0
TX002595,AC1285,AC1445,357.28,2026-07-19 18:04:00,0
TX002596,AC1252,AC1222,2398.95,2026-07-19 18:21:00,0
TX002597,AC1438,AC1026,2226.47,2026-07-19 18:23:00,0
TX002598,AC1147,AC1090,3296.19,2026-07-19 18:28:00,0
TX002599,AC1029,AC1079,528.49,2026-07-19 18:37:00,0
TX002600,AC1237,AC1212,2301.45,2026-07-19 18:41:00,0
TX002601,AC1463,AC1565,6045.4,2026-07-19 18:50:00,0
TX002602,AC1090,AC1346,828.57,2026-07-19 18:54:00,0
TX002603,AC1189,AC1530,809.16,2026-07-19 18:56:00,0
TX002604,AC1504,AC1540,1903.61,2026-07-19 19:07:00,0
TX002605,AC1280,AC1065,3413.09,2026-07-19 19:26:00,0
TX002606,AC1044,AC1466,8554.34,2026-07-19 19:34:00,0
TX002607,AC1135,AC1266,2729.46,2026-07-19 19:37:00,0
TX002608,AC1565,AC1034,531.16,2026-07-19 19:43:00,0
TX002609,AC1081,AC1133,2237.97,2026-07-19 19:54:00,0
TX002610,AC1461,AC1463,1781.3,2026-07-19 20:28:00,0
TX002611,AC1565,AC1192,453.4,2026-07-19 20:43:00,0
TX002612,AC1164,AC1585,1693.3,2026-07-19 20:45:00,0
TX002613,AC1153,AC1537,6429.69,2026-07-19 21:35:00,0
TX002614,AC1232,AC1285,2250.75,2026-07-19 21:36:00,0
TX002615,AC1090,AC1285,734.24,2026-07-19 21:53:00,0
TX002616,AC1344,AC1442,1481.76,2026-07-19 21:55:00,0
TX002617,AC1044,AC1056,1266.94,2026-07-20 06:10:00,0
TX002618,AC1533,AC1090,500.21,2026-07-20 06:28:00,0
TX002619,AC1542,AC1090,2360.68,2026-07-20 07:05:00,0
TX002620,AC1285,AC1011,2858.36,2026-07-20 07:31:00,0
TX002621,AC1123,AC1285,3722.16,2026-07-20 07:57:00,0
TX002622,AC1547,AC1403,2942.43,2026-07-20 08:05:00,0
TX002623,AC1248,AC1018,2819.17,2026-07-20 08:10:00,0
TX002624,AC1565,AC1187,3761.37,2026-07-20 08:16:00,0
TX002625,AC1044,AC1255,5142.01,2026-07-20 08:18:00,0
TX002626,AC1553,AC1580,1573.35,2026-07-20 08:22:00,0
TX002627,AC1254,AC1504,1877.76,2026-07-20 08:54:00,0
TX002628,AC1485,AC1303,1198.58,2026-07-20 08:57:00,0
TX002629,AC1494,AC1473,2389.43,2026-07-20 09:08:00,0
TX002630,AC1364,AC1344,1257.28,2026-07-20 09:19:00,0
TX002631,AC1291,AC1344,7865.25,2026-07-20 09:59:00,0
TX002632,AC1084,AC1545,5843.18,2026-07-20 10:02:00,0
TX002633,AC1087,AC1096,4985.17,2026-07-20 10:08:00,0
TX002634,AC1213,AC1460,6559.43,2026-07-20 10:13:00,0
TX002635,AC1001,AC1006,7637.47,2026-07-20 10:13:00,0
TX002636,AC1421,AC1532,1607.72,2026-07-20 10:25:00,0
TX002637,AC1480,AC1218,776.41,2026-07-20 10:33:00,0
TX002638,AC1046,AC1569,1825.08,2026-07-20 10:36:00,0
TX002639,AC1539,AC1344,1799.17,2026-07-20 10:39:00,0
TX002640,AC1048,AC1074,3826.68,2026-07-20 10:44:00,0
TX002641,AC1412,AC1566,3458.92,2026-07-20 10:46:00,0
TX002642,AC1402,AC1191,2231.9,2026-07-20 10:51:00,0
TX002643,AC1565,AC1332,5569.37,2026-07-20 10:54:00,0
TX002644,AC1313,AC1287,920.68,2026-07-20 10:57:00,0
TX002645,AC1565,AC1255,1656.17,2026-07-20 10:59:00,0
TX002646,AC1379,AC1578,1735.5,2026-07-20 11:01:00,0
TX002647,AC1392,AC1363,2560.86,2026-07-20 11:08:00,0
TX002648,AC1416,AC1435,3584.85,2026-07-20 11:09:00,0
TX002649,AC1407,AC1360,1058.69,2026-07-20 11:14:00,0
TX002650,AC1553,AC1450,1511.03,2026-07-20 11:36:00,0
TX002651,AC1262,AC1018,3390.6,2026-07-20 11:39:00,0
TX002652,AC1209,AC1090,835.44,2026-07-20 11:41:00,0
TX002653,AC1249,AC1285,6513.96,2026-07-20 11:42:00,0
TX002654,AC1410,AC1209,3745.63,2026-07-20 11:46:00,0
TX002655,AC1529,AC1393,1553.7,2026-07-20 11:53:00,0
TX002656,AC1344,AC1449,5519.67,2026-07-20 11:53:00,0
TX002657,AC1042,AC1243,1869.5,2026-07-20 11:55:00,0
TX002658,AC1044,AC1344,4452.64,2026-07-20 12:02:00,0
TX002659,AC1344,AC1381,1167.78,2026-07-20 12:03:00,0
TX002660,AC1328,AC1138,1772.64,2026-07-20 12:12:00,0
TX002661,AC1345,AC1554,1303.46,2026-07-20 12:21:00,0
TX002662,AC1509,AC1018,4102.78,2026-07-20 12:28:00,0
TX002663,AC1346,AC1449,4291.17,2026-07-20 12:37:00,0
TX002664,AC1285,AC1597,2210.74,2026-07-20 12:46:00,0
TX002665,AC1151,AC1565,3252.01,2026-07-20 12:48:00,0
TX002666,AC1122,AC1315,1295.12,2026-07-20 12:48:00,0
TX002667,AC1006,AC1474,1383.22,2026-07-20 12:56:00,0
TX002668,AC1344,AC1431,1818.1,2026-07-20 13:01:00,0
TX002669,AC1422,AC1454,807.55,2026-07-20 13:02:00,0
TX002670,AC1285,AC1287,1594.12,2026-07-20 13:11:00,0
TX002671,AC1356,AC1266,3231.87,2026-07-20 13:12:00,0
TX002672,AC1082,AC1111,1302.61,2026-07-20 13:13:00,0
TX002673,AC1512,AC1270,1510.15,2026-07-20 13:19:00,0
TX002674,AC1344,AC1570,4477.37,2026-07-20 13:21:00,0
TX002675,AC1570,AC1190,2161.74,2026-07-20 13:30:00,0
TX002676,AC1341,AC1090,3412.52,2026-07-20 13:32:00,0
TX002677,AC1285,AC1269,5652.33,2026-07-20 13:40:00,0
TX002678,AC1153,AC1103,4649.08,2026-07-20 13:42:00,0
TX002679,AC1167,AC1044,1105.37,2026-07-20 13:47:00,0
TX002680,AC1438,AC1090,863.48,2026-07-20 13:50:00,0
TX002681,AC1077,AC1421,844.72,2026-07-20 13:53:00,0
TX002682,AC1281,AC1575,2782.22,2026-07-20 13:53:00,0
TX002683,AC1507,AC1413,3023.64,2026-07-20 13:54:00,0
TX002684,AC1369,AC1049,1377.53,2026-07-20 13:57:00,0
TX002685,AC1253,AC1018,1450.38,2026-07-20 13:58:00,0
TX002686,AC1167,AC1004,828.48,2026-07-20 14:02:00,0
TX002687,AC1120,AC1090,2564.76,2026-07-20 14:06:00,0
TX002688,AC1327,AC1442,1975.33,2026-07-20 14:06:00,0
TX002689,AC1049,AC1257,1473.03,2026-07-20 14:11:00,0
TX002690,AC1192,AC1482,9561.25,2026-07-20 14:11:00,0
TX002691,AC1464,AC1303,5214.71,2026-07-20 14:18:00,0
TX002692,AC1271,AC1285,2395.37,2026-07-20 14:23:00,0
TX002693,AC1067,AC1031,6210.03,2026-07-20 14:23:00,0
TX002694,AC1322,AC1411,3883.8,2026-07-20 14:30:00,0
TX002695,AC1192,AC1379,2779.88,2026-07-20 14:30:00,0
TX002696,AC1364,AC1392,3314.68,2026-07-20 14:43:00,0
TX002697,AC1283,AC1210,5626.23,2026-07-20 14:43:00,0
TX002698,AC1181,AC1090,2754.36,2026-07-20 14:56:00,0
TX002699,AC1445,AC1575,4215.22,2026-07-20 14:58:00,0
TX002700,AC1140,AC1369,1632.33,2026-07-20 15:02:00,0
TX002701,AC1044,AC1559,2513.08,2026-07-20 15:12:00,0
TX002702,AC1565,AC1095,2736.76,2026-07-20 15:17:00,0
TX002703,AC1565,AC1108,3481.68,2026-07-20 15:20:00,0
TX002704,AC1018,AC1211,2062.9,2026-07-20 15:30:00,0
TX002705,AC1277,AC1285,1457.48,2026-07-20 15:34:00,0
TX002706,AC1285,AC1191,2503.23,2026-07-20 15:45:00,0
TX002707,AC1266,AC1438,1915.28,2026-07-20 15:46:00,0
TX002708,AC1043,AC1104,1912.32,2026-07-20 15:46:00,0
TX002709,AC1280,AC1195,2991.02,2026-07-20 15:51:00,0
TX002710,AC1367,AC1001,1739.57,2026-07-20 15:54:00,0
TX002711,AC1543,AC1233,1272.67,2026-07-20 16:07:00,0
TX002712,AC1285,AC1444,445.23,2026-07-20 16:13:00,0
TX002713,AC1557,AC1270,2306.05,2026-07-20 16:13:00,0
TX002714,AC1285,AC1585,542.04,2026-07-20 16:14:00,0
TX002715,AC1582,AC1038,3659.25,2026-07-20 16:14:00,0
TX002716,AC1090,AC1300,1808.35,2026-07-20 16:15:00,0
TX002717,AC1141,AC1466,11254.53,2026-07-20 16:16:00,0
TX002718,AC1409,AC1076,2071.17,2026-07-20 16:19:00,0
TX002719,AC1026,AC1087,1304.23,2026-07-20 16:20:00,0
TX002720,AC1460,AC1276,4642.35,2026-07-20 16:32:00,0
TX002721,AC1198,AC1061,5076.45,2026-07-20 16:36:00,0
TX002722,AC1326,AC1444,2637.06,2026-07-20 16:42:00,0
TX002723,AC1513,AC1389,1745.31,2026-07-20 17:02:00,0
TX002724,AC1326,AC1040,2221.85,2026-07-20 17:05:00,0
TX002725,AC1480,AC1575,9050.79,2026-07-20 17:38:00,0
TX002726,AC1201,AC1547,4036.72,2026-07-20 17:41:00,0
TX002727,AC1243,AC1535,2752.24,2026-07-20 18:14:00,0
TX002728,AC1199,AC1446,964.5,2026-07-20 18:18:00,0
TX002729,AC1157,AC1435,5702.23,2026-07-20 18:22:00,0
TX002730,AC1090,AC1059,1488.62,2026-07-20 18:28:00,0
TX002731,AC1410,AC1326,2011.01,2026-07-20 19:03:00,0
TX002732,AC1018,AC1490,1741.15,2026-07-20 19:06:00,0
TX002733,AC1246,AC1188,1792.19,2026-07-20 19:14:00,0
TX002734,AC1303,AC1510,6399.65,2026-07-20 19:50:00,0
TX002735,AC1242,AC1018,1697.0,2026-07-20 19:53:00,0
TX002736,AC1098,AC1285,741.58,2026-07-20 20:02:00,0
TX002737,AC1164,AC1480,1274.51,2026-07-20 20:10:00,0
TX002738,AC1303,AC1565,1689.52,2026-07-20 20:16:00,0
TX002739,AC1345,AC1285,4145.66,2026-07-20 20:22:00,0
TX002740,AC1254,AC1486,2111.56,2026-07-20 20:22:00,0
TX002741,AC1565,AC1271,8386.72,2026-07-20 20:32:00,0
TX002742,AC1468,AC1324,3871.42,2026-07-20 21:16:00,0
TX002743,AC1332,AC1257,4815.91,2026-07-20 22:02:00,0
TX002744,AC1362,AC1498,5475.29,2026-07-20 22:04:00,0
TX002745,AC1176,AC1285,925.48,2026-07-20 22:08:00,0
TX002746,AC1132,AC1001,1575.91,2026-07-20 22:10:00,0
TX002747,AC1018,AC1069,3996.53,2026-07-20 22:16:00,0
TX002748,AC1037,AC1522,3918.43,2026-07-20 22:20:00,0
TX002749,AC1057,AC1044,1722.74,2026-07-20 22:23:00,0
TX002750,AC1488,AC1090,14293.17,2026-07-20 22:27:00,0
TX002751,AC1555,AC1575,2882.39,2026-07-20 22:45:00,0
TX002752,AC1026,AC1308,1647.51,2026-07-20 22:53:00,0
TX002753,AC1344,AC1070,2141.92,2026-07-21 06:12:00,0
TX002754,AC1058,AC1065,586.81,2026-07-21 06:26:00,0
TX002755,AC1007,AC1344,1015.56,2026-07-21 06:52:00,0
TX002756,AC1285,AC1547,4376.08,2026-07-21 07:07:00,0
TX002757,AC1480,AC1572,754.52,2026-07-21 07:15:00,0
TX002758,AC1552,AC1038,6208.09,2026-07-21 07:21:00,0
TX002759,AC1118,AC1542,1553.65,2026-07-21 07:32:00,0
TX002760,AC1344,AC1285,2210.63,2026-07-21 08:09:00,0
TX002761,AC1344,AC1572,2632.79,2026-07-21 08:36:00,0
TX002762,AC1439,AC1347,6577.7,2026-07-21 08:53:00,0
TX002763,AC1187,AC1333,1599.12,2026-07-21 09:00:00,0
TX002764,AC1071,AC1344,2467.24,2026-07-21 09:00:00,0
TX002765,AC1295,AC1076,3887.24,2026-07-21 09:37:00,0
TX002766,AC1565,AC1580,2970.97,2026-07-21 09:38:00,0
TX002767,AC1285,AC1048,3018.85,2026-07-21 09:40:00,0
TX002768,AC1379,AC1523,825.62,2026-07-21 09:41:00,0
TX002769,AC1039,AC1133,3773.17,2026-07-21 09:46:00,0
TX002770,AC1283,AC1421,3632.77,2026-07-21 09:49:00,0
TX002771,AC1100,AC1269,8856.66,2026-07-21 10:04:00,0
TX002772,AC1392,AC1077,4220.86,2026-07-21 10:08:00,0
TX002773,AC1432,AC1292,2343.08,2026-07-21 10:16:00,0
TX002774,AC1090,AC1285,2455.2,2026-07-21 10:18:00,0
TX002775,AC1532,AC1438,1605.79,2026-07-21 10:26:00,0
TX002776,AC1218,AC1285,5743.53,2026-07-21 10:29:00,0
TX002777,AC1388,AC1531,1383.43,2026-07-21 10:31:00,0
TX002778,AC1565,AC1379,3929.65,2026-07-21 10:47:00,0
TX002779,AC1044,AC1392,3460.96,2026-07-21 10:48:00,0
TX002780,AC1043,AC1021,5902.76,2026-07-21 10:52:00,0
TX002781,AC1522,AC1537,499.86,2026-07-21 11:03:00,0
TX002782,AC1379,AC1209,1005.21,2026-07-21 11:05:00,0
TX002783,AC1344,AC1246,4695.58,2026-07-21 11:06:00,0
TX002784,AC1347,AC1492,1824.73,2026-07-21 11:16:00,0
TX002785,AC1285,AC1264,2883.89,2026-07-21 11:29:00,0
TX002786,AC1335,AC1164,4537.13,2026-07-21 11:29:00,0
TX002787,AC1209,AC1191,10135.44,2026-07-21 11:36:00,0
TX002788,AC1067,AC1312,9416.34,2026-07-21 11:38:00,0
TX002789,AC1090,AC1038,2838.99,2026-07-21 11:51:00,0
TX002790,AC1184,AC1384,2616.56,2026-07-21 11:51:00,0
TX002791,AC1278,AC1292,2234.33,2026-07-21 11:56:00,0
TX002792,AC1026,AC1381,922.98,2026-07-21 12:05:00,0
TX002793,AC1092,AC1496,888.35,2026-07-21 12:16:00,0
TX002794,AC1107,AC1389,2670.97,2026-07-21 12:16:00,0
TX002795,AC1468,AC1437,2491.84,2026-07-21 12:18:00,0
TX002796,AC1104,AC1083,1403.97,2026-07-21 12:24:00,0
TX002797,AC1289,AC1121,5290.58,2026-07-21 12:27:00,0
TX002798,AC1258,AC1555,5869.66,2026-07-21 12:36:00,0
TX002799,AC1070,AC1442,3462.85,2026-07-21 12:43:00,0
TX002800,AC1597,AC1265,2243.71,2026-07-21 12:44:00,0
TX002801,AC1061,AC1277,1027.29,2026-07-21 12:44:00,0
TX002802,AC1056,AC1191,4321.96,2026-07-21 12:46:00,0
TX002803,AC1379,AC1190,1918.69,2026-07-21 12:48:00,0
TX002804,AC1065,AC1284,4700.41,2026-07-21 12:48:00,0
TX002805,AC1016,AC1424,1424.1,2026-07-21 13:10:00,0
TX002806,AC1585,AC1285,1374.91,2026-07-21 13:10:00,0
TX002807,AC1287,AC1393,3699.89,2026-07-21 13:16:00,0
TX002808,AC1176,AC1200,19568.4,2026-07-21 13:21:00,0
TX002809,AC1280,AC1057,1108.31,2026-07-21 13:28:00,0
TX002810,AC1435,AC1105,1686.24,2026-07-21 13:29:00,0
TX002811,AC1193,AC1597,1418.1,2026-07-21 13:31:00,0
TX002812,AC1359,AC1293,2375.98,2026-07-21 13:44:00,0
TX002813,AC1182,AC1514,1054.39,2026-07-21 13:44:00,0
TX002814,AC1374,AC1472,733.5,2026-07-21 13:46:00,0
TX002815,AC1515,AC1591,1218.75,2026-07-21 13:49:00,0
TX002816,AC1285,AC1026,5436.35,2026-07-21 13:55:00,0
TX002817,AC1467,AC1549,3243.79,2026-07-21 13:56:00,0
TX002818,AC1285,AC1469,9332.4,2026-07-21 14:04:00,0
TX002819,AC1086,AC1284,1825.72,2026-07-21 14:08:00,0
TX002820,AC1344,AC1289,7430.41,2026-07-21 14:22:00,0
TX002821,AC1344,AC1295,2077.55,2026-07-21 14:22:00,0
TX002822,AC1164,AC1262,2029.04,2026-07-21 14:25:00,0
TX002823,AC1285,AC1264,2589.56,2026-07-21 14:28:00,0
TX002824,AC1515,AC1531,1358.85,2026-07-21 14:44:00,0
TX002825,AC1090,AC1535,2724.19,2026-07-21 14:49:00,0
TX002826,AC1025,AC1493,7552.47,2026-07-21 14:49:00,0
TX002827,AC1551,AC1291,690.68,2026-07-21 14:52:00,0
TX002828,AC1336,AC1285,1343.41,2026-07-21 14:54:00,0
TX002829,AC1020,AC1013,1095.14,2026-07-21 14:58:00,0
TX002830,AC1094,AC1498,10611.14,2026-07-21 15:07:00,0
TX002831,AC1344,AC1145,1677.57,2026-07-21 15:17:00,0
TX002832,AC1278,AC1568,1219.52,2026-07-21 15:19:00,0
TX002833,AC1326,AC1361,1076.8,2026-07-21 15:19:00,0
TX002834,AC1392,AC1508,3157.55,2026-07-21 15:21:00,0
TX002835,AC1211,AC1122,5723.11,2026-07-21 15:29:00,0
TX002836,AC1090,AC1360,802.96,2026-07-21 15:31:00,0
TX002837,AC1565,AC1067,7406.73,2026-07-21 15:40:00,0
TX002838,AC1476,AC1246,1592.12,2026-07-21 15:41:00,0
TX002839,AC1580,AC1017,2111.36,2026-07-21 15:45:00,0
TX002840,AC1590,AC1280,3883.29,2026-07-21 15:48:00,0
TX002841,AC1212,AC1183,2115.51,2026-07-21 16:08:00,0
TX002842,AC1248,AC1090,5209.29,2026-07-21 16:10:00,0
TX002843,AC1343,AC1364,1413.23,2026-07-21 16:11:00,0
TX002844,AC1008,AC1254,8859.33,2026-07-21 16:11:00,0
TX002845,AC1254,AC1345,2598.85,2026-07-21 16:14:00,0
TX002846,AC1237,AC1199,6832.46,2026-07-21 16:14:00,1
TX002847,AC1595,AC1581,2284.38,2026-07-21 16:21:00,0
TX002848,AC1537,AC1062,5951.33,2026-07-21 16:26:00,0
TX002849,AC1067,AC1327,3684.16,2026-07-21 16:33:00,0
TX002850,AC1531,AC1525,15883.4,2026-07-21 16:34:00,0
TX002851,AC1348,AC1259,1064.88,2026-07-21 16:35:00,0
TX002852,AC1125,AC1487,900.98,2026-07-21 16:41:00,0
TX002853,AC1497,AC1083,2543.25,2026-07-21 16:51:00,0
TX002854,AC1246,AC1448,967.94,2026-07-21 16:54:00,0
TX002855,AC1344,AC1284,2565.54,2026-07-21 17:01:00,0
TX002856,AC1205,AC1535,8095.66,2026-07-21 17:10:00,0
TX002857,AC1421,AC1344,2073.74,2026-07-21 17:18:00,0
TX002858,AC1263,AC1234,3747.32,2026-07-21 17:23:00,0
TX002859,AC1069,AC1559,1071.03,2026-07-21 17:23:00,0
TX002860,AC1135,AC1082,1331.57,2026-07-21 17:37:00,0
TX002861,AC1432,AC1237,2872.26,2026-07-21 18:03:00,0
TX002862,AC1253,AC1596,10290.26,2026-07-21 18:04:00,0
TX002863,AC1344,AC1245,1043.06,2026-07-21 18:06:00,0
TX002864,AC1116,AC1090,2380.11,2026-07-21 18:07:00,0
TX002865,AC1323,AC1285,2206.63,2026-07-21 18:24:00,0
TX002866,AC1199,AC1070,6773.13,2026-07-21 18:38:00,1
TX002867,AC1590,AC1123,3061.42,2026-07-21 18:49:00,0
TX002868,AC1110,AC1104,1918.56,2026-07-21 18:50:00,0
TX002869,AC1344,AC1408,4589.2,2026-07-21 19:07:00,0
TX002870,AC1237,AC1097,592.68,2026-07-21 19:13:00,0
TX002871,AC1369,AC1334,1222.57,2026-07-21 19:21:00,0
TX002872,AC1321,AC1314,4175.8,2026-07-21 19:24:00,0
TX002873,AC1083,AC1569,2364.74,2026-07-21 19:32:00,0
TX002874,AC1348,AC1522,3531.34,2026-07-21 19:40:00,0
TX002875,AC1242,AC1496,5750.15,2026-07-21 19:42:00,0
TX002876,AC1515,AC1100,1325.92,2026-07-21 19:50:00,0
TX002877,AC1175,AC1451,5250.76,2026-07-21 20:26:00,0
TX002878,AC1403,AC1372,2669.86,2026-07-21 20:33:00,0
TX002879,AC1070,AC1231,6766.13,2026-07-21 20:36:00,1
TX002880,AC1011,AC1166,5796.28,2026-07-21 21:47:00,0
TX002881,AC1231,AC1237,6696.43,2026-07-21 22:09:00,1
TX002882,AC1319,AC1044,10570.09,2026-07-21 22:15:00,0
TX002883,AC1344,AC1428,821.52,2026-07-21 22:20:00,0
TX002884,AC1054,AC1344,537.58,2026-07-21 22:23:00,0
TX002885,AC1581,AC1379,2283.71,2026-07-21 22:26:00,0
TX002886,AC1344,AC1593,1609.58,2026-07-22 06:17:00,0
TX002887,AC1535,AC1442,1146.73,2026-07-22 06:26:00,0
TX002888,AC1494,AC1591,1784.61,2026-07-22 06:27:00,0
TX002889,AC1457,AC1285,5549.62,2026-07-22 06:37:00,0
TX002890,AC1018,AC1392,1038.57,2026-07-22 06:42:00,0
TX002891,AC1590,AC1453,4719.19,2026-07-22 06:42:00,0
TX002892,AC1223,AC1526,4705.67,2026-07-22 07:03:00,0
TX002893,AC1520,AC1010,1921.9,2026-07-22 07:24:00,0
TX002894,AC1246,AC1360,1399.52,2026-07-22 07:25:00,0
TX002895,AC1037,AC1044,1563.95,2026-07-22 08:04:00,0
TX002896,AC1320,AC1157,2059.31,2026-07-22 08:06:00,0
TX002897,AC1418,AC1083,2356.24,2026-07-22 08:20:00,0
TX002898,AC1164,AC1100,861.56,2026-07-22 08:28:00,0
TX002899,AC1332,AC1285,2355.46,2026-07-22 08:41:00,0
TX002900,AC1067,AC1372,1334.36,2026-07-22 08:48:00,0
TX002901,AC1106,AC1079,9574.66,2026-07-22 08:48:00,0
TX002902,AC1191,AC1055,3322.34,2026-07-22 09:16:00,0
TX002903,AC1169,AC1520,2497.27,2026-07-22 09:17:00,0
TX002904,AC1534,AC1565,2512.11,2026-07-22 09:31:00,0
TX002905,AC1517,AC1211,4472.61,2026-07-22 09:35:00,0
TX002906,AC1385,AC1155,1450.34,2026-07-22 09:59:00,0
TX002907,AC1218,AC1332,4821.8,2026-07-22 10:08:00,0
TX002908,AC1466,AC1348,1933.82,2026-07-22 10:08:00,0
TX002909,AC1291,AC1187,2342.84,2026-07-22 10:11:00,0
TX002910,AC1517,AC1291,2255.27,2026-07-22 10:24:00,0
TX002911,AC1518,AC1597,2212.42,2026-07-22 10:33:00,0
TX002912,AC1493,AC1157,3243.29,2026-07-22 10:39:00,0
TX002913,AC1009,AC1392,4353.47,2026-07-22 10:48:00,0
TX002914,AC1110,AC1346,837.11,2026-07-22 10:52:00,0
TX002915,AC1336,AC1466,6800.62,2026-07-22 10:55:00,0
TX002916,AC1212,AC1054,1067.97,2026-07-22 10:59:00,0
TX002917,AC1304,AC1008,1213.77,2026-07-22 11:09:00,0
TX002918,AC1392,AC1128,1590.35,2026-07-22 11:13:00,0
TX002919,AC1018,AC1022,1827.47,2026-07-22 11:13:00,0
TX002920,AC1496,AC1192,2219.12,2026-07-22 11:15:00,0
TX002921,AC1348,AC1363,2613.96,2026-07-22 11:22:00,0
TX002922,AC1549,AC1056,12463.31,2026-07-22 11:31:00,0
TX002923,AC1481,AC1510,2506.94,2026-07-22 11:36:00,0
TX002924,AC1346,AC1387,2827.13,2026-07-22 11:44:00,0
TX002925,AC1480,AC1546,648.89,2026-07-22 11:53:00,0
TX002926,AC1515,AC1263,627.48,2026-07-22 12:03:00,0
TX002927,AC1271,AC1507,3858.41,2026-07-22 12:05:00,0
TX002928,AC1093,AC1379,2798.53,2026-07-22 12:21:00,0
TX002929,AC1493,AC1044,1808.93,2026-07-22 12:35:00,0
TX002930,AC1218,AC1030,6753.17,2026-07-22 12:42:00,0
TX002931,AC1237,AC1199,7122.37,2026-07-22 12:46:00,1
TX002932,AC1572,AC1348,1992.05,2026-07-22 12:56:00,0
TX002933,AC1540,AC1212,4024.61,2026-07-22 13:02:00,0
TX002934,AC1344,AC1014,1277.78,2026-07-22 13:03:00,0
TX002935,AC1517,AC1010,3124.86,2026-07-22 13:06:00,0
TX002936,AC1281,AC1357,6517.77,2026-07-22 13:19:00,0
TX002937,AC1252,AC1555,4927.48,2026-07-22 13:27:00,0
TX002938,AC1509,AC1498,2332.78,2026-07-22 13:28:00,0
TX002939,AC1565,AC1546,4686.97,2026-07-22 13:33:00,0
TX002940,AC1124,AC1479,9662.45,2026-07-22 13:45:00,0
TX002941,AC1585,AC1412,3417.69,2026-07-22 13:46:00,0
TX002942,AC1119,AC1379,4295.08,2026-07-22 13:48:00,0
TX002943,AC1083,AC1431,4816.17,2026-07-22 13:48:00,0
TX002944,AC1246,AC1090,738.71,2026-07-22 13:50:00,0
TX002945,AC1190,AC1080,982.41,2026-07-22 13:53:00,0
TX002946,AC1006,AC1565,2643.3,2026-07-22 13:58:00,0
TX002947,AC1565,AC1477,2322.03,2026-07-22 14:08:00,0
TX002948,AC1565,AC1023,977.4,2026-07-22 14:18:00,0
TX002949,AC1487,AC1344,1522.7,2026-07-22 14:26:00,0
TX002950,AC1289,AC1344,2781.54,2026-07-22 14:26:00,0
TX002951,AC1545,AC1538,2398.53,2026-07-22 14:32:00,0
TX002952,AC1392,AC1090,644.35,2026-07-22 14:39:00,0
TX002953,AC1182,AC1054,1718.84,2026-07-22 14:44:00,0
TX002954,AC1264,AC1323,2179.72,2026-07-22 14:48:00,0
TX002955,AC1320,AC1323,443.41,2026-07-22 15:01:00,0
TX002956,AC1218,AC1135,3655.73,2026-07-22 15:03:00,0
TX002957,AC1212,AC1166,3985.98,2026-07-22 15:23:00,0
TX002958,AC1285,AC1067,427.88,2026-07-22 15:38:00,0
TX002959,AC1405,AC1457,2798.72,2026-07-22 15:41:00,0
TX002960,AC1090,AC1295,2487.75,2026-07-22 15:44:00,0
TX002961,AC1251,AC1293,7997.39,2026-07-22 15:45:00,0
TX002962,AC1018,AC1212,1907.9,2026-07-22 15:46:00,0
TX002963,AC1531,AC1461,2382.9,2026-07-22 15:52:00,0
TX002964,AC1071,AC1321,10418.95,2026-07-22 15:58:00,0
TX002965,AC1199,AC1070,7114.24,2026-07-22 16:04:00,1
TX002966,AC1218,AC1285,991.97,2026-07-22 16:11:00,0
TX002967,AC1014,AC1135,1623.19,2026-07-22 16:11:00,0
TX002968,AC1289,AC1439,6893.43,2026-07-22 16:15:00,0
TX002969,AC1308,AC1344,3412.64,2026-07-22 16:21:00,0
TX002970,AC1138,AC1123,2135.37,2026-07-22 16:22:00,0
TX002971,AC1565,AC1453,654.31,2026-07-22 16:22:00,0
TX002972,AC1262,AC1440,916.99,2026-07-22 16:27:00,0
TX002973,AC1031,AC1248,1820.66,2026-07-22 16:27:00,0
TX002974,AC1285,AC1055,474.88,2026-07-22 16:29:00,0
TX002975,AC1164,AC1344,1877.14,2026-07-22 16:32:00,0
TX002976,AC1327,AC1048,1147.92,2026-07-22 16:40:00,0
TX002977,AC1354,AC1090,10048.47,2026-07-22 16:41:00,0
TX002978,AC1594,AC1127,1126.71,2026-07-22 16:45:00,0
TX002979,AC1042,AC1150,645.55,2026-07-22 16:53:00,0
TX002980,AC1575,AC1460,2453.15,2026-07-22 16:56:00,0
TX002981,AC1401,AC1161,4165.79,2026-07-22 17:07:00,0
TX002982,AC1143,AC1344,5715.54,2026-07-22 17:13:00,0
TX002983,AC1090,AC1496,1932.36,2026-07-22 17:14:00,0
TX002984,AC1119,AC1419,2035.21,2026-07-22 17:24:00,0
TX002985,AC1188,AC1388,5249.5,2026-07-22 17:35:00,0
TX002986,AC1581,AC1364,2266.28,2026-07-22 17:41:00,0
TX002987,AC1291,AC1583,2193.88,2026-07-22 17:48:00,0
TX002988,AC1567,AC1361,3009.83,2026-07-22 17:57:00,0
TX002989,AC1555,AC1452,4400.07,2026-07-22 18:06:00,0
TX002990,AC1190,AC1542,1756.05,2026-07-22 18:07:00,0
TX002991,AC1015,AC1067,3089.21,2026-07-22 18:12:00,0
TX002992,AC1069,AC1344,2821.65,2026-07-22 18:28:00,0
TX002993,AC1070,AC1231,7035.28,2026-07-22 18:35:00,1
TX002994,AC1422,AC1461,6487.78,2026-07-22 18:36:00,0
TX002995,AC1248,AC1480,2122.24,2026-07-22 19:01:00,0
TX002996,AC1218,AC1279,992.68,2026-07-22 19:03:00,0
TX002997,AC1285,AC1344,1043.33,2026-07-22 19:46:00,0
TX002998,AC1231,AC1237,7019.17,2026-07-22 20:10:00,1
TX002999,AC1495,AC1018,2754.76,2026-07-22 20:13:00,0
TX003000,AC1021,AC1306,946.05,2026-07-22 20:48:00,0
TX003001,AC1344,AC1192,3949.25,2026-07-22 21:05:00,0
TX003002,AC1218,AC1128,4098.47,2026-07-22 21:06:00,0
TX003003,AC1231,AC1379,2513.14,2026-07-22 21:11:00,0
TX003004,AC1553,AC1337,3257.42,2026-07-22 21:14:00,0
TX003005,AC1504,AC1457,3409.17,2026-07-22 21:44:00,0
TX003006,AC1496,AC1285,2289.32,2026-07-22 22:00:00,0
TX003007,AC1503,AC1106,5857.92,2026-07-22 22:12:00,0
TX003008,AC1070,AC1026,3142.77,2026-07-22 22:31:00,0
TX003009,AC1135,AC1344,6034.21,2026-07-22 22:36:00,0
TX003010,AC1067,AC1492,9789.02,2026-07-23 06:23:00,0
TX003011,AC1124,AC1090,1663.7,2026-07-23 06:40:00,0
TX003012,AC1266,AC1404,5653.9,2026-07-23 06:55:00,0
TX003013,AC1450,AC1155,10696.82,2026-07-23 07:12:00,0
TX003014,AC1546,AC1004,949.19,2026-07-23 07:54:00,0
TX003015,AC1447,AC1017,1365.32,2026-07-23 08:13:00,0
TX003016,AC1378,AC1536,1471.38,2026-07-23 08:25:00,0
TX003017,AC1517,AC1183,8682.5,2026-07-23 08:35:00,0
TX003018,AC1334,AC1044,1692.87,2026-07-23 08:37:00,0
TX003019,AC1513,AC1083,4197.54,2026-07-23 08:38:00,0
TX003020,AC1274,AC1523,2120.71,2026-07-23 08:55:00,0
TX003021,AC1333,AC1023,4470.38,2026-07-23 09:05:00,0
TX003022,AC1096,AC1559,5593.09,2026-07-23 09:13:00,0
TX003023,AC1018,AC1389,1400.87,2026-07-23 09:16:00,0
TX003024,AC1585,AC1018,2447.5,2026-07-23 09:23:00,0
TX003025,AC1184,AC1358,1805.14,2026-07-23 09:26:00,0
TX003026,AC1415,AC1090,1911.37,2026-07-23 09:26:00,0
TX003027,AC1074,AC1122,4383.76,2026-07-23 10:01:00,0
TX003028,AC1079,AC1052,1559.28,2026-07-23 10:04:00,0
TX003029,AC1022,AC1547,3459.17,2026-07-23 10:27:00,0
TX003030,AC1090,AC1574,2315.74,2026-07-23 10:33:00,0
TX003031,AC1256,AC1596,311.05,2026-07-23 10:43:00,0
TX003032,AC1537,AC1535,4186.5,2026-07-23 10:46:00,0
TX003033,AC1400,AC1458,4082.34,2026-07-23 10:49:00,0
TX003034,AC1341,AC1532,3009.92,2026-07-23 10:53:00,0
TX003035,AC1556,AC1004,3996.0,2026-07-23 11:09:00,0
TX003036,AC1378,AC1360,265.0,2026-07-23 11:19:00,0
TX003037,AC1212,AC1304,1286.04,2026-07-23 11:22:00,0
TX003038,AC1001,AC1381,897.17,2026-07-23 11:26:00,0
TX003039,AC1595,AC1347,1842.31,2026-07-23 11:38:00,0
TX003040,AC1548,AC1270,2552.4,2026-07-23 11:53:00,0
TX003041,AC1520,AC1090,1901.7,2026-07-23 11:57:00,0
TX003042,AC1340,AC1330,1679.48,2026-07-23 11:58:00,0
TX003043,AC1083,AC1344,2227.04,2026-07-23 11:59:00,0
TX003044,AC1176,AC1209,3073.0,2026-07-23 12:06:00,0
TX003045,AC1563,AC1565,355.23,2026-07-23 12:18:00,0
TX003046,AC1344,AC1342,2785.83,2026-07-23 12:26:00,0
TX003047,AC1575,AC1154,1843.17,2026-07-23 12:29:00,0
TX003048,AC1424,AC1065,629.63,2026-07-23 12:31:00,0
TX003049,AC1359,AC1409,3288.56,2026-07-23 12:37:00,0
TX003050,AC1244,AC1000,1690.57,2026-07-23 12:43:00,0
TX003051,AC1302,AC1466,1262.27,2026-07-23 12:50:00,0
TX003052,AC1126,AC1551,3278.95,2026-07-23 13:04:00,0
TX003053,AC1500,AC1333,1326.38,2026-07-23 13:09:00,0
TX003054,AC1565,AC1026,2836.22,2026-07-23 13:16:00,0
TX003055,AC1488,AC1510,3635.23,2026-07-23 13:16:00,0
TX003056,AC1204,AC1552,2223.72,2026-07-23 13:18:00,0
TX003057,AC1090,AC1056,2232.75,2026-07-23 13:26:00,0
TX003058,AC1347,AC1164,2355.59,2026-07-23 13:35:00,0
TX003059,AC1010,AC1162,7531.62,2026-07-23 13:42:00,0
TX003060,AC1285,AC1594,1473.41,2026-07-23 13:45:00,0
TX003061,AC1565,AC1393,1859.76,2026-07-23 13:47:00,0
TX003062,AC1381,AC1122,2454.05,2026-07-23 13:53:00,0
TX003063,AC1231,AC1284,794.73,2026-07-23 13:54:00,0
TX003064,AC1496,AC1219,3734.72,2026-07-23 14:07:00,0
TX003065,AC1572,AC1457,6254.63,2026-07-23 14:16:00,0
TX003066,AC1043,AC1545,1134.05,2026-07-23 14:18:00,0
TX003067,AC1285,AC1034,5129.63,2026-07-23 14:22:00,0
TX003068,AC1304,AC1086,399.65,2026-07-23 14:28:00,0
TX003069,AC1466,AC1347,15702.22,2026-07-23 14:30:00,0
TX003070,AC1083,AC1294,735.04,2026-07-23 14:33:00,0
TX003071,AC1194,AC1047,2269.91,2026-07-23 14:38:00,0
TX003072,AC1565,AC1005,3404.07,2026-07-23 14:45:00,0
TX003073,AC1332,AC1126,12690.01,2026-07-23 14:45:00,0
TX003074,AC1488,AC1038,9996.63,2026-07-23 14:52:00,0
TX003075,AC1344,AC1599,1059.64,2026-07-23 15:05:00,0
TX003076,AC1182,AC1201,8770.56,2026-07-23 15:09:00,0
TX003077,AC1211,AC1018,3592.57,2026-07-23 15:13:00,0
TX003078,AC1396,AC1067,1222.77,2026-07-23 15:19:00,0
TX003079,AC1453,AC1301,3197.04,2026-07-23 15:20:00,0
TX003080,AC1083,AC1565,496.03,2026-07-23 15:34:00,0
TX003081,AC1510,AC1444,540.59,2026-07-23 15:38:00,0
TX003082,AC1312,AC1469,1129.87,2026-07-23 15:44:00,0
TX003083,AC1135,AC1503,3729.38,2026-07-23 15:49:00,0
TX003084,AC1090,AC1563,10978.49,2026-07-23 15:51:00,0
TX003085,AC1148,AC1270,3867.57,2026-07-23 15:58:00,0
TX003086,AC1285,AC1291,11332.57,2026-07-23 16:04:00,0
TX003087,AC1285,AC1457,3656.01,2026-07-23 16:15:00,0
TX003088,AC1178,AC1179,2387.78,2026-07-23 16:16:00,0
TX003089,AC1515,AC1208,1130.15,2026-07-23 16:37:00,0
TX003090,AC1575,AC1289,1742.46,2026-07-23 16:39:00,0
TX003091,AC1574,AC1044,1160.2,2026-07-23 16:43:00,0
TX003092,AC1065,AC1201,2105.81,2026-07-23 16:44:00,0
TX003093,AC1284,AC1189,7459.86,2026-07-23 16:44:00,0
TX003094,AC1323,AC1168,4082.6,2026-07-23 16:53:00,0
TX003095,AC1399,AC1541,3425.47,2026-07-23 16:53:00,0
TX003096,AC1575,AC1044,1047.61,2026-07-23 17:02:00,0
TX003097,AC1090,AC1378,1561.27,2026-07-23 17:03:00,0
TX003098,AC1286,AC1412,1372.97,2026-07-23 17:03:00,0
TX003099,AC1289,AC1110,4956.33,2026-07-23 17:11:00,0
TX003100,AC1565,AC1306,6781.61,2026-07-23 17:19:00,0
TX003101,AC1228,AC1079,3610.86,2026-07-23 17:19:00,0
TX003102,AC1016,AC1333,1108.69,2026-07-23 17:23:00,0
TX003103,AC1392,AC1204,839.91,2026-07-23 17:40:00,0
TX003104,AC1272,AC1164,2564.74,2026-07-23 17:44:00,0
TX003105,AC1285,AC1572,1528.74,2026-07-23 17:52:00,0
TX003106,AC1018,AC1285,1380.6,2026-07-23 18:01:00,0
TX003107,AC1503,AC1285,3818.18,2026-07-23 18:08:00,0
TX003108,AC1471,AC1024,1772.42,2026-07-23 18:09:00,0
TX003109,AC1031,AC1285,3751.33,2026-07-23 18:11:00,0
TX003110,AC1090,AC1172,1139.41,2026-07-23 18:21:00,0
TX003111,AC1421,AC1415,6656.52,2026-07-23 18:37:00,0
TX003112,AC1018,AC1041,1692.29,2026-07-23 18:39:00,0
TX003113,AC1246,AC1552,2178.16,2026-07-23 18:46:00,0
TX003114,AC1074,AC1232,3116.49,2026-07-23 19:24:00,0
TX003115,AC1160,AC1377,1315.54,2026-07-23 19:38:00,0
TX003116,AC1264,AC1440,2119.29,2026-07-23 19:41:00,0
TX003117,AC1453,AC1130,3751.52,2026-07-23 19:51:00,0
TX003118,AC1016,AC1256,2002.56,2026-07-23 19:57:00,0
TX003119,AC1348,AC1352,3038.13,2026-07-23 20:18:00,0
TX003120,AC1547,AC1448,2618.61,2026-07-23 20:19:00,0
TX003121,AC1448,AC1228,1127.87,2026-07-23 20:44:00,0
TX003122,AC1529,AC1488,4801.25,2026-07-23 20:48:00,0
TX003123,AC1531,AC1510,5470.95,2026-07-23 20:50:00,0
TX003124,AC1464,AC1348,9170.3,2026-07-23 21:09:00,0
TX003125,AC1490,AC1061,2454.39,2026-07-23 22:32:00,0
TX003126,AC1494,AC1289,1732.59,2026-07-23 22:33:00,0
TX003127,AC1082,AC1465,556.83,2026-07-24 06:04:00,0
TX003128,AC1266,AC1392,2823.48,2026-07-24 06:05:00,0
TX003129,AC1172,AC1290,1050.91,2026-07-24 06:12:00,0
TX003130,AC1194,AC1285,4463.92,2026-07-24 06:23:00,0
TX003131,AC1202,AC1220,2459.11,2026-07-24 06:29:00,0
TX003132,AC1426,AC1510,1060.33,2026-07-24 06:34:00,0
TX003133,AC1335,AC1266,2113.0,2026-07-24 06:35:00,0
TX003134,AC1020,AC1344,1603.38,2026-07-24 06:55:00,0
TX003135,AC1288,AC1284,1660.52,2026-07-24 07:00:00,0
TX003136,AC1348,AC1045,1055.52,2026-07-24 07:05:00,0
TX003137,AC1341,AC1090,3006.3,2026-07-24 07:32:00,0
TX003138,AC1572,AC1175,4014.22,2026-07-24 08:07:00,0
TX003139,AC1557,AC1285,1371.79,2026-07-24 08:24:00,0
TX003140,AC1344,AC1339,1801.46,2026-07-24 08:31:00,0
TX003141,AC1396,AC1348,1478.6,2026-07-24 08:31:00,0
TX003142,AC1090,AC1402,15292.28,2026-07-24 08:47:00,0
TX003143,AC1044,AC1345,1214.75,2026-07-24 09:02:00,0
TX003144,AC1392,AC1415,2148.72,2026-07-24 09:03:00,0
TX003145,AC1341,AC1217,1402.66,2026-07-24 09:09:00,0
TX003146,AC1351,AC1007,2278.67,2026-07-24 09:09:00,0
TX003147,AC1564,AC1565,3054.47,2026-07-24 09:10:00,0
TX003148,AC1196,AC1246,1483.99,2026-07-24 09:17:00,0
TX003149,AC1262,AC1507,3424.8,2026-07-24 09:25:00,0
TX003150,AC1477,AC1401,2754.41,2026-07-24 09:31:00,0
TX003151,AC1517,AC1347,1439.68,2026-07-24 09:49:00,0
TX003152,AC1082,AC1112,2101.35,2026-07-24 09:56:00,0
TX003153,AC1285,AC1572,1220.88,2026-07-24 09:59:00,0
TX003154,AC1054,AC1466,1842.61,2026-07-24 10:13:00,0
TX003155,AC1408,AC1285,1190.16,2026-07-24 10:14:00,0
TX003156,AC1303,AC1067,2620.1,2026-07-24 10:20:00,0
TX003157,AC1157,AC1377,2347.18,2026-07-24 10:32:00,0
TX003158,AC1356,AC1392,1333.14,2026-07-24 10:38:00,0
TX003159,AC1192,AC1194,4016.85,2026-07-24 10:39:00,0
TX003160,AC1002,AC1319,906.91,2026-07-24 10:58:00,0
TX003161,AC1292,AC1424,783.57,2026-07-24 11:14:00,0
TX003162,AC1376,AC1044,4285.98,2026-07-24 11:15:00,0
TX003163,AC1069,AC1373,14526.81,2026-07-24 11:19:00,0
TX003164,AC1547,AC1344,4415.37,2026-07-24 11:31:00,0
TX003165,AC1595,AC1178,4507.92,2026-07-24 11:41:00,0
TX003166,AC1335,AC1171,3409.5,2026-07-24 12:01:00,0
TX003167,AC1431,AC1059,956.35,2026-07-24 12:02:00,0
TX003168,AC1185,AC1090,6410.58,2026-07-24 12:02:00,0
TX003169,AC1100,AC1051,3879.44,2026-07-24 12:15:00,0
TX003170,AC1557,AC1247,407.99,2026-07-24 12:19:00,0
TX003171,AC1285,AC1099,1709.27,2026-07-24 12:23:00,0
TX003172,AC1427,AC1007,2206.63,2026-07-24 12:27:00,0
TX003173,AC1264,AC1285,1788.71,2026-07-24 12:40:00,0
TX003174,AC1285,AC1246,1495.34,2026-07-24 12:45:00,0
TX003175,AC1513,AC1027,2996.79,2026-07-24 12:52:00,0
TX003176,AC1381,AC1013,1118.4,2026-07-24 13:02:00,0
TX003177,AC1077,AC1044,1064.12,2026-07-24 13:06:00,0
TX003178,AC1295,AC1029,1302.92,2026-07-24 13:09:00,0
TX003179,AC1300,AC1212,1247.66,2026-07-24 13:12:00,0
TX003180,AC1564,AC1285,650.69,2026-07-24 13:13:00,0
TX003181,AC1112,AC1039,2466.92,2026-07-24 13:13:00,0
TX003182,AC1215,AC1336,4723.94,2026-07-24 13:23:00,0
TX003183,AC1194,AC1333,5003.49,2026-07-24 13:27:00,0
TX003184,AC1130,AC1135,4322.62,2026-07-24 13:27:00,0
TX003185,AC1575,AC1383,1729.59,2026-07-24 13:31:00,0
TX003186,AC1043,AC1344,5261.11,2026-07-24 13:35:00,0
TX003187,AC1344,AC1527,1847.08,2026-07-24 13:39:00,0
TX003188,AC1221,AC1225,1629.2,2026-07-24 13:39:00,0
TX003189,AC1546,AC1410,4817.14,2026-07-24 13:40:00,0
TX003190,AC1135,AC1344,2224.06,2026-07-24 13:43:00,0
TX003191,AC1208,AC1067,5073.68,2026-07-24 13:47:00,0
TX003192,AC1268,AC1535,2743.43,2026-07-24 13:48:00,0
TX003193,AC1285,AC1344,11965.96,2026-07-24 13:56:00,0
TX003194,AC1083,AC1119,3368.69,2026-07-24 13:59:00,0
TX003195,AC1220,AC1542,4007.36,2026-07-24 14:04:00,0
TX003196,AC1182,AC1527,583.96,2026-07-24 14:05:00,0
TX003197,AC1194,AC1200,516.82,2026-07-24 14:10:00,0
TX003198,AC1589,AC1535,1238.05,2026-07-24 14:20:00,0
TX003199,AC1000,AC1520,3023.41,2026-07-24 14:28:00,0
TX003200,AC1423,AC1374,1894.19,2026-07-24 14:31:00,0
TX003201,AC1194,AC1052,2430.02,2026-07-24 14:38:00,0
TX003202,AC1325,AC1585,6295.92,2026-07-24 14:43:00,0
TX003203,AC1231,AC1064,3033.6,2026-07-24 14:43:00,0
TX003204,AC1300,AC1090,851.65,2026-07-24 14:47:00,0
TX003205,AC1475,AC1335,3410.56,2026-07-24 14:48:00,0
TX003206,AC1451,AC1173,2555.1,2026-07-24 14:57:00,0
TX003207,AC1346,AC1284,2671.79,2026-07-24 14:57:00,0
TX003208,AC1323,AC1378,1660.69,2026-07-24 14:58:00,0
TX003209,AC1344,AC1020,1478.56,2026-07-24 14:59:00,0
TX003210,AC1467,AC1003,6789.22,2026-07-24 15:00:00,0
TX003211,AC1019,AC1214,2115.19,2026-07-24 15:06:00,0
TX003212,AC1348,AC1050,6708.45,2026-07-24 15:29:00,0
TX003213,AC1106,AC1182,1204.77,2026-07-24 15:29:00,0
TX003214,AC1307,AC1197,883.62,2026-07-24 15:32:00,0
TX003215,AC1115,AC1285,1228.08,2026-07-24 15:34:00,0
TX003216,AC1335,AC1565,4051.39,2026-07-24 15:35:00,0
TX003217,AC1073,AC1211,6328.61,2026-07-24 15:40:00,0
TX003218,AC1225,AC1274,2203.19,2026-07-24 15:44:00,0
TX003219,AC1588,AC1391,3878.98,2026-07-24 15:54:00,0
TX003220,AC1162,AC1046,2643.3,2026-07-24 16:09:00,0
TX003221,AC1317,AC1300,1998.76,2026-07-24 16:14:00,0
TX003222,AC1118,AC1070,2024.66,2026-07-24 16:14:00,0
TX003223,AC1579,AC1420,2413.28,2026-07-24 16:29:00,0
TX003224,AC1289,AC1336,1781.54,2026-07-24 16:35:00,0
TX003225,AC1071,AC1344,5073.45,2026-07-24 16:36:00,0
TX003226,AC1011,AC1559,2318.04,2026-07-24 16:37:00,0
TX003227,AC1510,AC1320,2543.93,2026-07-24 16:41:00,0
TX003228,AC1565,AC1520,780.13,2026-07-24 16:43:00,0
TX003229,AC1442,AC1345,4435.99,2026-07-24 16:43:00,0
TX003230,AC1338,AC1501,5017.74,2026-07-24 16:45:00,0
TX003231,AC1243,AC1181,4131.9,2026-07-24 16:46:00,0
TX003232,AC1347,AC1026,4867.65,2026-07-24 16:49:00,0
TX003233,AC1323,AC1289,2190.22,2026-07-24 16:56:00,0
TX003234,AC1316,AC1565,4534.59,2026-07-24 17:22:00,0
TX003235,AC1550,AC1189,1717.16,2026-07-24 17:39:00,0
TX003236,AC1006,AC1465,11689.89,2026-07-24 17:40:00,0
TX003237,AC1344,AC1289,2544.83,2026-07-24 17:50:00,0
TX003238,AC1488,AC1456,1474.45,2026-07-24 17:54:00,0
TX003239,AC1119,AC1285,6331.37,2026-07-24 17:55:00,0
TX003240,AC1402,AC1436,2085.3,2026-07-24 17:57:00,0
TX003241,AC1477,AC1256,1362.11,2026-07-24 17:58:00,0
TX003242,AC1113,AC1109,741.03,2026-07-24 17:59:00,0
TX003243,AC1487,AC1413,1049.87,2026-07-24 18:04:00,0
TX003244,AC1055,AC1063,1371.7,2026-07-24 18:14:00,0
TX003245,AC1344,AC1270,1514.88,2026-07-24 18:15:00,0
TX003246,AC1438,AC1565,2806.25,2026-07-24 18:19:00,0
TX003247,AC1431,AC1135,2376.35,2026-07-24 18:19:00,0
TX003248,AC1285,AC1218,8477.78,2026-07-24 18:20:00,0
TX003249,AC1115,AC1575,6886.73,2026-07-24 18:39:00,0
TX003250,AC1427,AC1221,2200.92,2026-07-24 18:44:00,0
TX003251,AC1285,AC1564,4192.89,2026-07-24 18:47:00,0
TX003252,AC1303,AC1173,4651.84,2026-07-24 19:05:00,0
TX003253,AC1053,AC1036,3751.12,2026-07-24 19:16:00,0
TX003254,AC1082,AC1396,1929.99,2026-07-24 19:36:00,0
TX003255,AC1188,AC1285,4239.49,2026-07-24 19:45:00,0
TX003256,AC1063,AC1259,4896.19,2026-07-24 19:47:00,0
TX003257,AC1275,AC1435,15768.68,2026-07-24 19:53:00,0
TX003258,AC1441,AC1076,2816.22,2026-07-24 20:16:00,0
TX003259,AC1015,AC1546,1709.99,2026-07-24 20:25:00,0
TX003260,AC1344,AC1564,1596.07,2026-07-24 20:44:00,0
TX003261,AC1387,AC1285,1478.53,2026-07-24 20:48:00,0
TX003262,AC1289,AC1188,3188.45,2026-07-24 20:52:00,0
TX003263,AC1133,AC1546,2788.46,2026-07-24 21:08:00,0
TX003264,AC1284,AC1007,1788.01,2026-07-24 21:27:00,0
TX003265,AC1392,AC1087,3622.96,2026-07-24 21:29:00,0
TX003266,AC1344,AC1565,5606.87,2026-07-24 21:48:00,0
TX003267,AC1285,AC1395,4056.75,2026-07-24 21:50:00,0
TX003268,AC1366,AC1400,1202.08,2026-07-24 22:00:00,0
TX003269,AC1333,AC1465,3151.64,2026-07-24 22:35:00,0
TX003270,AC1214,AC1266,582.82,2026-07-25 06:28:00,0
TX003271,AC1026,AC1589,2650.64,2026-07-25 06:55:00,0
TX003272,AC1466,AC1211,1774.84,2026-07-25 06:57:00,0
TX003273,AC1565,AC1304,1157.51,2026-07-25 07:10:00,0
TX003274,AC1335,AC1061,1336.51,2026-07-25 07:36:00,0
TX003275,AC1244,AC1000,1749.42,2026-07-25 07:36:00,0
TX003276,AC1257,AC1293,2339.1,2026-07-25 07:37:00,0
TX003277,AC1299,AC1249,5171.65,2026-07-25 07:37:00,0
TX003278,AC1416,AC1403,2298.21,2026-07-25 07:38:00,0
TX003279,AC1018,AC1262,1186.11,2026-07-25 07:50:00,0
TX003280,AC1033,AC1285,3035.04,2026-07-25 08:21:00,0
TX003281,AC1264,AC1064,8020.36,2026-07-25 08:26:00,0
TX003282,AC1527,AC1211,1839.57,2026-07-25 08:43:00,0
TX003283,AC1344,AC1517,1363.07,2026-07-25 08:48:00,0
TX003284,AC1438,AC1003,2129.05,2026-07-25 09:04:00,0
TX003285,AC1215,AC1303,12586.4,2026-07-25 09:08:00,0
TX003286,AC1036,AC1285,3620.71,2026-07-25 09:09:00,0
TX003287,AC1585,AC1142,3258.77,2026-07-25 09:26:00,0
TX003288,AC1364,AC1488,8066.35,2026-07-25 09:27:00,0
TX003289,AC1037,AC1018,433.7,2026-07-25 09:41:00,0
TX003290,AC1448,AC1323,2269.27,2026-07-25 09:55:00,0
TX003291,AC1048,AC1196,2249.37,2026-07-25 10:03:00,0
TX003292,AC1320,AC1285,1313.36,2026-07-25 10:06:00,0
TX003293,AC1344,AC1285,1011.1,2026-07-25 10:08:00,0
TX003294,AC1575,AC1135,3089.13,2026-07-25 10:15:00,0
TX003295,AC1016,AC1004,2624.63,2026-07-25 10:15:00,0
TX003296,AC1184,AC1141,591.21,2026-07-25 10:16:00,0
TX003297,AC1103,AC1326,7075.39,2026-07-25 10:24:00,0
TX003298,AC1553,AC1008,4000.67,2026-07-25 10:25:00,0
TX003299,AC1149,AC1179,5090.91,2026-07-25 10:27:00,0
TX003300,AC1126,AC1308,4135.36,2026-07-25 10:41:00,0
TX003301,AC1466,AC1147,272.55,2026-07-25 10:56:00,0
TX003302,AC1248,AC1079,2938.62,2026-07-25 10:56:00,0
TX003303,AC1289,AC1403,1891.83,2026-07-25 11:08:00,0
TX003304,AC1507,AC1457,7074.52,2026-07-25 11:12:00,0
TX003305,AC1540,AC1354,2681.04,2026-07-25 11:18:00,0
TX003306,AC1546,AC1002,3247.24,2026-07-25 11:19:00,0
TX003307,AC1510,AC1017,2310.08,2026-07-25 11:20:00,0
TX003308,AC1565,AC1115,1135.86,2026-07-25 11:46:00,0
TX003309,AC1275,AC1264,1757.34,2026-07-25 11:46:00,0
TX003310,AC1132,AC1143,2833.29,2026-07-25 11:55:00,0
TX003311,AC1212,AC1029,1909.75,2026-07-25 11:56:00,0
TX003312,AC1458,AC1087,756.38,2026-07-25 11:58:00,0
TX003313,AC1545,AC1285,827.14,2026-07-25 12:02:00,0
TX003314,AC1017,AC1048,3032.58,2026-07-25 12:07:00,0
TX003315,AC1305,AC1249,2533.7,2026-07-25 12:11:00,0
TX003316,AC1005,AC1335,846.38,2026-07-25 12:11:00,0
TX003317,AC1407,AC1392,831.73,2026-07-25 12:17:00,0
TX003318,AC1232,AC1347,4411.38,2026-07-25 12:20:00,0
TX003319,AC1018,AC1197,2221.8,2026-07-25 12:22:00,0
TX003320,AC1314,AC1087,2218.53,2026-07-25 12:25:00,0
TX003321,AC1030,AC1534,5982.36,2026-07-25 12:25:00,0
TX003322,AC1434,AC1517,1508.37,2026-07-25 12:44:00,0
TX003323,AC1163,AC1344,4040.88,2026-07-25 12:45:00,0
TX003324,AC1285,AC1433,3631.67,2026-07-25 12:46:00,0
TX003325,AC1289,AC1549,6447.52,2026-07-25 12:50:00,0
TX003326,AC1254,AC1230,966.0,2026-07-25 12:54:00,0
TX003327,AC1575,AC1506,653.83,2026-07-25 13:05:00,0
TX003328,AC1285,AC1402,5956.44,2026-07-25 13:07:00,0
TX003329,AC1305,AC1565,4855.78,2026-07-25 13:10:00,0
TX003330,AC1374,AC1597,2169.08,2026-07-25 13:12:00,0
TX003331,AC1507,AC1531,3882.48,2026-07-25 13:17:00,0
TX003332,AC1199,AC1133,1098.3,2026-07-25 13:33:00,0
TX003333,AC1344,AC1377,4744.96,2026-07-25 13:34:00,0
TX003334,AC1213,AC1295,1847.17,2026-07-25 13:39:00,0
TX003335,AC1191,AC1498,546.7,2026-07-25 13:41:00,0
TX003336,AC1374,AC1137,5115.27,2026-07-25 13:41:00,0
TX003337,AC1565,AC1494,1987.28,2026-07-25 13:51:00,0
TX003338,AC1317,AC1368,996.64,2026-07-25 13:59:00,0
TX003339,AC1350,AC1392,427.01,2026-07-25 14:06:00,0
TX003340,AC1010,AC1406,3334.02,2026-07-25 14:16:00,0
TX003341,AC1193,AC1546,1132.86,2026-07-25 14:19:00,0
TX003342,AC1565,AC1080,6345.78,2026-07-25 14:21:00,0
TX003343,AC1000,AC1141,1684.96,2026-07-25 14:22:00,0
TX003344,AC1326,AC1501,1210.23,2026-07-25 14:22:00,0
TX003345,AC1251,AC1142,5091.2,2026-07-25 14:38:00,0
TX003346,AC1285,AC1191,1285.74,2026-07-25 14:41:00,0
TX003347,AC1211,AC1344,5432.42,2026-07-25 14:49:00,0
TX003348,AC1415,AC1218,2192.85,2026-07-25 15:01:00,0
TX003349,AC1337,AC1034,6023.59,2026-07-25 15:12:00,0
TX003350,AC1135,AC1394,912.85,2026-07-25 15:13:00,0
TX003351,AC1355,AC1090,1461.26,2026-07-25 15:13:00,0
TX003352,AC1285,AC1297,3766.1,2026-07-25 15:14:00,0
TX003353,AC1273,AC1403,1517.71,2026-07-25 15:17:00,0
TX003354,AC1331,AC1553,1020.8,2026-07-25 15:21:00,0
TX003355,AC1216,AC1393,1681.86,2026-07-25 15:30:00,0
TX003356,AC1029,AC1232,5007.84,2026-07-25 15:32:00,0
TX003357,AC1060,AC1070,2562.04,2026-07-25 15:33:00,0
TX003358,AC1110,AC1170,1593.43,2026-07-25 15:39:00,0
TX003359,AC1585,AC1231,1819.61,2026-07-25 15:40:00,0
TX003360,AC1093,AC1338,1092.82,2026-07-25 15:41:00,0
TX003361,AC1360,AC1439,5051.48,2026-07-25 15:41:00,0
TX003362,AC1186,AC1270,10088.81,2026-07-25 15:43:00,0
TX003363,AC1018,AC1079,1798.16,2026-07-25 15:44:00,0
TX003364,AC1378,AC1515,708.74,2026-07-25 15:45:00,0
TX003365,AC1277,AC1509,2002.42,2026-07-25 15:48:00,0
TX003366,AC1344,AC1146,977.32,2026-07-25 15:53:00,0
TX003367,AC1506,AC1590,4151.34,2026-07-25 15:53:00,0
TX003368,AC1373,AC1085,1246.11,2026-07-25 15:55:00,0
TX003369,AC1288,AC1353,1729.59,2026-07-25 15:57:00,0
TX003370,AC1490,AC1134,5138.32,2026-07-25 15:59:00,0
TX003371,AC1289,AC1025,11321.95,2026-07-25 15:59:00,0
TX003372,AC1296,AC1122,1679.96,2026-07-25 16:04:00,0
TX003373,AC1074,AC1073,1677.27,2026-07-25 16:06:00,0
TX003374,AC1136,AC1115,3238.53,2026-07-25 16:07:00,0
TX003375,AC1249,AC1270,1931.25,2026-07-25 16:16:00,0
TX003376,AC1347,AC1179,3376.74,2026-07-25 16:29:00,0
TX003377,AC1403,AC1465,2173.45,2026-07-25 16:39:00,0
TX003378,AC1484,AC1490,4241.1,2026-07-25 16:40:00,0
TX003379,AC1585,AC1551,6141.42,2026-07-25 16:48:00,0
TX003380,AC1289,AC1070,1608.16,2026-07-25 16:59:00,0
TX003381,AC1086,AC1228,6621.21,2026-07-25 17:00:00,0
TX003382,AC1344,AC1090,1819.49,2026-07-25 17:01:00,0
TX003383,AC1344,AC1218,2420.55,2026-07-25 17:01:00,0
TX003384,AC1061,AC1030,1089.06,2026-07-25 17:06:00,0
TX003385,AC1251,AC1083,3565.17,2026-07-25 17:07:00,0
TX003386,AC1565,AC1508,5110.28,2026-07-25 17:29:00,0
TX003387,AC1372,AC1090,1498.58,2026-07-25 17:32:00,0
TX003388,AC1523,AC1285,684.37,2026-07-25 17:34:00,0
TX003389,AC1421,AC1575,945.92,2026-07-25 17:44:00,0
TX003390,AC1090,AC1341,1322.87,2026-07-25 17:44:00,0
TX003391,AC1200,AC1291,3988.69,2026-07-25 17:46:00,0
TX003392,AC1195,AC1107,4461.82,2026-07-25 17:55:00,0
TX003393,AC1285,AC1321,930.79,2026-07-25 18:14:00,0
TX003394,AC1060,AC1437,5119.24,2026-07-25 18:26:00,0
TX003395,AC1542,AC1272,10361.29,2026-07-25 18:33:00,0
TX003396,AC1475,AC1014,1181.97,2026-07-25 18:35:00,0
TX003397,AC1044,AC1316,917.65,2026-07-25 18:40:00,0
TX003398,AC1523,AC1051,890.69,2026-07-25 18:43:00,0
TX003399,AC1082,AC1250,7564.45,2026-07-25 18:44:00,0
TX003400,AC1319,AC1027,2682.75,2026-07-25 18:53:00,0
TX003401,AC1515,AC1111,11480.59,2026-07-25 19:12:00,0
TX003402,AC1044,AC1026,3288.36,2026-07-25 19:32:00,0
TX003403,AC1068,AC1219,712.72,2026-07-25 20:09:00,0
TX003404,AC1262,AC1161,3612.46,2026-07-25 20:14:00,0
TX003405,AC1275,AC1430,1109.23,2026-07-25 20:16:00,0
TX003406,AC1115,AC1311,1203.25,2026-07-25 20:37:00,0
TX003407,AC1574,AC1289,1512.79,2026-07-25 20:48:00,0
TX003408,AC1369,AC1371,5651.47,2026-07-25 20:49:00,0
TX003409,AC1179,AC1304,2890.19,2026-07-25 20:54:00,0
TX003410,AC1559,AC1562,1428.97,2026-07-25 20:55:00,0
TX003411,AC1466,AC1292,4051.41,2026-07-25 21:29:00,0
TX003412,AC1477,AC1227,1845.71,2026-07-25 21:31:00,0
TX003413,AC1448,AC1264,1848.85,2026-07-25 22:31:00,0
TX003414,AC1285,AC1003,5199.14,2026-07-25 22:43:00,0
TX003415,AC1565,AC1018,754.32,2026-07-26 06:02:00,0
TX003416,AC1433,AC1136,1774.96,2026-07-26 06:08:00,0
TX003417,AC1566,AC1132,7003.52,2026-07-26 06:08:00,0
TX003418,AC1079,AC1453,2631.54,2026-07-26 06:14:00,0
TX003419,AC1285,AC1101,1308.54,2026-07-26 06:28:00,0
TX003420,AC1300,AC1067,3055.38,2026-07-26 06:34:00,0
TX003421,AC1187,AC1285,4327.49,2026-07-26 06:46:00,0
TX003422,AC1285,AC1449,2361.05,2026-07-26 06:54:00,0
TX003423,AC1490,AC1325,1526.69,2026-07-26 07:16:00,0
TX003424,AC1496,AC1344,2342.45,2026-07-26 07:33:00,0
TX003425,AC1077,AC1354,3038.71,2026-07-26 07:36:00,0
TX003426,AC1090,AC1331,3038.94,2026-07-26 07:52:00,0
TX003427,AC1535,AC1545,4551.49,2026-07-26 08:08:00,0
TX003428,AC1333,AC1440,5415.0,2026-07-26 08:12:00,0
TX003429,AC1083,AC1134,601.56,2026-07-26 08:19:00,0
TX003430,AC1047,AC1026,7261.02,2026-07-26 08:23:00,0
TX003431,AC1191,AC1596,3739.34,2026-07-26 08:26:00,0
TX003432,AC1500,AC1232,2191.39,2026-07-26 08:29:00,0
TX003433,AC1067,AC1527,2254.04,2026-07-26 08:31:00,0
TX003434,AC1242,AC1282,1218.65,2026-07-26 08:43:00,0
TX003435,AC1459,AC1392,6232.14,2026-07-26 08:54:00,0
TX003436,AC1333,AC1543,11597.83,2026-07-26 09:04:00,0
TX003437,AC1191,AC1473,5548.71,2026-07-26 09:13:00,0
TX003438,AC1371,AC1050,3077.87,2026-07-26 09:15:00,0
TX003439,AC1012,AC1261,1732.6,2026-07-26 09:17:00,0
TX003440,AC1457,AC1598,2973.3,2026-07-26 09:26:00,0
TX003441,AC1270,AC1285,1139.41,2026-07-26 09:30:00,0
TX003442,AC1344,AC1471,2535.61,2026-07-26 09:45:00,0
TX003443,AC1368,AC1577,1823.62,2026-07-26 09:48:00,0
TX003444,AC1291,AC1455,2785.33,2026-07-26 10:00:00,0
TX003445,AC1466,AC1384,7636.83,2026-07-26 10:07:00,0
TX003446,AC1344,AC1156,2804.71,2026-07-26 10:10:00,0
TX003447,AC1511,AC1540,8060.86,2026-07-26 10:14:00,0
TX003448,AC1502,AC1108,5559.59,2026-07-26 10:22:00,0
TX003449,AC1437,AC1330,3097.22,2026-07-26 10:22:00,0
TX003450,AC1121,AC1165,9374.84,2026-07-26 10:34:00,0
TX003451,AC1591,AC1308,3215.62,2026-07-26 10:47:00,0
TX003452,AC1005,AC1041,2945.83,2026-07-26 11:00:00,0
TX003453,AC1465,AC1285,2317.58,2026-07-26 11:00:00,0
TX003454,AC1509,AC1448,3626.68,2026-07-26 11:25:00,0
TX003455,AC1364,AC1024,625.15,2026-07-26 11:50:00,0
TX003456,AC1303,AC1090,2213.44,2026-07-26 11:58:00,0
TX003457,AC1061,AC1018,3218.68,2026-07-26 12:00:00,0
TX003458,AC1465,AC1488,3836.39,2026-07-26 12:01:00,0
TX003459,AC1335,AC1063,6726.03,2026-07-26 12:05:00,0
TX003460,AC1565,AC1058,1932.91,2026-07-26 12:08:00,0
TX003461,AC1173,AC1321,1544.71,2026-07-26 12:26:00,0
TX003462,AC1432,AC1565,2145.13,2026-07-26 12:27:00,0
TX003463,AC1245,AC1228,1360.85,2026-07-26 12:32:00,0
TX003464,AC1218,AC1448,2656.96,2026-07-26 12:37:00,0
TX003465,AC1344,AC1441,1483.14,2026-07-26 12:41:00,0
TX003466,AC1018,AC1344,733.32,2026-07-26 12:46:00,0
TX003467,AC1134,AC1228,752.95,2026-07-26 13:12:00,0
TX003468,AC1345,AC1550,1946.74,2026-07-26 13:13:00,0
TX003469,AC1305,AC1510,1406.76,2026-07-26 13:14:00,0
TX003470,AC1479,AC1344,1601.71,2026-07-26 13:15:00,0
TX003471,AC1546,AC1055,7389.74,2026-07-26 13:21:00,1
TX003472,AC1012,AC1344,2380.08,2026-07-26 13:32:00,0
TX003473,AC1438,AC1333,2936.29,2026-07-26 13:37:00,0
TX003474,AC1536,AC1001,2272.56,2026-07-26 13:37:00,0
TX003475,AC1465,AC1496,2370.99,2026-07-26 13:41:00,0
TX003476,AC1587,AC1522,1405.53,2026-07-26 13:47:00,0
TX003477,AC1188,AC1168,911.24,2026-07-26 13:55:00,0
TX003478,AC1007,AC1555,2252.74,2026-07-26 14:14:00,0
TX003479,AC1559,AC1291,622.12,2026-07-26 14:15:00,0
TX003480,AC1491,AC1194,1395.89,2026-07-26 14:16:00,0
TX003481,AC1246,AC1296,2222.49,2026-07-26 14:25:00,0
TX003482,AC1164,AC1090,2553.72,2026-07-26 14:28:00,0
TX003483,AC1062,AC1126,2787.77,2026-07-26 14:43:00,0
TX003484,AC1457,AC1012,2981.69,2026-07-26 14:45:00,0
TX003485,AC1386,AC1100,2775.16,2026-07-26 14:45:00,0
TX003486,AC1135,AC1248,328.99,2026-07-26 14:57:00,0
TX003487,AC1117,AC1246,2053.39,2026-07-26 14:57:00,0
TX003488,AC1351,AC1457,7282.9,2026-07-26 15:00:00,0
TX003489,AC1565,AC1100,5104.92,2026-07-26 15:03:00,0
TX003490,AC1342,AC1231,10848.65,2026-07-26 15:05:00,0
TX003491,AC1565,AC1346,2889.39,2026-07-26 15:12:00,0
TX003492,AC1249,AC1074,13036.93,2026-07-26 15:15:00,0
TX003493,AC1190,AC1343,960.97,2026-07-26 15:17:00,0
TX003494,AC1164,AC1206,8809.53,2026-07-26 15:23:00,0
TX003495,AC1236,AC1160,547.51,2026-07-26 15:35:00,0
TX003496,AC1411,AC1175,1710.1,2026-07-26 15:38:00,0
TX003497,AC1135,AC1120,2038.58,2026-07-26 15:42:00,0
TX003498,AC1168,AC1191,6631.98,2026-07-26 15:48:00,0
TX003499,AC1199,AC1285,2502.58,2026-07-26 15:52:00,0
TX003500,AC1526,AC1241,10483.41,2026-07-26 16:06:00,0
TX003501,AC1442,AC1285,1044.1,2026-07-26 16:06:00,0
TX003502,AC1178,AC1463,6976.11,2026-07-26 16:13:00,0
TX003503,AC1136,AC1549,4936.81,2026-07-26 16:14:00,0
TX003504,AC1319,AC1450,931.6,2026-07-26 16:15:00,0
TX003505,AC1507,AC1090,5039.07,2026-07-26 16:23:00,0
TX003506,AC1263,AC1172,2018.24,2026-07-26 16:30:00,0
TX003507,AC1380,AC1553,8290.97,2026-07-26 16:31:00,0
TX003508,AC1099,AC1130,1902.4,2026-07-26 16:33:00,0
TX003509,AC1460,AC1438,808.13,2026-07-26 16:37:00,0
TX003510,AC1347,AC1379,991.84,2026-07-26 16:38:00,0
TX003511,AC1037,AC1331,596.22,2026-07-26 16:48:00,0
TX003512,AC1200,AC1466,751.9,2026-07-26 16:51:00,0
TX003513,AC1001,AC1510,2166.88,2026-07-26 16:56:00,0
TX003514,AC1160,AC1463,3709.27,2026-07-26 16:57:00,0
TX003515,AC1195,AC1018,4999.37,2026-07-26 17:04:00,0
TX003516,AC1044,AC1220,5445.03,2026-07-26 17:04:00,0
TX003517,AC1231,AC1392,2282.32,2026-07-26 17:07:00,0
TX003518,AC1565,AC1042,2455.06,2026-07-26 17:07:00,0
TX003519,AC1055,AC1087,7386.81,2026-07-26 17:08:00,1
TX003520,AC1504,AC1130,1733.75,2026-07-26 17:11:00,0
TX003521,AC1327,AC1507,818.57,2026-07-26 17:12:00,0
TX003522,AC1090,AC1262,1220.36,2026-07-26 17:13:00,0
TX003523,AC1285,AC1256,4781.09,2026-07-26 17:17:00,0
TX003524,AC1358,AC1569,2474.82,2026-07-26 17:20:00,0
TX003525,AC1448,AC1403,3670.14,2026-07-26 17:22:00,0
TX003526,AC1222,AC1052,847.62,2026-07-26 17:34:00,0
TX003527,AC1546,AC1135,2468.09,2026-07-26 17:37:00,0
TX003528,AC1415,AC1402,782.8,2026-07-26 18:12:00,0
TX003529,AC1552,AC1465,1958.38,2026-07-26 18:24:00,0
TX003530,AC1062,AC1595,8178.39,2026-07-26 18:32:00,0
TX003531,AC1565,AC1290,1836.68,2026-07-26 18:35:00,0
TX003532,AC1050,AC1467,608.04,2026-07-26 18:36:00,0
TX003533,AC1231,AC1018,2946.88,2026-07-26 18:37:00,0
TX003534,AC1565,AC1270,2584.43,2026-07-26 18:44:00,0
TX003535,AC1240,AC1083,4936.72,2026-07-26 18:50:00,0
TX003536,AC1018,AC1082,5020.71,2026-07-26 18:54:00,0
TX003537,AC1289,AC1213,2383.71,2026-07-26 18:58:00,0
TX003538,AC1164,AC1285,4750.75,2026-07-26 19:30:00,0
TX003539,AC1285,AC1120,1800.96,2026-07-26 19:36:00,0
TX003540,AC1026,AC1125,2176.88,2026-07-26 20:17:00,0
TX003541,AC1391,AC1579,7695.34,2026-07-26 20:38:00,0
TX003542,AC1392,AC1542,1952.62,2026-07-26 20:45:00,0
TX003543,AC1227,AC1344,7901.26,2026-07-26 20:46:00,0
TX003544,AC1220,AC1040,9281.28,2026-07-26 21:02:00,0
TX003545,AC1087,AC1076,7322.78,2026-07-26 21:02:00,1
TX003546,AC1365,AC1344,2195.02,2026-07-26 22:00:00,0
TX003547,AC1004,AC1090,5670.78,2026-07-26 22:11:00,0
TX003548,AC1279,AC1331,6609.2,2026-07-26 22:24:00,0
TX003549,AC1546,AC1575,1806.88,2026-07-26 22:32:00,0
TX003550,AC1449,AC1196,919.39,2026-07-26 22:41:00,0
TX003551,AC1322,AC1465,2786.5,2026-07-26 22:52:00,0
TX003552,AC1076,AC1100,7323.08,2026-07-26 23:05:00,1
TX003553,AC1100,AC1546,7262.9,2026-07-27 00:33:00,1
TX003554,AC1053,AC1282,3125.59,2026-07-27 06:03:00,0
TX003555,AC1392,AC1462,2631.29,2026-07-27 06:09:00,0
TX003556,AC1209,AC1280,16251.07,2026-07-27 06:18:00,0
TX003557,AC1264,AC1306,1071.19,2026-07-27 06:26:00,0
TX003558,AC1005,AC1596,214.63,2026-07-27 07:10:00,0
TX003559,AC1557,AC1367,2103.04,2026-07-27 07:36:00,0
TX003560,AC1038,AC1090,2190.4,2026-07-27 07:53:00,0
TX003561,AC1448,AC1323,1688.89,2026-07-27 08:00:00,0
TX003562,AC1124,AC1585,1378.4,2026-07-27 08:05:00,0
TX003563,AC1399,AC1415,3296.88,2026-07-27 08:17:00,0
TX003564,AC1029,AC1400,894.7,2026-07-27 08:51:00,0
TX003565,AC1559,AC1212,1326.12,2026-07-27 09:03:00,0
TX003566,AC1090,AC1546,1023.7,2026-07-27 09:04:00,0
TX003567,AC1109,AC1302,2945.12,2026-07-27 09:09:00,0
TX003568,AC1499,AC1082,6348.85,2026-07-27 09:11:00,0
TX003569,AC1314,AC1535,1044.04,2026-07-27 09:18:00,0
TX003570,AC1503,AC1372,2254.12,2026-07-27 09:30:00,0
TX003571,AC1346,AC1546,3859.89,2026-07-27 09:33:00,0
TX003572,AC1241,AC1187,2042.86,2026-07-27 09:45:00,0
TX003573,AC1083,AC1584,643.77,2026-07-27 09:56:00,0
TX003574,AC1474,AC1100,3383.88,2026-07-27 09:59:00,0
TX003575,AC1044,AC1290,800.82,2026-07-27 10:01:00,0
TX003576,AC1402,AC1314,2194.63,2026-07-27 10:21:00,0
TX003577,AC1413,AC1227,2499.58,2026-07-27 10:27:00,0
TX003578,AC1092,AC1024,3868.19,2026-07-27 10:34:00,0
TX003579,AC1480,AC1090,2659.2,2026-07-27 10:35:00,0
TX003580,AC1231,AC1086,2603.55,2026-07-27 10:41:00,0
TX003581,AC1403,AC1082,1748.37,2026-07-27 10:41:00,0
TX003582,AC1069,AC1331,2399.38,2026-07-27 10:43:00,0
TX003583,AC1486,AC1464,3895.02,2026-07-27 10:46:00,0
TX003584,AC1465,AC1169,4244.27,2026-07-27 10:51:00,0
TX003585,AC1344,AC1285,2102.14,2026-07-27 10:52:00,0
TX003586,AC1063,AC1523,1230.7,2026-07-27 10:54:00,0
TX003587,AC1232,AC1440,2192.17,2026-07-27 10:55:00,0
TX003588,AC1056,AC1234,5454.35,2026-07-27 10:59:00,0
TX003589,AC1454,AC1314,8539.26,2026-07-27 11:00:00,0
TX003590,AC1044,AC1510,1412.98,2026-07-27 11:03:00,0
TX003591,AC1010,AC1333,1408.27,2026-07-27 11:08:00,0
TX003592,AC1142,AC1517,3417.79,2026-07-27 11:14:00,0
TX003593,AC1151,AC1388,5694.54,2026-07-27 11:17:00,0
TX003594,AC1403,AC1135,2300.67,2026-07-27 11:18:00,0
TX003595,AC1402,AC1002,863.27,2026-07-27 11:20:00,0
TX003596,AC1453,AC1383,2253.66,2026-07-27 11:45:00,0
TX003597,AC1507,AC1565,303.99,2026-07-27 12:00:00,0
TX003598,AC1163,AC1391,930.42,2026-07-27 12:09:00,0
TX003599,AC1415,AC1055,2601.25,2026-07-27 12:15:00,0
TX003600,AC1234,AC1141,3882.9,2026-07-27 12:21:00,0
TX003601,AC1399,AC1141,3811.22,2026-07-27 12:23:00,0
TX003602,AC1090,AC1289,4315.52,2026-07-27 12:24:00,0
TX003603,AC1018,AC1477,2569.42,2026-07-27 12:25:00,0
TX003604,AC1565,AC1436,1102.3,2026-07-27 12:26:00,0
TX003605,AC1575,AC1285,1532.27,2026-07-27 12:30:00,0
TX003606,AC1245,AC1082,4108.55,2026-07-27 12:35:00,0
TX003607,AC1211,AC1246,3954.45,2026-07-27 12:44:00,0
TX003608,AC1097,AC1034,1808.59,2026-07-27 12:51:00,0
TX003609,AC1402,AC1259,2223.71,2026-07-27 12:55:00,0
TX003610,AC1285,AC1212,672.27,2026-07-27 12:57:00,0
TX003611,AC1448,AC1004,1930.96,2026-07-27 12:58:00,0
TX003612,AC1418,AC1285,2462.87,2026-07-27 13:01:00,0
TX003613,AC1135,AC1542,390.46,2026-07-27 13:03:00,0
TX003614,AC1083,AC1503,2892.91,2026-07-27 13:11:00,0
TX003615,AC1002,AC1165,4067.86,2026-07-27 13:13:00,0
TX003616,AC1043,AC1490,3641.11,2026-07-27 13:17:00,0
TX003617,AC1280,AC1090,2787.86,2026-07-27 13:18:00,0
TX003618,AC1590,AC1074,601.81,2026-07-27 13:20:00,0
TX003619,AC1285,AC1321,6055.47,2026-07-27 13:24:00,0
TX003620,AC1213,AC1067,2312.72,2026-07-27 13:25:00,0
TX003621,AC1338,AC1143,6341.1,2026-07-27 13:27:00,0
TX003622,AC1344,AC1146,1574.01,2026-07-27 13:27:00,0
TX003623,AC1074,AC1285,2055.67,2026-07-27 13:32:00,0
TX003624,AC1467,AC1258,1746.14,2026-07-27 13:36:00,0
TX003625,AC1593,AC1273,2280.61,2026-07-27 13:41:00,0
TX003626,AC1134,AC1480,2157.32,2026-07-27 13:44:00,0
TX003627,AC1333,AC1553,5148.5,2026-07-27 13:45:00,0
TX003628,AC1379,AC1457,3001.12,2026-07-27 13:46:00,0
TX003629,AC1593,AC1379,2784.58,2026-07-27 14:10:00,0
TX003630,AC1344,AC1321,8277.61,2026-07-27 14:12:00,0
TX003631,AC1090,AC1392,1762.01,2026-07-27 14:13:00,0
TX003632,AC1384,AC1054,5717.9,2026-07-27 14:14:00,0
TX003633,AC1462,AC1523,4356.9,2026-07-27 14:15:00,0
TX003634,AC1580,AC1438,1486.77,2026-07-27 14:16:00,0
TX003635,AC1291,AC1313,1370.26,2026-07-27 14:31:00,0
TX003636,AC1170,AC1067,1121.48,2026-07-27 14:35:00,0
TX003637,AC1140,AC1466,1215.05,2026-07-27 14:36:00,0
TX003638,AC1264,AC1567,5654.09,2026-07-27 14:44:00,0
TX003639,AC1542,AC1468,1290.12,2026-07-27 14:59:00,0
TX003640,AC1389,AC1235,2679.94,2026-07-27 15:03:00,0
TX003641,AC1330,AC1265,2051.5,2026-07-27 15:15:00,0
TX003642,AC1358,AC1212,1190.97,2026-07-27 15:22:00,0
TX003643,AC1086,AC1347,2785.67,2026-07-27 15:23:00,0
TX003644,AC1557,AC1090,2351.82,2026-07-27 15:24:00,0
TX003645,AC1072,AC1492,3188.75,2026-07-27 15:31:00,0
TX003646,AC1345,AC1285,724.11,2026-07-27 15:40:00,0
TX003647,AC1279,AC1194,4857.36,2026-07-27 15:47:00,0
TX003648,AC1431,AC1174,12430.57,2026-07-27 15:54:00,0
TX003649,AC1289,AC1388,5224.56,2026-07-27 15:56:00,0
TX003650,AC1409,AC1025,4480.17,2026-07-27 16:06:00,0
TX003651,AC1088,AC1121,3191.18,2026-07-27 16:17:00,0
TX003652,AC1323,AC1580,1846.22,2026-07-27 16:39:00,0
TX003653,AC1538,AC1072,2009.68,2026-07-27 16:54:00,0
TX003654,AC1290,AC1533,1331.29,2026-07-27 16:54:00,0
TX003655,AC1285,AC1289,2368.01,2026-07-27 16:57:00,0
TX003656,AC1025,AC1176,1783.16,2026-07-27 16:59:00,0
TX003657,AC1565,AC1574,1290.23,2026-07-27 16:59:00,0
TX003658,AC1532,AC1293,1391.45,2026-07-27 17:12:00,0
TX003659,AC1527,AC1237,1409.37,2026-07-27 17:18:00,0
TX003660,AC1324,AC1232,5530.74,2026-07-27 17:21:00,0
TX003661,AC1484,AC1550,2282.02,2026-07-27 17:39:00,0
TX003662,AC1344,AC1139,3045.48,2026-07-27 17:49:00,0
TX003663,AC1269,AC1344,3773.06,2026-07-27 18:16:00,0
TX003664,AC1431,AC1422,2281.46,2026-07-27 18:17:00,0
TX003665,AC1540,AC1342,2722.0,2026-07-27 18:25:00,0
TX003666,AC1371,AC1090,1996.12,2026-07-27 18:26:00,0
TX003667,AC1369,AC1190,3256.82,2026-07-27 18:33:00,0
TX003668,AC1282,AC1183,4075.46,2026-07-27 18:44:00,0
TX003669,AC1423,AC1035,3637.97,2026-07-27 18:47:00,0
TX003670,AC1217,AC1527,3826.42,2026-07-27 19:32:00,0
TX003671,AC1575,AC1149,3541.19,2026-07-27 19:48:00,0
TX003672,AC1391,AC1241,2258.88,2026-07-27 19:51:00,0
TX003673,AC1266,AC1191,3864.61,2026-07-27 20:24:00,0
TX003674,AC1522,AC1242,9432.09,2026-07-27 20:33:00,0
TX003675,AC1090,AC1039,1662.28,2026-07-27 20:57:00,0
TX003676,AC1041,AC1313,2728.06,2026-07-27 22:13:00,0
TX003677,AC1466,AC1201,5239.96,2026-07-27 22:20:00,0
TX003678,AC1258,AC1546,902.91,2026-07-28 06:23:00,0
TX003679,AC1090,AC1379,1775.06,2026-07-28 06:38:00,0
TX003680,AC1334,AC1107,4143.48,2026-07-28 07:14:00,0
TX003681,AC1160,AC1358,1214.52,2026-07-28 07:19:00,0
TX003682,AC1567,AC1001,4555.28,2026-07-28 07:20:00,0
TX003683,AC1090,AC1565,956.27,2026-07-28 07:26:00,0
TX003684,AC1145,AC1416,2364.21,2026-07-28 07:50:00,0
TX003685,AC1510,AC1401,706.79,2026-07-28 07:51:00,0
TX003686,AC1335,AC1044,2881.39,2026-07-28 08:22:00,0
TX003687,AC1090,AC1471,1901.95,2026-07-28 08:24:00,0
TX003688,AC1106,AC1597,1759.9,2026-07-28 08:37:00,0
TX003689,AC1596,AC1194,9109.98,2026-07-28 08:54:00,0
TX003690,AC1269,AC1590,6107.56,2026-07-28 09:26:00,0
TX003691,AC1283,AC1010,5269.42,2026-07-28 09:32:00,0
TX003692,AC1532,AC1333,2947.56,2026-07-28 09:34:00,0
TX003693,AC1246,AC1490,689.2,2026-07-28 09:42:00,0
TX003694,AC1124,AC1585,603.72,2026-07-28 09:48:00,0
TX003695,AC1289,AC1415,1440.48,2026-07-28 09:51:00,0
TX003696,AC1271,AC1110,4763.5,2026-07-28 09:56:00,0
TX003697,AC1507,AC1164,409.37,2026-07-28 10:04:00,0
TX003698,AC1168,AC1231,3123.84,2026-07-28 10:07:00,0
TX003699,AC1226,AC1037,6917.32,2026-07-28 10:34:00,0
TX003700,AC1516,AC1387,2140.46,2026-07-28 10:35:00,0
TX003701,AC1565,AC1344,2506.69,2026-07-28 10:45:00,0
TX003702,AC1400,AC1018,2706.32,2026-07-28 10:47:00,0
TX003703,AC1333,AC1266,7285.47,2026-07-28 10:49:00,0
TX003704,AC1281,AC1542,3224.29,2026-07-28 10:55:00,0
TX003705,AC1383,AC1211,20088.84,2026-07-28 11:02:00,0
TX003706,AC1464,AC1070,752.25,2026-07-28 11:04:00,0
TX003707,AC1299,AC1579,992.49,2026-07-28 11:07:00,0
TX003708,AC1434,AC1044,2192.2,2026-07-28 11:09:00,0
TX003709,AC1581,AC1018,1461.4,2026-07-28 11:14:00,0
TX003710,AC1168,AC1475,1855.3,2026-07-28 11:17:00,0
TX003711,AC1001,AC1188,1707.98,2026-07-28 11:23:00,0
TX003712,AC1126,AC1333,2039.21,2026-07-28 11:27:00,0
TX003713,AC1205,AC1167,1044.69,2026-07-28 11:42:00,0
TX003714,AC1198,AC1500,869.08,2026-07-28 11:48:00,0
TX003715,AC1004,AC1416,5117.93,2026-07-28 11:50:00,0
TX003716,AC1201,AC1335,4099.31,2026-07-28 11:51:00,0
TX003717,AC1323,AC1383,3314.48,2026-07-28 11:55:00,0
TX003718,AC1232,AC1285,671.43,2026-07-28 11:57:00,0
TX003719,AC1100,AC1527,4094.63,2026-07-28 12:00:00,0
TX003720,AC1465,AC1090,5883.45,2026-07-28 12:07:00,0
TX003721,AC1575,AC1567,1267.22,2026-07-28 12:11:00,0
TX003722,AC1211,AC1466,4895.67,2026-07-28 12:13:00,0
TX003723,AC1499,AC1090,1798.16,2026-07-28 12:16:00,0
TX003724,AC1143,AC1327,990.28,2026-07-28 12:17:00,0
TX003725,AC1383,AC1273,1631.94,2026-07-28 12:21:00,0
TX003726,AC1289,AC1314,1809.54,2026-07-28 12:25:00,0
TX003727,AC1289,AC1352,2992.48,2026-07-28 12:28:00,0
TX003728,AC1090,AC1481,6409.42,2026-07-28 12:29:00,0
TX003729,AC1219,AC1250,5294.03,2026-07-28 12:30:00,0
TX003730,AC1061,AC1191,4457.79,2026-07-28 12:37:00,0
TX003731,AC1147,AC1450,1941.93,2026-07-28 12:40:00,0
TX003732,AC1415,AC1282,8427.25,2026-07-28 12:55:00,0
TX003733,AC1491,AC1344,2318.65,2026-07-28 12:55:00,0
TX003734,AC1089,AC1285,1085.72,2026-07-28 13:02:00,0
TX003735,AC1136,AC1195,3076.96,2026-07-28 13:09:00,0
TX003736,AC1591,AC1515,2695.52,2026-07-28 13:13:00,0
TX003737,AC1507,AC1067,2277.31,2026-07-28 13:27:00,0
TX003738,AC1212,AC1497,829.67,2026-07-28 13:27:00,0
TX003739,AC1054,AC1353,2776.09,2026-07-28 13:28:00,0
TX003740,AC1189,AC1381,2768.61,2026-07-28 13:35:00,0
TX003741,AC1585,AC1357,1554.02,2026-07-28 13:40:00,0
TX003742,AC1083,AC1020,3279.7,2026-07-28 13:41:00,0
TX003743,AC1126,AC1399,1965.68,2026-07-28 13:41:00,0
TX003744,AC1336,AC1053,2147.15,2026-07-28 13:45:00,0
TX003745,AC1288,AC1100,4820.15,2026-07-28 13:47:00,0
TX003746,AC1289,AC1030,1869.61,2026-07-28 13:50:00,0
TX003747,AC1314,AC1583,1421.23,2026-07-28 13:53:00,0
TX003748,AC1151,AC1191,776.3,2026-07-28 13:55:00,0
TX003749,AC1475,AC1392,2528.18,2026-07-28 14:02:00,0
TX003750,AC1344,AC1176,5050.07,2026-07-28 14:18:00,0
TX003751,AC1059,AC1285,1377.55,2026-07-28 14:28:00,0
TX003752,AC1038,AC1268,2653.07,2026-07-28 14:33:00,0
TX003753,AC1420,AC1494,1333.76,2026-07-28 14:33:00,0
TX003754,AC1187,AC1284,2445.01,2026-07-28 14:34:00,0
TX003755,AC1359,AC1189,2703.65,2026-07-28 14:38:00,0
TX003756,AC1070,AC1333,5221.63,2026-07-28 14:43:00,0
TX003757,AC1135,AC1442,1280.89,2026-07-28 14:50:00,0
TX003758,AC1285,AC1182,1014.21,2026-07-28 14:53:00,0
TX003759,AC1088,AC1285,2137.45,2026-07-28 14:55:00,0
TX003760,AC1164,AC1593,1194.86,2026-07-28 14:59:00,0
TX003761,AC1004,AC1285,3760.77,2026-07-28 15:04:00,0
TX003762,AC1212,AC1264,4992.96,2026-07-28 15:07:00,0
TX003763,AC1130,AC1188,463.13,2026-07-28 15:12:00,0
TX003764,AC1264,AC1150,4704.55,2026-07-28 15:17:00,0
TX003765,AC1467,AC1114,1058.83,2026-07-28 15:27:00,0
TX003766,AC1090,AC1442,2479.7,2026-07-28 15:35:00,0
TX003767,AC1503,AC1134,1927.88,2026-07-28 15:35:00,0
TX003768,AC1250,AC1076,5119.69,2026-07-28 15:37:00,0
TX003769,AC1033,AC1013,3499.56,2026-07-28 15:41:00,0
TX003770,AC1450,AC1482,1618.7,2026-07-28 15:46:00,0
TX003771,AC1537,AC1264,2138.67,2026-07-28 15:54:00,0
TX003772,AC1044,AC1537,3230.58,2026-07-28 15:57:00,0
TX003773,AC1285,AC1392,282.25,2026-07-28 16:01:00,0
TX003774,AC1279,AC1197,703.97,2026-07-28 16:05:00,0
TX003775,AC1224,AC1067,449.98,2026-07-28 16:07:00,0
TX003776,AC1219,AC1135,1604.35,2026-07-28 16:10:00,0
TX003777,AC1379,AC1356,3694.92,2026-07-28 16:11:00,0
TX003778,AC1357,AC1260,1006.85,2026-07-28 16:21:00,0
TX003779,AC1064,AC1127,7530.74,2026-07-28 16:24:00,0
TX003780,AC1508,AC1421,1610.45,2026-07-28 16:27:00,0
TX003781,AC1448,AC1481,4751.87,2026-07-28 16:44:00,0
TX003782,AC1569,AC1153,2884.8,2026-07-28 16:44:00,0
TX003783,AC1026,AC1153,1640.7,2026-07-28 16:53:00,0
TX003784,AC1333,AC1530,1261.91,2026-07-28 16:54:00,0
TX003785,AC1344,AC1228,1827.81,2026-07-28 17:01:00,0
TX003786,AC1364,AC1253,1634.43,2026-07-28 17:01:00,0
TX003787,AC1243,AC1280,2790.72,2026-07-28 17:02:00,0
TX003788,AC1251,AC1353,2680.4,2026-07-28 17:06:00,0
TX003789,AC1090,AC1363,2898.48,2026-07-28 17:12:00,0
TX003790,AC1060,AC1348,3510.33,2026-07-28 17:12:00,0
TX003791,AC1380,AC1379,5712.53,2026-07-28 17:17:00,0
TX003792,AC1546,AC1055,7294.25,2026-07-28 17:24:00,1
TX003793,AC1333,AC1323,7621.14,2026-07-28 17:37:00,0
TX003794,AC1353,AC1484,2003.36,2026-07-28 17:42:00,0
TX003795,AC1263,AC1575,2025.07,2026-07-28 17:51:00,0
TX003796,AC1164,AC1565,784.75,2026-07-28 17:59:00,0
TX003797,AC1007,AC1319,2684.37,2026-07-28 18:01:00,0
TX003798,AC1428,AC1115,4744.71,2026-07-28 18:04:00,0
TX003799,AC1104,AC1488,2037.05,2026-07-28 18:07:00,0
TX003800,AC1155,AC1565,1370.64,2026-07-28 18:08:00,0
TX003801,AC1285,AC1415,2190.16,2026-07-28 18:13:00,0
TX003802,AC1010,AC1366,1481.64,2026-07-28 18:36:00,0
TX003803,AC1055,AC1156,390.49,2026-07-28 18:45:00,0
TX003804,AC1551,AC1447,905.86,2026-07-28 18:56:00,0
TX003805,AC1454,AC1575,6074.09,2026-07-28 19:05:00,0
TX003806,AC1347,AC1346,2669.42,2026-07-28 19:07:00,0
TX003807,AC1124,AC1321,3075.26,2026-07-28 19:08:00,0
TX003808,AC1018,AC1344,1467.34,2026-07-28 19:29:00,0
TX003809,AC1191,AC1224,3612.36,2026-07-28 19:30:00,0
TX003810,AC1209,AC1565,2257.7,2026-07-28 19:38:00,0
TX003811,AC1226,AC1486,3494.9,2026-07-28 19:46:00,0
TX003812,AC1082,AC1111,7848.47,2026-07-28 19:50:00,0
TX003813,AC1465,AC1067,3987.34,2026-07-28 20:06:00,0
TX003814,AC1055,AC1087,7230.38,2026-07-28 20:10:00,1
TX003815,AC1161,AC1585,867.08,2026-07-28 20:16:00,0
TX003816,AC1146,AC1398,2050.72,2026-07-28 20:20:00,0
TX003817,AC1246,AC1575,1382.49,2026-07-28 20:26:00,0
TX003818,AC1147,AC1344,3778.3,2026-07-28 20:38:00,0
TX003819,AC1565,AC1395,1716.86,2026-07-28 20:55:00,0
TX003820,AC1090,AC1533,2542.98,2026-07-28 21:44:00,0
TX003821,AC1285,AC1135,2882.71,2026-07-28 22:10:00,0
TX003822,AC1364,AC1479,443.32,2026-07-28 22:22:00,0
TX003823,AC1565,AC1260,9242.5,2026-07-28 22:23:00,0
TX003824,AC1234,AC1104,1424.82,2026-07-28 22:26:00,0
TX003825,AC1457,AC1297,1594.37,2026-07-28 22:47:00,0
TX003826,AC1087,AC1076,7200.69,2026-07-28 23:46:00,1
TX003827,AC1076,AC1100,7224.74,2026-07-29 00:21:00,1
TX003828,AC1100,AC1546,7143.08,2026-07-29 04:20:00,1
TX003829,AC1005,AC1378,2170.81,2026-07-29 06:24:00,0
TX003830,AC1246,AC1563,1882.64,2026-07-29 06:29:00,0
TX003831,AC1192,AC1443,2113.26,2026-07-29 06:32:00,0
TX003832,AC1164,AC1570,1014.62,2026-07-29 06:47:00,0
TX003833,AC1211,AC1090,4496.36,2026-07-29 06:48:00,0
TX003834,AC1529,AC1084,2438.86,2026-07-29 06:56:00,0
TX003835,AC1360,AC1537,2910.92,2026-07-29 07:00:00,0
TX003836,AC1399,AC1379,7836.27,2026-07-29 07:04:00,0
TX003837,AC1415,AC1086,667.73,2026-07-29 07:59:00,0
TX003838,AC1565,AC1074,745.25,2026-07-29 08:04:00,0
TX003839,AC1549,AC1173,4558.83,2026-07-29 08:34:00,0
TX003840,AC1450,AC1316,2413.3,2026-07-29 08:53:00,0
TX003841,AC1126,AC1067,8879.41,2026-07-29 09:06:00,0
TX003842,AC1043,AC1250,1210.76,2026-07-29 09:06:00,0
TX003843,AC1002,AC1213,1588.61,2026-07-29 09:06:00,0
TX003844,AC1246,AC1469,4607.32,2026-07-29 09:13:00,0
TX003845,AC1565,AC1233,2112.11,2026-07-29 09:25:00,0
TX003846,AC1285,AC1117,1435.96,2026-07-29 09:36:00,0
TX003847,AC1246,AC1173,2044.77,2026-07-29 09:37:00,0
TX003848,AC1504,AC1384,1207.57,2026-07-29 09:38:00,0
TX003849,AC1478,AC1339,3755.29,2026-07-29 09:48:00,0
TX003850,AC1560,AC1021,1314.35,2026-07-29 09:57:00,0
TX003851,AC1347,AC1565,3742.45,2026-07-29 10:06:00,0
TX003852,AC1082,AC1285,4572.12,2026-07-29 10:33:00,0
TX003853,AC1387,AC1490,3161.13,2026-07-29 10:47:00,0
TX003854,AC1147,AC1369,1222.89,2026-07-29 10:48:00,0
TX003855,AC1384,AC1524,610.14,2026-07-29 10:56:00,0
TX003856,AC1018,AC1242,1822.31,2026-07-29 11:05:00,0
TX003857,AC1098,AC1090,2784.53,2026-07-29 11:17:00,0
TX003858,AC1583,AC1415,2544.98,2026-07-29 11:20:00,0
TX003859,AC1114,AC1337,1034.68,2026-07-29 11:21:00,0
TX003860,AC1575,AC1285,1569.61,2026-07-29 11:23:00,0
TX003861,AC1262,AC1454,1693.69,2026-07-29 11:26:00,0
TX003862,AC1344,AC1553,4870.38,2026-07-29 11:27:00,0
TX003863,AC1013,AC1234,1318.76,2026-07-29 11:28:00,0
TX003864,AC1472,AC1344,1887.15,2026-07-29 11:36:00,0
TX003865,AC1421,AC1364,891.27,2026-07-29 11:37:00,0
TX003866,AC1358,AC1204,956.87,2026-07-29 11:44:00,0
TX003867,AC1246,AC1284,9506.77,2026-07-29 11:47:00,0
TX003868,AC1042,AC1466,4514.75,2026-07-29 11:55:00,0
TX003869,AC1344,AC1591,1018.16,2026-07-29 12:00:00,0
TX003870,AC1380,AC1424,3270.16,2026-07-29 12:12:00,0
TX003871,AC1448,AC1526,742.24,2026-07-29 12:18:00,0
TX003872,AC1246,AC1565,2597.06,2026-07-29 12:27:00,0
TX003873,AC1136,AC1302,6292.19,2026-07-29 12:27:00,0
TX003874,AC1096,AC1346,1973.46,2026-07-29 12:34:00,0
TX003875,AC1366,AC1575,1654.34,2026-07-29 12:35:00,0
TX003876,AC1145,AC1490,989.02,2026-07-29 12:39:00,0
TX003877,AC1392,AC1044,2090.99,2026-07-29 12:40:00,0
TX003878,AC1510,AC1321,951.99,2026-07-29 12:52:00,0
TX003879,AC1282,AC1586,2874.29,2026-07-29 12:52:00,0
TX003880,AC1164,AC1018,3150.46,2026-07-29 13:01:00,0
TX003881,AC1018,AC1405,1576.52,2026-07-29 13:12:00,0
TX003882,AC1565,AC1128,2337.34,2026-07-29 13:13:00,0
TX003883,AC1566,AC1285,2001.2,2026-07-29 13:15:00,0
TX003884,AC1344,AC1510,6162.87,2026-07-29 13:21:00,0
TX003885,AC1507,AC1090,1935.17,2026-07-29 13:24:00,0
TX003886,AC1568,AC1097,1902.33,2026-07-29 13:28:00,0
TX003887,AC1344,AC1285,2056.0,2026-07-29 13:33:00,0
TX003888,AC1157,AC1529,1309.86,2026-07-29 13:35:00,0
TX003889,AC1124,AC1070,1600.92,2026-07-29 14:01:00,0
TX003890,AC1006,AC1504,3348.45,2026-07-29 14:02:00,0
TX003891,AC1289,AC1263,3239.81,2026-07-29 14:03:00,0
TX003892,AC1572,AC1503,6821.65,2026-07-29 14:05:00,0
TX003893,AC1071,AC1376,3588.11,2026-07-29 14:08:00,0
TX003894,AC1599,AC1004,1300.72,2026-07-29 14:10:00,0
TX003895,AC1289,AC1150,1645.28,2026-07-29 14:14:00,0
TX003896,AC1313,AC1110,4020.43,2026-07-29 14:22:00,0
TX003897,AC1140,AC1367,1476.31,2026-07-29 14:27:00,0
TX003898,AC1384,AC1218,3894.47,2026-07-29 14:27:00,0
TX003899,AC1585,AC1344,619.4,2026-07-29 14:33:00,0
TX003900,AC1029,AC1007,478.23,2026-07-29 14:37:00,0
TX003901,AC1209,AC1468,4179.08,2026-07-29 14:39:00,0
TX003902,AC1067,AC1285,751.53,2026-07-29 14:40:00,0
TX003903,AC1285,AC1133,4349.46,2026-07-29 14:42:00,0
TX003904,AC1178,AC1507,6067.94,2026-07-29 14:43:00,0
TX003905,AC1404,AC1251,3264.83,2026-07-29 14:45:00,0
TX003906,AC1326,AC1139,444.01,2026-07-29 14:56:00,0
TX003907,AC1560,AC1157,2871.41,2026-07-29 15:14:00,0
TX003908,AC1256,AC1453,8849.63,2026-07-29 15:15:00,0
TX003909,AC1104,AC1321,1367.0,2026-07-29 15:23:00,0
TX003910,AC1557,AC1344,4511.0,2026-07-29 15:26:00,0
TX003911,AC1344,AC1230,3390.45,2026-07-29 15:30:00,0
TX003912,AC1558,AC1336,1462.3,2026-07-29 15:33:00,0
TX003913,AC1010,AC1284,1587.58,2026-07-29 15:34:00,0
TX003914,AC1026,AC1392,755.84,2026-07-29 15:35:00,0
TX003915,AC1285,AC1057,2535.55,2026-07-29 15:41:00,0
TX003916,AC1157,AC1532,2280.93,2026-07-29 15:43:00,0
TX003917,AC1344,AC1356,3183.05,2026-07-29 15:44:00,0
TX003918,AC1364,AC1323,1407.72,2026-07-29 16:07:00,0
TX003919,AC1273,AC1122,4549.42,2026-07-29 16:14:00,0
TX003920,AC1492,AC1411,6275.41,2026-07-29 16:16:00,0
TX003921,AC1148,AC1364,1093.22,2026-07-29 16:19:00,0
TX003922,AC1318,AC1274,3406.29,2026-07-29 16:23:00,0
TX003923,AC1403,AC1213,3451.63,2026-07-29 16:28:00,0
TX003924,AC1056,AC1162,2213.09,2026-07-29 16:30:00,0
TX003925,AC1002,AC1344,2468.27,2026-07-29 16:38:00,0
TX003926,AC1347,AC1310,3737.52,2026-07-29 16:43:00,0
TX003927,AC1285,AC1402,2490.59,2026-07-29 16:57:00,0
TX003928,AC1448,AC1528,2468.04,2026-07-29 17:21:00,0
TX003929,AC1089,AC1101,2034.48,2026-07-29 17:26:00,0
TX003930,AC1045,AC1565,3591.66,2026-07-29 17:30:00,0
TX003931,AC1502,AC1259,2601.75,2026-07-29 18:29:00,0
TX003932,AC1285,AC1191,3730.64,2026-07-29 18:37:00,0
TX003933,AC1348,AC1572,5187.34,2026-07-29 18:42:00,0
TX003934,AC1432,AC1465,2396.07,2026-07-29 18:45:00,0
TX003935,AC1534,AC1194,1565.91,2026-07-29 18:55:00,0
TX003936,AC1090,AC1515,1016.44,2026-07-29 19:05:00,0
TX003937,AC1518,AC1285,5083.4,2026-07-29 19:14:00,0
TX003938,AC1192,AC1039,5742.6,2026-07-29 19:24:00,0
TX003939,AC1090,AC1131,1960.33,2026-07-29 19:43:00,0
TX003940,AC1501,AC1344,1017.17,2026-07-29 20:10:00,0
TX003941,AC1056,AC1333,4384.43,2026-07-29 20:15:00,0
TX003942,AC1445,AC1466,8653.97,2026-07-29 20:35:00,0
TX003943,AC1448,AC1152,1716.35,2026-07-29 21:48:00,0
TX003944,AC1246,AC1400,748.44,2026-07-29 21:49:00,0
TX003945,AC1333,AC1018,4316.95,2026-07-29 21:52:00,0
TX003946,AC1458,AC1243,1780.55,2026-07-29 22:05:00,0
TX003947,AC1198,AC1090,3688.2,2026-07-29 22:39:00,0
TX003948,AC1074,AC1510,3756.76,2026-07-29 22:43:00,0
TX003949,AC1149,AC1553,1517.83,2026-07-30 06:21:00,0
TX003950,AC1206,AC1321,3782.66,2026-07-30 06:29:00,0
TX003951,AC1084,AC1542,802.98,2026-07-30 06:36:00,0
TX003952,AC1124,AC1460,4682.18,2026-07-30 06:45:00,0
TX003953,AC1269,AC1067,1141.59,2026-07-30 06:56:00,0
TX003954,AC1079,AC1001,4966.73,2026-07-30 06:56:00,0
TX003955,AC1502,AC1539,1142.0,2026-07-30 07:07:00,0
TX003956,AC1143,AC1549,1233.47,2026-07-30 07:15:00,0
TX003957,AC1326,AC1344,1754.41,2026-07-30 07:23:00,0
TX003958,AC1139,AC1545,4770.94,2026-07-30 07:42:00,0
TX003959,AC1090,AC1051,2702.19,2026-07-30 07:56:00,0
TX003960,AC1147,AC1325,7220.58,2026-07-30 07:58:00,0
TX003961,AC1319,AC1007,4026.68,2026-07-30 08:03:00,0
TX003962,AC1590,AC1092,1076.06,2026-07-30 08:10:00,0
TX003963,AC1098,AC1510,1578.79,2026-07-30 08:11:00,0
TX003964,AC1192,AC1533,1666.35,2026-07-30 08:21:00,0
TX003965,AC1507,AC1285,6196.42,2026-07-30 08:24:00,0
TX003966,AC1376,AC1056,2037.35,2026-07-30 08:32:00,0
TX003967,AC1067,AC1227,2204.13,2026-07-30 08:35:00,0
TX003968,AC1090,AC1466,7158.02,2026-07-30 08:46:00,0
TX003969,AC1002,AC1090,5123.13,2026-07-30 09:06:00,0
TX003970,AC1241,AC1179,2780.37,2026-07-30 09:13:00,0
TX003971,AC1063,AC1515,1637.2,2026-07-30 09:26:00,0
TX003972,AC1533,AC1194,4360.93,2026-07-30 09:45:00,0
TX003973,AC1508,AC1130,5986.67,2026-07-30 09:53:00,0
TX003974,AC1585,AC1439,1575.34,2026-07-30 09:55:00,0
TX003975,AC1596,AC1182,2765.77,2026-07-30 09:57:00,0
TX003976,AC1451,AC1507,2692.85,2026-07-30 10:04:00,0
TX003977,AC1484,AC1318,1497.77,2026-07-30 10:09:00,0
TX003978,AC1487,AC1378,1190.79,2026-07-30 10:11:00,0
TX003979,AC1057,AC1190,534.45,2026-07-30 10:27:00,0
TX003980,AC1074,AC1000,2795.3,2026-07-30 10:33:00,0
TX003981,AC1262,AC1187,892.77,2026-07-30 10:44:00,0
TX003982,AC1376,AC1565,6689.76,2026-07-30 11:01:00,0
TX003983,AC1068,AC1285,954.27,2026-07-30 11:02:00,0
TX003984,AC1517,AC1513,2919.98,2026-07-30 11:10:00,0
TX003985,AC1280,AC1067,1171.52,2026-07-30 11:16:00,0
TX003986,AC1506,AC1448,1382.41,2026-07-30 11:18:00,0
TX003987,AC1067,AC1488,3096.44,2026-07-30 11:24:00,0
TX003988,AC1336,AC1285,2244.14,2026-07-30 11:28:00,0
TX003989,AC1084,AC1049,1320.46,2026-07-30 11:34:00,0
TX003990,AC1565,AC1548,1150.29,2026-07-30 11:34:00,0
TX003991,AC1164,AC1069,1520.57,2026-07-30 11:36:00,0
TX003992,AC1091,AC1127,3793.13,2026-07-30 11:41:00,0
TX003993,AC1231,AC1466,4788.37,2026-07-30 11:42:00,0
TX003994,AC1065,AC1269,2672.8,2026-07-30 11:49:00,0
TX003995,AC1172,AC1280,1270.26,2026-07-30 11:50:00,0
TX003996,AC1345,AC1197,6616.63,2026-07-30 11:59:00,0
TX003997,AC1232,AC1589,2788.86,2026-07-30 12:05:00,0
TX003998,AC1031,AC1048,3995.85,2026-07-30 12:07:00,0
TX003999,AC1392,AC1212,6505.84,2026-07-30 12:08:00,0
TX004000,AC1314,AC1074,1022.64,2026-07-30 12:11:00,0
TX004001,AC1289,AC1351,1269.56,2026-07-30 12:11:00,0
TX004002,AC1338,AC1357,3824.36,2026-07-30 12:18:00,0
TX004003,AC1103,AC1447,2837.67,2026-07-30 12:26:00,0
TX004004,AC1172,AC1565,3525.84,2026-07-30 12:32:00,0
TX004005,AC1077,AC1344,4863.19,2026-07-30 12:33:00,0
TX004006,AC1266,AC1028,2418.76,2026-07-30 12:34:00,0
TX004007,AC1005,AC1088,3523.59,2026-07-30 12:39:00,0
TX004008,AC1403,AC1565,5147.94,2026-07-30 12:41:00,0
TX004009,AC1063,AC1367,3765.62,2026-07-30 12:45:00,0
TX004010,AC1529,AC1090,10247.12,2026-07-30 12:57:00,0
TX004011,AC1285,AC1059,2316.94,2026-07-30 13:10:00,0
TX004012,AC1452,AC1118,1343.59,2026-07-30 13:14:00,0
TX004013,AC1516,AC1201,2396.05,2026-07-30 13:17:00,0
TX004014,AC1142,AC1067,1756.39,2026-07-30 13:21:00,0
TX004015,AC1207,AC1377,1613.14,2026-07-30 13:28:00,0
TX004016,AC1344,AC1366,2968.6,2026-07-30 13:31:00,0
TX004017,AC1263,AC1044,3907.65,2026-07-30 13:33:00,0
TX004018,AC1332,AC1460,5093.93,2026-07-30 13:38:00,0
TX004019,AC1397,AC1060,1972.59,2026-07-30 13:39:00,0
TX004020,AC1217,AC1017,8935.69,2026-07-30 13:46:00,0
TX004021,AC1392,AC1090,1900.5,2026-07-30 13:49:00,0
TX004022,AC1211,AC1240,1807.19,2026-07-30 13:49:00,0
TX004023,AC1285,AC1234,4196.83,2026-07-30 13:51:00,0
TX004024,AC1120,AC1233,2048.14,2026-07-30 13:52:00,0
TX004025,AC1307,AC1323,9155.29,2026-07-30 13:54:00,0
TX004026,AC1194,AC1352,4649.6,2026-07-30 13:54:00,0
TX004027,AC1164,AC1120,3289.51,2026-07-30 13:56:00,0
TX004028,AC1349,AC1565,1778.13,2026-07-30 14:01:00,0
TX004029,AC1575,AC1337,1834.16,2026-07-30 14:02:00,0
TX004030,AC1489,AC1293,1902.46,2026-07-30 14:05:00,0
TX004031,AC1360,AC1046,4890.65,2026-07-30 14:11:00,0
TX004032,AC1356,AC1081,2047.03,2026-07-30 14:12:00,0
TX004033,AC1090,AC1448,2952.74,2026-07-30 14:13:00,0
TX004034,AC1444,AC1490,3699.43,2026-07-30 14:15:00,0
TX004035,AC1074,AC1246,1837.0,2026-07-30 14:24:00,0
TX004036,AC1318,AC1155,6004.48,2026-07-30 14:25:00,0
TX004037,AC1392,AC1263,1484.26,2026-07-30 14:29:00,0
TX004038,AC1558,AC1182,10296.15,2026-07-30 14:29:00,0
TX004039,AC1086,AC1418,2638.93,2026-07-30 14:44:00,0
TX004040,AC1307,AC1411,1789.41,2026-07-30 14:46:00,0
TX004041,AC1565,AC1463,5106.12,2026-07-30 14:52:00,0
TX004042,AC1035,AC1181,2640.71,2026-07-30 15:22:00,0
TX004043,AC1285,AC1225,749.52,2026-07-30 15:22:00,0
TX004044,AC1429,AC1356,4178.88,2026-07-30 15:25:00,0
TX004045,AC1192,AC1032,2553.38,2026-07-30 15:30:00,0
TX004046,AC1454,AC1510,2051.33,2026-07-30 15:39:00,0
TX004047,AC1302,AC1519,891.67,2026-07-30 15:41:00,0
TX004048,AC1285,AC1275,2156.76,2026-07-30 15:46:00,0
TX004049,AC1044,AC1344,3023.9,2026-07-30 15:49:00,0
TX004050,AC1018,AC1016,2597.01,2026-07-30 16:00:00,0
TX004051,AC1575,AC1344,3218.57,2026-07-30 16:00:00,0
TX004052,AC1285,AC1155,790.01,2026-07-30 16:01:00,0
TX004053,AC1445,AC1051,1914.7,2026-07-30 16:09:00,0
TX004054,AC1344,AC1199,814.15,2026-07-30 16:11:00,0
TX004055,AC1576,AC1134,4088.29,2026-07-30 16:17:00,0
TX004056,AC1400,AC1585,4997.75,2026-07-30 16:19:00,0
TX004057,AC1465,AC1424,3693.34,2026-07-30 16:24:00,0
TX004058,AC1411,AC1400,4260.09,2026-07-30 16:28:00,0
TX004059,AC1164,AC1530,3589.76,2026-07-30 16:36:00,0
TX004060,AC1545,AC1329,1182.66,2026-07-30 17:12:00,0
TX004061,AC1140,AC1251,3330.93,2026-07-30 17:38:00,0
TX004062,AC1128,AC1379,944.58,2026-07-30 17:49:00,0
TX004063,AC1232,AC1311,1878.37,2026-07-30 18:00:00,0
TX004064,AC1288,AC1324,4085.44,2026-07-30 18:13:00,0
TX004065,AC1304,AC1211,743.7,2026-07-30 18:42:00,0
TX004066,AC1245,AC1000,1711.43,2026-07-30 18:42:00,0
TX004067,AC1468,AC1562,2754.8,2026-07-30 18:52:00,0
TX004068,AC1327,AC1344,1377.74,2026-07-30 18:58:00,0
TX004069,AC1539,AC1004,2211.73,2026-07-30 19:00:00,0
TX004070,AC1164,AC1335,5906.16,2026-07-30 19:02:00,0
TX004071,AC1474,AC1581,5307.38,2026-07-30 19:12:00,0
TX004072,AC1090,AC1018,1304.49,2026-07-30 19:19:00,0
TX004073,AC1446,AC1300,4811.58,2026-07-30 19:23:00,0
TX004074,AC1044,AC1019,1737.73,2026-07-30 19:29:00,0
TX004075,AC1214,AC1344,873.38,2026-07-30 19:55:00,0
TX004076,AC1018,AC1072,1242.69,2026-07-30 20:15:00,0
TX004077,AC1388,AC1332,2899.01,2026-07-30 20:20:00,0
TX004078,AC1218,AC1182,5054.42,2026-07-30 20:33:00,0
TX004079,AC1129,AC1074,3956.3,2026-07-30 20:35:00,0
TX004080,AC1533,AC1018,1031.11,2026-07-30 20:55:00,0
TX004081,AC1344,AC1560,3589.56,2026-07-30 21:14:00,0
TX004082,AC1356,AC1197,3917.42,2026-07-30 21:49:00,0
TX004083,AC1392,AC1420,1028.03,2026-07-30 21:55:00,0
TX004084,AC1051,AC1584,1472.41,2026-07-30 22:11:00,0
TX004085,AC1569,AC1515,1798.99,2026-07-30 22:13:00,0
TX004086,AC1510,AC1511,4593.48,2026-07-30 22:35:00,0
TX004087,AC1090,AC1235,659.62,2026-07-31 06:07:00,0
TX004088,AC1379,AC1438,552.87,2026-07-31 06:11:00,0
TX004089,AC1565,AC1359,935.68,2026-07-31 06:13:00,0
TX004090,AC1350,AC1025,1581.71,2026-07-31 06:29:00,0
TX004091,AC1208,AC1554,5387.87,2026-07-31 06:33:00,0
TX004092,AC1071,AC1191,1205.96,2026-07-31 06:34:00,0
TX004093,AC1339,AC1482,2971.26,2026-07-31 07:06:00,0
TX004094,AC1293,AC1487,1504.8,2026-07-31 07:15:00,0
TX004095,AC1419,AC1196,305.64,2026-07-31 08:10:00,0
TX004096,AC1575,AC1465,871.79,2026-07-31 09:09:00,0
TX004097,AC1423,AC1344,1742.89,2026-07-31 09:13:00,0
TX004098,AC1048,AC1486,1095.75,2026-07-31 09:41:00,0
TX004099,AC1043,AC1523,585.9,2026-07-31 09:43:00,0
TX004100,AC1507,AC1323,2631.49,2026-07-31 09:50:00,0
TX004101,AC1115,AC1378,2977.57,2026-07-31 09:54:00,0
TX004102,AC1122,AC1588,1779.25,2026-07-31 09:56:00,0
TX004103,AC1463,AC1415,19293.59,2026-07-31 09:56:00,0
TX004104,AC1074,AC1196,4872.09,2026-07-31 09:59:00,0
TX004105,AC1197,AC1074,7135.15,2026-07-31 10:03:00,0
TX004106,AC1181,AC1409,1601.15,2026-07-31 10:09:00,0
TX004107,AC1312,AC1018,2085.16,2026-07-31 10:11:00,0
TX004108,AC1364,AC1531,6725.95,2026-07-31 10:19:00,0
TX004109,AC1285,AC1584,4674.12,2026-07-31 10:36:00,0
TX004110,AC1232,AC1347,845.74,2026-07-31 10:42:00,0
TX004111,AC1073,AC1067,1856.48,2026-07-31 10:46:00,0
TX004112,AC1421,AC1307,2098.0,2026-07-31 11:00:00,0
TX004113,AC1211,AC1137,2822.72,2026-07-31 11:05:00,0
TX004114,AC1187,AC1285,552.9,2026-07-31 11:21:00,0
TX004115,AC1141,AC1327,3699.08,2026-07-31 11:30:00,0
TX004116,AC1344,AC1285,2349.1,2026-07-31 11:40:00,0
TX004117,AC1090,AC1489,4097.0,2026-07-31 11:44:00,0
TX004118,AC1095,AC1090,7867.75,2026-07-31 11:44:00,0
TX004119,AC1017,AC1270,639.68,2026-07-31 11:45:00,0
TX004120,AC1018,AC1480,3143.92,2026-07-31 11:53:00,0
TX004121,AC1071,AC1382,2570.79,2026-07-31 11:54:00,0
TX004122,AC1231,AC1192,4819.31,2026-07-31 11:56:00,0
TX004123,AC1392,AC1285,1108.85,2026-07-31 12:00:00,0
TX004124,AC1482,AC1134,3364.26,2026-07-31 12:04:00,0
TX004125,AC1443,AC1122,990.9,2026-07-31 12:36:00,0
TX004126,AC1221,AC1485,1445.59,2026-07-31 12:39:00,0
TX004127,AC1285,AC1530,6507.46,2026-07-31 12:40:00,0
TX004128,AC1507,AC1142,1183.63,2026-07-31 12:53:00,0
TX004129,AC1344,AC1384,4185.15,2026-07-31 12:57:00,0
TX004130,AC1110,AC1180,2204.9,2026-07-31 13:02:00,0
TX004131,AC1575,AC1285,5331.18,2026-07-31 13:13:00,0
TX004132,AC1225,AC1090,2303.27,2026-07-31 13:16:00,0
TX004133,AC1553,AC1299,2586.0,2026-07-31 13:17:00,0
TX004134,AC1212,AC1560,2691.2,2026-07-31 13:18:00,0
TX004135,AC1090,AC1193,2918.1,2026-07-31 13:18:00,0
TX004136,AC1450,AC1443,2763.47,2026-07-31 13:21:00,0
TX004137,AC1009,AC1060,3775.7,2026-07-31 13:23:00,0
TX004138,AC1141,AC1211,2383.84,2026-07-31 13:24:00,0
TX004139,AC1274,AC1447,1249.6,2026-07-31 13:31:00,0
TX004140,AC1075,AC1038,1874.93,2026-07-31 13:34:00,0
TX004141,AC1229,AC1482,4931.36,2026-07-31 13:45:00,0
TX004142,AC1080,AC1336,2332.14,2026-07-31 13:53:00,0
TX004143,AC1044,AC1392,2132.48,2026-07-31 13:55:00,0
TX004144,AC1460,AC1090,1406.8,2026-07-31 13:56:00,0
TX004145,AC1379,AC1056,1034.65,2026-07-31 14:04:00,0
TX004146,AC1565,AC1350,2077.94,2026-07-31 14:07:00,0
TX004147,AC1057,AC1207,813.09,2026-07-31 14:09:00,0
TX004148,AC1513,AC1565,1156.42,2026-07-31 14:18:00,0
TX004149,AC1465,AC1057,1737.14,2026-07-31 14:19:00,0
TX004150,AC1510,AC1254,2856.62,2026-07-31 14:20:00,0
TX004151,AC1188,AC1530,4358.82,2026-07-31 14:23:00,0
TX004152,AC1262,AC1304,3220.86,2026-07-31 14:34:00,0
TX004153,AC1363,AC1026,3278.29,2026-07-31 14:42:00,0
TX004154,AC1153,AC1210,3645.71,2026-07-31 14:43:00,0
TX004155,AC1479,AC1090,700.29,2026-07-31 14:44:00,0
TX004156,AC1085,AC1217,451.13,2026-07-31 14:46:00,0
TX004157,AC1046,AC1471,743.47,2026-07-31 14:53:00,0
TX004158,AC1363,AC1040,1454.68,2026-07-31 14:53:00,0
TX004159,AC1033,AC1265,2994.22,2026-07-31 14:54:00,0
TX004160,AC1415,AC1533,1734.57,2026-07-31 14:55:00,0
TX004161,AC1192,AC1277,1013.6,2026-07-31 14:58:00,0
TX004162,AC1379,AC1326,9542.69,2026-07-31 15:01:00,0
TX004163,AC1512,AC1293,3311.03,2026-07-31 15:04:00,0
TX004164,AC1392,AC1409,971.01,2026-07-31 15:07:00,0
TX004165,AC1551,AC1250,1545.47,2026-07-31 15:07:00,0
TX004166,AC1561,AC1296,5821.61,2026-07-31 15:08:00,0
TX004167,AC1148,AC1424,2109.02,2026-07-31 15:14:00,0
TX004168,AC1205,AC1465,5937.36,2026-07-31 15:16:00,0
TX004169,AC1215,AC1337,9540.2,2026-07-31 15:16:00,0
TX004170,AC1252,AC1565,4714.54,2026-07-31 15:17:00,0
TX004171,AC1344,AC1044,296.0,2026-07-31 15:20:00,0
TX004172,AC1537,AC1115,1843.78,2026-07-31 15:22:00,0
TX004173,AC1344,AC1129,4215.85,2026-07-31 15:24:00,0
TX004174,AC1099,AC1575,1450.13,2026-07-31 15:27:00,0
TX004175,AC1266,AC1396,7027.16,2026-07-31 15:45:00,0
TX004176,AC1285,AC1597,5885.96,2026-07-31 15:46:00,0
TX004177,AC1289,AC1291,3616.6,2026-07-31 15:48:00,0
TX004178,AC1565,AC1208,495.63,2026-07-31 15:50:00,0
TX004179,AC1285,AC1187,2494.87,2026-07-31 15:54:00,0
TX004180,AC1199,AC1347,1912.55,2026-07-31 15:54:00,0
TX004181,AC1412,AC1448,4641.53,2026-07-31 15:57:00,0
TX004182,AC1347,AC1061,1784.91,2026-07-31 16:05:00,0
TX004183,AC1259,AC1018,1788.36,2026-07-31 16:08:00,0
TX004184,AC1344,AC1444,3581.99,2026-07-31 16:09:00,0
TX004185,AC1114,AC1284,9731.16,2026-07-31 16:12:00,0
TX004186,AC1285,AC1184,1947.51,2026-07-31 16:13:00,0
TX004187,AC1218,AC1344,1846.05,2026-07-31 16:15:00,0
TX004188,AC1017,AC1212,3383.86,2026-07-31 16:25:00,0
TX004189,AC1392,AC1522,3956.87,2026-07-31 16:26:00,0
TX004190,AC1320,AC1444,12122.77,2026-07-31 16:28:00,0
TX004191,AC1394,AC1492,4420.1,2026-07-31 16:29:00,0
TX004192,AC1322,AC1245,763.61,2026-07-31 16:30:00,0
TX004193,AC1067,AC1489,1823.64,2026-07-31 16:38:00,0
TX004194,AC1431,AC1344,1431.92,2026-07-31 16:48:00,0
TX004195,AC1127,AC1149,2038.06,2026-07-31 16:50:00,0
TX004196,AC1322,AC1076,285.51,2026-07-31 16:55:00,0
TX004197,AC1581,AC1192,2669.08,2026-07-31 16:58:00,0
TX004198,AC1028,AC1266,861.98,2026-07-31 17:00:00,0
TX004199,AC1541,AC1366,1490.35,2026-07-31 17:05:00,0
TX004200,AC1467,AC1403,3501.22,2026-07-31 17:07:00,0
TX004201,AC1191,AC1595,2747.45,2026-07-31 17:12:00,0
TX004202,AC1026,AC1421,2359.58,2026-07-31 17:15:00,0
TX004203,AC1055,AC1360,1009.98,2026-07-31 17:19:00,0
TX004204,AC1381,AC1334,4292.2,2026-07-31 17:20:00,0
TX004205,AC1359,AC1507,1022.46,2026-07-31 17:30:00,0
TX004206,AC1020,AC1201,1773.02,2026-07-31 17:35:00,0
TX004207,AC1520,AC1296,6880.19,2026-07-31 17:50:00,0
TX004208,AC1182,AC1392,806.64,2026-07-31 17:52:00,0
TX004209,AC1353,AC1146,16713.57,2026-07-31 18:17:00,0
TX004210,AC1493,AC1437,3284.37,2026-07-31 18:22:00,0
TX004211,AC1556,AC1344,4225.34,2026-07-31 18:36:00,0
TX004212,AC1194,AC1490,3607.36,2026-07-31 18:42:00,0
TX004213,AC1059,AC1415,6367.26,2026-07-31 19:04:00,0
TX004214,AC1565,AC1052,3342.22,2026-07-31 19:12:00,0
TX004215,AC1448,AC1396,1389.15,2026-07-31 19:13:00,0
TX004216,AC1596,AC1285,1299.31,2026-07-31 19:18:00,0
TX004217,AC1065,AC1421,2930.47,2026-07-31 19:39:00,0
TX004218,AC1121,AC1329,1744.39,2026-07-31 19:41:00,0
TX004219,AC1484,AC1499,6620.48,2026-07-31 19:58:00,0
TX004220,AC1014,AC1288,4980.56,2026-07-31 20:26:00,0
TX004221,AC1139,AC1466,2300.98,2026-07-31 20:26:00,0
TX004222,AC1285,AC1173,2407.62,2026-07-31 20:30:00,0
TX004223,AC1555,AC1344,5677.28,2026-07-31 20:43:00,0
TX004224,AC1067,AC1256,1657.51,2026-07-31 21:18:00,0
TX004225,AC1122,AC1181,3998.19,2026-07-31 21:32:00,0
TX004226,AC1462,AC1565,2088.36,2026-07-31 22:14:00,0
TX004227,AC1443,AC1274,976.98,2026-07-31 22:35:00,0
TX004228,AC1510,AC1026,2304.42,2026-07-31 22:45:00,0
TX004229,AC1583,AC1558,3915.16,2026-07-31 22:47:00,0
TX004230,AC1319,AC1473,5161.66,2026-07-31 22:53:00,0
TX004231,AC1453,AC1592,1206.45,2026-08-01 06:18:00,0
TX004232,AC1197,AC1146,3446.9,2026-08-01 06:20:00,0
TX004233,AC1578,AC1264,1053.7,2026-08-01 06:32:00,0
TX004234,AC1307,AC1483,1405.77,2026-08-01 06:40:00,0
TX004235,AC1285,AC1073,2121.24,2026-08-01 06:42:00,0
TX004236,AC1433,AC1197,4926.94,2026-08-01 06:47:00,0
TX004237,AC1044,AC1059,1167.74,2026-08-01 06:56:00,0
TX004238,AC1533,AC1285,2354.86,2026-08-01 07:32:00,0
TX004239,AC1348,AC1218,666.14,2026-08-01 07:35:00,0
TX004240,AC1254,AC1569,2848.45,2026-08-01 07:42:00,0
TX004241,AC1007,AC1450,4975.9,2026-08-01 07:58:00,0
TX004242,AC1379,AC1018,5262.28,2026-08-01 08:00:00,0
TX004243,AC1005,AC1249,709.91,2026-08-01 08:18:00,0
TX004244,AC1409,AC1416,2628.08,2026-08-01 08:20:00,0
TX004245,AC1591,AC1156,3562.2,2026-08-01 08:48:00,0
TX004246,AC1214,AC1595,7459.5,2026-08-01 09:01:00,0
TX004247,AC1344,AC1212,3397.85,2026-08-01 09:32:00,0
TX004248,AC1361,AC1344,4324.94,2026-08-01 09:38:00,0
TX004249,AC1068,AC1199,3255.75,2026-08-01 09:39:00,0
TX004250,AC1525,AC1315,736.26,2026-08-01 09:41:00,0
TX004251,AC1234,AC1496,4200.54,2026-08-01 09:55:00,0
TX004252,AC1090,AC1285,1606.02,2026-08-01 10:00:00,0
TX004253,AC1034,AC1194,3998.58,2026-08-01 10:16:00,0
TX004254,AC1117,AC1395,1746.51,2026-08-01 10:17:00,0
TX004255,AC1108,AC1289,4084.72,2026-08-01 10:26:00,0
TX004256,AC1186,AC1285,4313.58,2026-08-01 10:42:00,0
TX004257,AC1305,AC1441,2719.45,2026-08-01 10:46:00,0
TX004258,AC1005,AC1394,1991.74,2026-08-01 10:51:00,0
TX004259,AC1333,AC1018,7736.74,2026-08-01 10:55:00,0
TX004260,AC1565,AC1044,3378.79,2026-08-01 10:56:00,0
TX004261,AC1182,AC1460,2102.85,2026-08-01 11:07:00,0
TX004262,AC1557,AC1259,9401.51,2026-08-01 11:08:00,0
TX004263,AC1126,AC1580,3038.2,2026-08-01 11:10:00,0
TX004264,AC1310,AC1188,2444.36,2026-08-01 11:14:00,0
TX004265,AC1524,AC1404,5031.06,2026-08-01 11:20:00,0
TX004266,AC1485,AC1565,1972.33,2026-08-01 11:22:00,0
TX004267,AC1091,AC1552,4242.4,2026-08-01 11:23:00,0
TX004268,AC1256,AC1282,4813.65,2026-08-01 11:34:00,0
TX004269,AC1441,AC1110,886.94,2026-08-01 11:38:00,0
TX004270,AC1477,AC1136,3053.47,2026-08-01 11:39:00,0
TX004271,AC1375,AC1112,1416.7,2026-08-01 11:48:00,0
TX004272,AC1234,AC1465,767.15,2026-08-01 11:49:00,0
TX004273,AC1447,AC1362,3522.34,2026-08-01 11:49:00,0
TX004274,AC1013,AC1212,1298.74,2026-08-01 11:55:00,0
TX004275,AC1088,AC1083,3419.89,2026-08-01 11:56:00,0
TX004276,AC1090,AC1126,1720.02,2026-08-01 12:04:00,0
TX004277,AC1178,AC1565,3441.05,2026-08-01 12:04:00,0
TX004278,AC1339,AC1321,6301.92,2026-08-01 12:08:00,0
TX004279,AC1082,AC1326,6252.52,2026-08-01 12:14:00,0
TX004280,AC1156,AC1004,2401.04,2026-08-01 12:20:00,0
TX004281,AC1082,AC1083,4158.8,2026-08-01 12:21:00,0
TX004282,AC1232,AC1017,3241.24,2026-08-01 12:32:00,0
TX004283,AC1289,AC1520,2129.83,2026-08-01 12:39:00,0
TX004284,AC1335,AC1447,3501.72,2026-08-01 12:42:00,0
TX004285,AC1223,AC1285,2737.82,2026-08-01 12:50:00,0
TX004286,AC1270,AC1139,5112.64,2026-08-01 12:57:00,0
TX004287,AC1285,AC1344,5776.62,2026-08-01 13:15:00,0
TX004288,AC1181,AC1490,1713.73,2026-08-01 13:18:00,0
TX004289,AC1383,AC1083,326.22,2026-08-01 13:24:00,0
TX004290,AC1344,AC1105,3004.31,2026-08-01 13:24:00,0
TX004291,AC1436,AC1347,2749.6,2026-08-01 13:36:00,0
TX004292,AC1178,AC1016,7641.44,2026-08-01 13:36:00,0
TX004293,AC1285,AC1359,1425.67,2026-08-01 13:36:00,0
TX004294,AC1211,AC1201,4702.19,2026-08-01 13:38:00,0
TX004295,AC1067,AC1260,4868.65,2026-08-01 13:41:00,0
TX004296,AC1282,AC1084,915.27,2026-08-01 13:43:00,0
TX004297,AC1261,AC1344,3431.69,2026-08-01 13:47:00,0
TX004298,AC1487,AC1488,2409.57,2026-08-01 13:54:00,0
TX004299,AC1067,AC1414,1512.87,2026-08-01 13:55:00,0
TX004300,AC1001,AC1548,2070.2,2026-08-01 14:05:00,0
TX004301,AC1067,AC1237,3649.81,2026-08-01 14:08:00,0
TX004302,AC1064,AC1093,2708.46,2026-08-01 14:22:00,0
TX004303,AC1018,AC1267,1435.1,2026-08-01 14:27:00,0
TX004304,AC1204,AC1512,8263.0,2026-08-01 14:31:00,0
TX004305,AC1090,AC1075,1361.74,2026-08-01 14:44:00,0
TX004306,AC1526,AC1177,1564.95,2026-08-01 15:11:00,0
TX004307,AC1467,AC1509,2604.82,2026-08-01 15:12:00,0
TX004308,AC1077,AC1430,468.82,2026-08-01 15:18:00,0
TX004309,AC1402,AC1379,2624.65,2026-08-01 15:25:00,0
TX004310,AC1303,AC1059,2727.91,2026-08-01 15:35:00,0
TX004311,AC1285,AC1344,1524.32,2026-08-01 15:36:00,0
TX004312,AC1002,AC1344,1648.14,2026-08-01 15:39:00,0
TX004313,AC1392,AC1018,1061.2,2026-08-01 15:44:00,0
TX004314,AC1386,AC1189,1738.64,2026-08-01 15:45:00,0
TX004315,AC1089,AC1030,584.04,2026-08-01 15:57:00,0
TX004316,AC1288,AC1354,1516.39,2026-08-01 16:11:00,0
TX004317,AC1150,AC1054,3063.84,2026-08-01 16:11:00,0
TX004318,AC1344,AC1014,2561.02,2026-08-01 16:26:00,0
TX004319,AC1340,AC1265,2459.04,2026-08-01 16:26:00,0
TX004320,AC1504,AC1308,2120.74,2026-08-01 16:30:00,0
TX004321,AC1465,AC1450,1084.98,2026-08-01 16:32:00,0
TX004322,AC1289,AC1509,1159.3,2026-08-01 16:34:00,0
TX004323,AC1580,AC1132,2218.35,2026-08-01 16:45:00,0
TX004324,AC1113,AC1448,2909.35,2026-08-01 16:45:00,0
TX004325,AC1344,AC1177,3990.89,2026-08-01 16:46:00,0
TX004326,AC1351,AC1576,4197.41,2026-08-01 16:49:00,0
TX004327,AC1285,AC1125,1260.75,2026-08-01 16:54:00,0
TX004328,AC1565,AC1223,4088.07,2026-08-01 17:04:00,0
TX004329,AC1117,AC1464,6468.81,2026-08-01 17:05:00,0
TX004330,AC1285,AC1509,2288.84,2026-08-01 17:06:00,0
TX004331,AC1393,AC1057,4506.97,2026-08-01 17:07:00,0
TX004332,AC1344,AC1120,2677.88,2026-08-01 17:10:00,0
TX004333,AC1440,AC1054,3311.4,2026-08-01 17:16:00,0
TX004334,AC1325,AC1275,1949.51,2026-08-01 17:18:00,0
TX004335,AC1089,AC1069,2548.23,2026-08-01 17:21:00,0
TX004336,AC1593,AC1249,4483.88,2026-08-01 17:21:00,0
TX004337,AC1164,AC1285,1374.43,2026-08-01 17:25:00,0
TX004338,AC1180,AC1296,2893.75,2026-08-01 17:34:00,0
TX004339,AC1327,AC1347,2027.89,2026-08-01 17:36:00,0
TX004340,AC1537,AC1531,558.73,2026-08-01 17:44:00,0
TX004341,AC1407,AC1321,13726.15,2026-08-01 17:44:00,0
TX004342,AC1402,AC1561,1199.77,2026-08-01 17:48:00,0
TX004343,AC1308,AC1093,791.49,2026-08-01 17:52:00,0
TX004344,AC1446,AC1559,4185.91,2026-08-01 18:16:00,0
TX004345,AC1285,AC1565,1673.0,2026-08-01 18:20:00,0
TX004346,AC1467,AC1009,2411.34,2026-08-01 18:20:00,0
TX004347,AC1276,AC1133,2576.97,2026-08-01 18:24:00,0
TX004348,AC1224,AC1095,3874.4,2026-08-01 18:31:00,0
TX004349,AC1344,AC1179,1962.32,2026-08-01 18:49:00,0
TX004350,AC1325,AC1344,2575.93,2026-08-01 18:53:00,0
TX004351,AC1431,AC1565,701.29,2026-08-01 19:13:00,0
TX004352,AC1467,AC1460,2151.24,2026-08-01 19:37:00,0
TX004353,AC1519,AC1495,519.05,2026-08-01 20:06:00,0
TX004354,AC1565,AC1082,1460.17,2026-08-01 21:40:00,0
TX004355,AC1285,AC1107,3054.51,2026-08-01 21:53:00,0
TX004356,AC1251,AC1218,2861.1,2026-08-01 22:01:00,0
TX004357,AC1497,AC1056,5313.61,2026-08-01 22:14:00,0
TX004358,AC1285,AC1270,3038.07,2026-08-01 22:19:00,0
TX004359,AC1076,AC1338,1769.33,2026-08-01 22:35:00,0
TX004360,AC1526,AC1176,2919.1,2026-08-01 22:53:00,0
TX004361,AC1266,AC1192,5177.34,2026-08-02 06:22:00,0
TX004362,AC1466,AC1542,1186.48,2026-08-02 06:32:00,0
TX004363,AC1035,AC1506,2306.46,2026-08-02 06:38:00,0
TX004364,AC1289,AC1347,8785.97,2026-08-02 07:07:00,0
TX004365,AC1024,AC1123,4796.11,2026-08-02 07:17:00,0
TX004366,AC1061,AC1567,2240.34,2026-08-02 07:20:00,0
TX004367,AC1599,AC1286,1625.17,2026-08-02 07:25:00,0
TX004368,AC1560,AC1379,4280.11,2026-08-02 07:29:00,0
TX004369,AC1020,AC1247,4178.12,2026-08-02 08:03:00,0
TX004370,AC1037,AC1457,2930.38,2026-08-02 08:15:00,0
TX004371,AC1556,AC1327,4421.85,2026-08-02 08:20:00,0
TX004372,AC1090,AC1519,3421.6,2026-08-02 08:34:00,0
TX004373,AC1085,AC1297,6609.04,2026-08-02 08:34:00,0
TX004374,AC1037,AC1191,2480.86,2026-08-02 08:36:00,0
TX004375,AC1018,AC1344,644.14,2026-08-02 08:56:00,0
TX004376,AC1465,AC1093,5754.5,2026-08-02 08:58:00,0
TX004377,AC1465,AC1423,4533.22,2026-08-02 09:12:00,0
TX004378,AC1416,AC1228,3378.73,2026-08-02 09:17:00,0
TX004379,AC1562,AC1115,1665.78,2026-08-02 09:35:00,0
TX004380,AC1285,AC1379,1780.83,2026-08-02 09:37:00,0
TX004381,AC1191,AC1471,1082.9,2026-08-02 09:38:00,0
TX004382,AC1044,AC1488,1078.82,2026-08-02 10:06:00,0
TX004383,AC1247,AC1135,6246.18,2026-08-02 10:19:00,0
TX004384,AC1018,AC1124,2210.1,2026-08-02 10:34:00,0
TX004385,AC1266,AC1547,879.69,2026-08-02 10:41:00,0
TX004386,AC1090,AC1547,1707.1,2026-08-02 10:48:00,0
TX004387,AC1160,AC1047,6780.87,2026-08-02 10:53:00,0
TX004388,AC1068,AC1014,911.59,2026-08-02 10:58:00,0
TX004389,AC1106,AC1266,3291.69,2026-08-02 11:04:00,0
TX004390,AC1266,AC1187,993.92,2026-08-02 11:09:00,0
TX004391,AC1596,AC1381,4198.54,2026-08-02 11:13:00,0
TX004392,AC1435,AC1501,2272.67,2026-08-02 11:16:00,0
TX004393,AC1074,AC1317,1990.66,2026-08-02 11:20:00,0
TX004394,AC1066,AC1344,1690.41,2026-08-02 11:23:00,0
TX004395,AC1191,AC1392,177.63,2026-08-02 11:24:00,0
TX004396,AC1477,AC1090,1387.22,2026-08-02 11:44:00,0
TX004397,AC1344,AC1234,3879.97,2026-08-02 11:52:00,0
TX004398,AC1344,AC1142,1624.71,2026-08-02 11:54:00,0
TX004399,AC1211,AC1421,4173.58,2026-08-02 11:58:00,0
TX004400,AC1435,AC1352,2067.46,2026-08-02 12:17:00,0
TX004401,AC1574,AC1009,1961.82,2026-08-02 12:21:00,0
TX004402,AC1508,AC1442,3753.69,2026-08-02 12:55:00,0
TX004403,AC1559,AC1069,2134.78,2026-08-02 13:03:00,0
TX004404,AC1080,AC1245,2773.03,2026-08-02 13:06:00,0
TX004405,AC1263,AC1152,2394.52,2026-08-02 13:10:00,0
TX004406,AC1117,AC1493,1978.87,2026-08-02 13:13:00,0
TX004407,AC1056,AC1466,8200.3,2026-08-02 13:18:00,0
TX004408,AC1564,AC1202,4673.44,2026-08-02 13:19:00,0
TX004409,AC1001,AC1338,2080.09,2026-08-02 13:19:00,0
TX004410,AC1197,AC1066,1722.47,2026-08-02 13:20:00,0
TX004411,AC1511,AC1520,12501.8,2026-08-02 13:20:00,0
TX004412,AC1161,AC1058,3218.86,2026-08-02 13:23:00,0
TX004413,AC1141,AC1212,1890.63,2026-08-02 13:24:00,0
TX004414,AC1450,AC1163,1571.63,2026-08-02 13:29:00,0
TX004415,AC1026,AC1100,1127.31,2026-08-02 13:41:00,0
TX004416,AC1546,AC1285,6343.38,2026-08-02 13:48:00,0
TX004417,AC1286,AC1291,4576.29,2026-08-02 13:56:00,0
TX004418,AC1285,AC1345,796.71,2026-08-02 13:59:00,0
TX004419,AC1289,AC1045,1025.74,2026-08-02 14:03:00,0
TX004420,AC1332,AC1562,4080.45,2026-08-02 14:16:00,0
TX004421,AC1040,AC1408,1687.41,2026-08-02 14:16:00,0
TX004422,AC1372,AC1096,10558.99,2026-08-02 14:18:00,0
TX004423,AC1233,AC1083,3155.07,2026-08-02 14:22:00,0
TX004424,AC1333,AC1532,1944.15,2026-08-02 14:22:00,0
TX004425,AC1463,AC1313,3990.68,2026-08-02 14:30:00,0
TX004426,AC1188,AC1244,1519.72,2026-08-02 14:31:00,0
TX004427,AC1024,AC1491,3500.33,2026-08-02 14:35:00,0
TX004428,AC1397,AC1565,2048.6,2026-08-02 14:44:00,0
TX004429,AC1384,AC1567,3137.47,2026-08-02 14:46:00,0
TX004430,AC1157,AC1052,1236.5,2026-08-02 14:50:00,0
TX004431,AC1188,AC1289,2626.65,2026-08-02 14:52:00,0
TX004432,AC1054,AC1319,2803.56,2026-08-02 14:57:00,0
TX004433,AC1344,AC1520,1888.29,2026-08-02 14:57:00,0
TX004434,AC1131,AC1392,3193.98,2026-08-02 15:01:00,0
TX004435,AC1231,AC1460,819.33,2026-08-02 15:08:00,0
TX004436,AC1392,AC1344,7335.81,2026-08-02 15:16:00,0
TX004437,AC1344,AC1490,6256.93,2026-08-02 15:24:00,0
TX004438,AC1346,AC1107,5781.82,2026-08-02 15:39:00,0
TX004439,AC1346,AC1061,17584.23,2026-08-02 15:46:00,0
TX004440,AC1315,AC1018,2468.31,2026-08-02 15:47:00,0
TX004441,AC1522,AC1030,1273.82,2026-08-02 15:50:00,0
TX004442,AC1373,AC1090,1589.76,2026-08-02 15:52:00,0
TX004443,AC1279,AC1526,2389.81,2026-08-02 15:54:00,0
TX004444,AC1271,AC1413,4762.6,2026-08-02 16:02:00,0
TX004445,AC1135,AC1012,4596.36,2026-08-02 16:06:00,0
TX004446,AC1595,AC1402,3794.02,2026-08-02 16:08:00,0
TX004447,AC1366,AC1328,6911.87,2026-08-02 16:14:00,0
TX004448,AC1580,AC1383,1172.7,2026-08-02 16:15:00,0
TX004449,AC1532,AC1017,2970.43,2026-08-02 16:22:00,0
TX004450,AC1379,AC1369,7585.43,2026-08-02 16:24:00,0
TX004451,AC1379,AC1099,2488.26,2026-08-02 16:26:00,0
TX004452,AC1353,AC1197,1220.17,2026-08-02 16:33:00,0
TX004453,AC1507,AC1481,1501.31,2026-08-02 16:44:00,0
TX004454,AC1490,AC1152,3999.24,2026-08-02 16:55:00,0
TX004455,AC1090,AC1296,3615.37,2026-08-02 17:11:00,0
TX004456,AC1194,AC1090,2777.38,2026-08-02 17:26:00,0
TX004457,AC1286,AC1513,1978.33,2026-08-02 17:27:00,0
TX004458,AC1522,AC1312,1488.19,2026-08-02 17:34:00,0
TX004459,AC1363,AC1344,4441.2,2026-08-02 17:41:00,0
TX004460,AC1517,AC1433,1054.98,2026-08-02 17:54:00,0
TX004461,AC1388,AC1327,3269.19,2026-08-02 17:54:00,0
TX004462,AC1188,AC1383,2223.94,2026-08-02 17:56:00,0
TX004463,AC1141,AC1097,3053.87,2026-08-02 18:12:00,0
TX004464,AC1355,AC1264,2986.77,2026-08-02 18:13:00,0
TX004465,AC1455,AC1237,1831.46,2026-08-02 18:17:00,0
TX004466,AC1018,AC1393,2658.29,2026-08-02 18:17:00,0
TX004467,AC1358,AC1218,6084.5,2026-08-02 18:40:00,0
TX004468,AC1087,AC1161,848.43,2026-08-02 18:42:00,0
TX004469,AC1141,AC1030,523.04,2026-08-02 18:47:00,0
TX004470,AC1254,AC1373,2671.7,2026-08-02 18:47:00,0
TX004471,AC1018,AC1412,1104.68,2026-08-02 18:50:00,0
TX004472,AC1082,AC1523,2049.21,2026-08-02 18:51:00,0
TX004473,AC1138,AC1223,1249.34,2026-08-02 18:54:00,0
TX004474,AC1117,AC1084,1471.42,2026-08-02 19:02:00,0
TX004475,AC1199,AC1561,1154.23,2026-08-02 19:21:00,0
TX004476,AC1457,AC1089,10296.73,2026-08-02 19:23:00,0
TX004477,AC1565,AC1044,4835.15,2026-08-02 19:28:00,0
TX004478,AC1546,AC1509,7511.32,2026-08-02 19:36:00,0
TX004479,AC1437,AC1239,2082.12,2026-08-02 19:45:00,0
TX004480,AC1135,AC1508,7300.46,2026-08-02 20:15:00,0
TX004481,AC1212,AC1415,579.73,2026-08-02 21:08:00,0
TX004482,AC1032,AC1285,1154.57,2026-08-02 21:41:00,0
TX004483,AC1274,AC1350,705.48,2026-08-02 21:48:00,0
TX004484,AC1321,AC1418,3647.38,2026-08-02 21:48:00,0
TX004485,AC1095,AC1434,2696.34,2026-08-02 22:15:00,0
TX004486,AC1267,AC1508,9317.85,2026-08-02 22:30:00,0
TX004487,AC1216,AC1472,4508.53,2026-08-03 06:19:00,0
TX004488,AC1013,AC1285,3014.63,2026-08-03 06:29:00,0
TX004489,AC1199,AC1315,2287.34,2026-08-03 06:46:00,0
TX004490,AC1590,AC1327,2275.79,2026-08-03 06:51:00,0
TX004491,AC1203,AC1164,2585.46,2026-08-03 06:57:00,0
TX004492,AC1090,AC1537,9863.7,2026-08-03 07:30:00,0
TX004493,AC1583,AC1476,3815.39,2026-08-03 07:34:00,0
TX004494,AC1596,AC1223,1639.41,2026-08-03 08:04:00,0
TX004495,AC1083,AC1351,2103.39,2026-08-03 08:06:00,0
TX004496,AC1289,AC1466,3539.44,2026-08-03 08:08:00,0
TX004497,AC1030,AC1135,8427.67,2026-08-03 08:21:00,0
TX004498,AC1185,AC1555,1145.86,2026-08-03 08:21:00,0
TX004499,AC1084,AC1079,2207.67,2026-08-03 08:31:00,0
TX004500,AC1275,AC1141,1074.26,2026-08-03 08:53:00,0
TX004501,AC1465,AC1346,2496.58,2026-08-03 08:56:00,0
TX004502,AC1112,AC1106,6198.41,2026-08-03 09:18:00,0
TX004503,AC1546,AC1585,5337.4,2026-08-03 09:20:00,0
TX004504,AC1004,AC1299,2156.2,2026-08-03 09:20:00,0
TX004505,AC1043,AC1392,3055.9,2026-08-03 09:25:00,0
TX004506,AC1451,AC1349,5060.96,2026-08-03 09:27:00,0
TX004507,AC1101,AC1233,830.66,2026-08-03 09:28:00,0
TX004508,AC1348,AC1222,6695.64,2026-08-03 09:37:00,0
TX004509,AC1041,AC1222,4407.22,2026-08-03 09:43:00,0
TX004510,AC1320,AC1477,1167.64,2026-08-03 09:58:00,0
TX004511,AC1115,AC1446,1823.51,2026-08-03 10:06:00,0
TX004512,AC1285,AC1322,6917.57,2026-08-03 10:15:00,0
TX004513,AC1372,AC1565,3510.25,2026-08-03 10:26:00,0
TX004514,AC1344,AC1030,913.49,2026-08-03 10:30:00,0
TX004515,AC1090,AC1503,12219.71,2026-08-03 10:31:00,0
TX004516,AC1379,AC1219,5959.92,2026-08-03 10:36:00,0
TX004517,AC1580,AC1002,560.06,2026-08-03 10:40:00,0
TX004518,AC1416,AC1259,3381.54,2026-08-03 10:48:00,0
TX004519,AC1568,AC1254,1454.85,2026-08-03 11:05:00,0
TX004520,AC1157,AC1575,6819.52,2026-08-03 11:23:00,0
TX004521,AC1399,AC1434,1758.29,2026-08-03 11:24:00,0
TX004522,AC1090,AC1044,1508.24,2026-08-03 11:25:00,0
TX004523,AC1542,AC1488,4173.31,2026-08-03 11:29:00,0
TX004524,AC1156,AC1292,1188.23,2026-08-03 11:31:00,0
TX004525,AC1531,AC1122,4474.53,2026-08-03 11:35:00,0
TX004526,AC1192,AC1320,1466.01,2026-08-03 11:37:00,0
TX004527,AC1343,AC1155,1857.59,2026-08-03 11:39:00,0
TX004528,AC1240,AC1033,5593.06,2026-08-03 11:40:00,0
TX004529,AC1510,AC1044,1253.68,2026-08-03 11:43:00,0
TX004530,AC1403,AC1037,2453.04,2026-08-03 11:50:00,0
TX004531,AC1503,AC1028,1713.45,2026-08-03 11:51:00,0
TX004532,AC1576,AC1163,1579.41,2026-08-03 11:55:00,0
TX004533,AC1202,AC1157,2667.0,2026-08-03 11:55:00,0
TX004534,AC1146,AC1418,1164.16,2026-08-03 12:04:00,0
TX004535,AC1165,AC1057,1149.18,2026-08-03 12:07:00,0
TX004536,AC1026,AC1383,963.79,2026-08-03 12:11:00,0
TX004537,AC1344,AC1039,2141.39,2026-08-03 12:15:00,0
TX004538,AC1157,AC1026,865.28,2026-08-03 12:15:00,0
TX004539,AC1107,AC1091,2234.19,2026-08-03 12:26:00,0
TX004540,AC1263,AC1344,2200.21,2026-08-03 12:27:00,0
TX004541,AC1030,AC1069,6406.34,2026-08-03 12:34:00,0
TX004542,AC1103,AC1488,1911.41,2026-08-03 12:47:00,0
TX004543,AC1051,AC1244,959.97,2026-08-03 12:52:00,0
TX004544,AC1561,AC1218,3415.9,2026-08-03 12:53:00,0
TX004545,AC1083,AC1523,7780.69,2026-08-03 12:57:00,0
TX004546,AC1126,AC1098,1267.5,2026-08-03 13:00:00,0
TX004547,AC1285,AC1297,2350.7,2026-08-03 13:01:00,0
TX004548,AC1285,AC1510,585.0,2026-08-03 13:05:00,0
TX004549,AC1400,AC1285,8613.04,2026-08-03 13:12:00,0
TX004550,AC1203,AC1285,2513.39,2026-08-03 13:15:00,0
TX004551,AC1335,AC1367,3179.88,2026-08-03 13:20:00,0
TX004552,AC1285,AC1105,837.02,2026-08-03 13:24:00,0
TX004553,AC1135,AC1467,2237.32,2026-08-03 13:31:00,0
TX004554,AC1137,AC1344,1632.19,2026-08-03 13:42:00,0
TX004555,AC1437,AC1000,3903.39,2026-08-03 13:44:00,0
TX004556,AC1343,AC1192,2841.66,2026-08-03 13:58:00,0
TX004557,AC1540,AC1074,2037.09,2026-08-03 13:59:00,0
TX004558,AC1344,AC1061,1317.87,2026-08-03 14:03:00,0
TX004559,AC1396,AC1570,3474.57,2026-08-03 14:05:00,0
TX004560,AC1293,AC1162,2547.58,2026-08-03 14:14:00,0
TX004561,AC1090,AC1316,13488.75,2026-08-03 14:15:00,0
TX004562,AC1528,AC1244,1179.19,2026-08-03 14:16:00,0
TX004563,AC1475,AC1464,1090.19,2026-08-03 14:16:00,0
TX004564,AC1004,AC1285,2685.2,2026-08-03 14:16:00,0
TX004565,AC1092,AC1578,1593.82,2026-08-03 14:17:00,0
TX004566,AC1443,AC1008,1053.46,2026-08-03 14:36:00,0
TX004567,AC1552,AC1083,2028.3,2026-08-03 14:37:00,0
TX004568,AC1449,AC1439,5119.94,2026-08-03 14:44:00,0
TX004569,AC1294,AC1102,3030.1,2026-08-03 14:46:00,0
TX004570,AC1360,AC1392,5816.18,2026-08-03 14:51:00,0
TX004571,AC1457,AC1392,2592.77,2026-08-03 14:55:00,0
TX004572,AC1038,AC1368,7432.03,2026-08-03 15:02:00,0
TX004573,AC1440,AC1018,1688.14,2026-08-03 15:08:00,0
TX004574,AC1197,AC1180,1969.43,2026-08-03 15:18:00,0
TX004575,AC1441,AC1285,9337.24,2026-08-03 15:27:00,0
TX004576,AC1135,AC1344,882.97,2026-08-03 15:27:00,0
TX004577,AC1285,AC1498,1816.48,2026-08-03 15:29:00,0
TX004578,AC1412,AC1448,4029.95,2026-08-03 15:29:00,0
TX004579,AC1118,AC1565,2413.21,2026-08-03 15:29:00,0
TX004580,AC1396,AC1018,1269.37,2026-08-03 15:29:00,0
TX004581,AC1560,AC1407,977.28,2026-08-03 15:31:00,0
TX004582,AC1090,AC1344,3211.8,2026-08-03 15:37:00,0
TX004583,AC1438,AC1345,2754.98,2026-08-03 15:44:00,0
TX004584,AC1285,AC1151,7191.78,2026-08-03 15:46:00,0
TX004585,AC1445,AC1424,1766.31,2026-08-03 15:47:00,0
TX004586,AC1546,AC1515,5386.05,2026-08-03 15:56:00,0
TX004587,AC1084,AC1344,3214.26,2026-08-03 15:57:00,0
TX004588,AC1512,AC1406,7246.88,2026-08-03 16:00:00,0
TX004589,AC1044,AC1565,4293.2,2026-08-03 16:06:00,0
TX004590,AC1285,AC1289,3251.17,2026-08-03 16:28:00,0
TX004591,AC1011,AC1344,2775.4,2026-08-03 16:45:00,0
TX004592,AC1288,AC1344,4092.32,2026-08-03 17:10:00,0
TX004593,AC1346,AC1369,1927.83,2026-08-03 17:21:00,0
TX004594,AC1149,AC1383,3754.52,2026-08-03 17:22:00,0
TX004595,AC1020,AC1120,2018.6,2026-08-03 17:37:00,0
TX004596,AC1018,AC1197,8331.56,2026-08-03 17:38:00,0
TX004597,AC1264,AC1032,778.41,2026-08-03 17:38:00,0
TX004598,AC1140,AC1392,14153.71,2026-08-03 17:41:00,0
TX004599,AC1360,AC1155,3980.19,2026-08-03 17:51:00,0
TX004600,AC1246,AC1289,4271.73,2026-08-03 17:54:00,0
TX004601,AC1115,AC1496,5611.04,2026-08-03 18:11:00,0
TX004602,AC1026,AC1163,2756.58,2026-08-03 18:19:00,0
TX004603,AC1285,AC1090,2215.44,2026-08-03 18:23:00,0
TX004604,AC1522,AC1517,1508.06,2026-08-03 18:40:00,0
TX004605,AC1018,AC1071,3114.04,2026-08-03 18:40:00,0
TX004606,AC1547,AC1543,392.14,2026-08-03 18:49:00,0
TX004607,AC1163,AC1372,1170.97,2026-08-03 19:06:00,0
TX004608,AC1018,AC1053,2999.78,2026-08-03 19:20:00,0
TX004609,AC1448,AC1332,2186.69,2026-08-03 19:22:00,0
TX004610,AC1580,AC1581,3151.28,2026-08-03 20:08:00,0
TX004611,AC1145,AC1117,6119.2,2026-08-03 20:21:00,0
TX004612,AC1197,AC1026,1285.1,2026-08-03 20:49:00,0
TX004613,AC1341,AC1246,2084.44,2026-08-03 20:58:00,0
TX004614,AC1285,AC1156,4466.07,2026-08-03 21:17:00,0
TX004615,AC1030,AC1488,1017.06,2026-08-03 21:19:00,0
TX004616,AC1579,AC1285,3450.92,2026-08-03 21:54:00,0
TX004617,AC1167,AC1171,2206.63,2026-08-04 06:19:00,0
TX004618,AC1349,AC1335,1492.51,2026-08-04 06:31:00,0
TX004619,AC1474,AC1396,2884.79,2026-08-04 06:32:00,0
TX004620,AC1196,AC1357,2993.85,2026-08-04 06:45:00,0
TX004621,AC1044,AC1320,580.23,2026-08-04 07:13:00,0
TX004622,AC1140,AC1490,3345.15,2026-08-04 07:30:00,0
TX004623,AC1530,AC1379,4156.54,2026-08-04 08:02:00,0
TX004624,AC1191,AC1598,2600.12,2026-08-04 08:05:00,0
TX004625,AC1488,AC1431,5723.14,2026-08-04 08:23:00,0
TX004626,AC1137,AC1520,1976.93,2026-08-04 08:24:00,0
TX004627,AC1411,AC1355,1210.74,2026-08-04 08:52:00,0
TX004628,AC1553,AC1003,4249.14,2026-08-04 08:59:00,0
TX004629,AC1189,AC1112,4592.18,2026-08-04 09:04:00,0
TX004630,AC1253,AC1034,7202.39,2026-08-04 09:06:00,0
TX004631,AC1074,AC1001,3072.51,2026-08-04 09:06:00,0
TX004632,AC1538,AC1149,2615.41,2026-08-04 09:09:00,0
TX004633,AC1321,AC1560,3749.51,2026-08-04 09:24:00,0
TX004634,AC1317,AC1344,2595.68,2026-08-04 09:47:00,0
TX004635,AC1228,AC1254,1129.25,2026-08-04 09:47:00,0
TX004636,AC1090,AC1188,1010.1,2026-08-04 10:00:00,0
TX004637,AC1535,AC1465,3134.2,2026-08-04 10:02:00,0
TX004638,AC1577,AC1020,1504.99,2026-08-04 10:10:00,0
TX004639,AC1467,AC1044,4691.62,2026-08-04 10:11:00,0
TX004640,AC1565,AC1344,3011.91,2026-08-04 10:16:00,0
TX004641,AC1191,AC1558,1810.98,2026-08-04 10:21:00,0
TX004642,AC1135,AC1285,1724.58,2026-08-04 10:21:00,0
TX004643,AC1487,AC1373,6472.43,2026-08-04 10:22:00,0
TX004644,AC1490,AC1051,4137.55,2026-08-04 10:25:00,0
TX004645,AC1285,AC1556,1323.54,2026-08-04 10:26:00,0
TX004646,AC1019,AC1545,2497.54,2026-08-04 10:30:00,0
TX004647,AC1170,AC1260,2729.38,2026-08-04 10:30:00,0
TX004648,AC1034,AC1581,1463.09,2026-08-04 10:33:00,0
TX004649,AC1546,AC1181,2211.81,2026-08-04 10:36:00,0
TX004650,AC1018,AC1083,1823.84,2026-08-04 10:41:00,0
TX004651,AC1437,AC1209,410.56,2026-08-04 10:43:00,0
TX004652,AC1518,AC1044,5127.93,2026-08-04 10:44:00,0
TX004653,AC1000,AC1520,2262.11,2026-08-04 10:47:00,0
TX004654,AC1465,AC1323,479.89,2026-08-04 10:48:00,0
TX004655,AC1175,AC1442,1336.32,2026-08-04 10:49:00,0
TX004656,AC1044,AC1018,1286.28,2026-08-04 10:57:00,0
TX004657,AC1103,AC1077,3766.72,2026-08-04 11:01:00,0
TX004658,AC1211,AC1442,353.28,2026-08-04 11:06:00,0
TX004659,AC1120,AC1201,3781.93,2026-08-04 11:22:00,0
TX004660,AC1128,AC1360,2696.89,2026-08-04 11:49:00,0
TX004661,AC1083,AC1143,2974.37,2026-08-04 11:51:00,0
TX004662,AC1030,AC1202,5124.18,2026-08-04 11:52:00,0
TX004663,AC1392,AC1567,1619.16,2026-08-04 12:11:00,0
TX004664,AC1286,AC1366,970.13,2026-08-04 12:15:00,0
TX004665,AC1442,AC1079,3342.14,2026-08-04 12:32:00,0
TX004666,AC1285,AC1594,2154.12,2026-08-04 12:33:00,0
TX004667,AC1405,AC1421,4486.07,2026-08-04 12:40:00,0
TX004668,AC1161,AC1564,1428.27,2026-08-04 12:52:00,0
TX004669,AC1392,AC1199,870.68,2026-08-04 12:54:00,0
TX004670,AC1549,AC1171,5052.21,2026-08-04 12:55:00,0
TX004671,AC1289,AC1045,15630.25,2026-08-04 12:59:00,0
TX004672,AC1345,AC1543,2689.86,2026-08-04 13:00:00,0
TX004673,AC1561,AC1540,12029.09,2026-08-04 13:02:00,0
TX004674,AC1091,AC1246,2898.93,2026-08-04 13:09:00,0
TX004675,AC1538,AC1457,2660.94,2026-08-04 13:10:00,0
TX004676,AC1004,AC1067,2081.67,2026-08-04 13:12:00,0
TX004677,AC1344,AC1285,2100.33,2026-08-04 13:16:00,0
TX004678,AC1364,AC1535,1534.67,2026-08-04 13:21:00,0
TX004679,AC1025,AC1197,3693.51,2026-08-04 13:22:00,0
TX004680,AC1303,AC1367,9646.47,2026-08-04 13:28:00,0
TX004681,AC1476,AC1479,1206.36,2026-08-04 13:33:00,0
TX004682,AC1314,AC1285,1984.04,2026-08-04 13:36:00,0
TX004683,AC1239,AC1090,1614.02,2026-08-04 13:41:00,0
TX004684,AC1004,AC1115,866.3,2026-08-04 13:42:00,0
TX004685,AC1135,AC1280,3197.14,2026-08-04 13:50:00,0
TX004686,AC1513,AC1090,1276.21,2026-08-04 13:52:00,0
TX004687,AC1250,AC1508,3219.27,2026-08-04 13:55:00,0
TX004688,AC1509,AC1574,1068.65,2026-08-04 14:03:00,0
TX004689,AC1151,AC1369,2783.58,2026-08-04 14:11:00,0
TX004690,AC1285,AC1536,5573.72,2026-08-04 14:15:00,0
TX004691,AC1316,AC1513,978.72,2026-08-04 14:15:00,0
TX004692,AC1493,AC1042,1006.31,2026-08-04 14:26:00,0
TX004693,AC1069,AC1329,2386.57,2026-08-04 14:28:00,0
TX004694,AC1458,AC1067,767.89,2026-08-04 14:35:00,0
TX004695,AC1481,AC1164,1776.24,2026-08-04 14:40:00,0
TX004696,AC1035,AC1067,2969.15,2026-08-04 14:40:00,0
TX004697,AC1487,AC1246,3504.32,2026-08-04 14:42:00,0
TX004698,AC1366,AC1090,2779.46,2026-08-04 14:42:00,0
TX004699,AC1259,AC1308,3210.83,2026-08-04 14:49:00,0
TX004700,AC1246,AC1504,1454.19,2026-08-04 14:53:00,0
TX004701,AC1435,AC1285,9011.32,2026-08-04 14:58:00,0
TX004702,AC1027,AC1042,3593.27,2026-08-04 14:58:00,0
TX004703,AC1333,AC1231,1164.92,2026-08-04 15:05:00,0
TX004704,AC1223,AC1076,2466.66,2026-08-04 15:06:00,0
TX004705,AC1497,AC1129,2590.26,2026-08-04 15:09:00,0
TX004706,AC1064,AC1498,1189.19,2026-08-04 15:16:00,0
TX004707,AC1133,AC1026,2101.56,2026-08-04 15:19:00,0
TX004708,AC1100,AC1566,1951.28,2026-08-04 15:23:00,0
TX004709,AC1487,AC1052,2910.07,2026-08-04 15:30:00,0
TX004710,AC1289,AC1030,3825.01,2026-08-04 15:39:00,0
TX004711,AC1344,AC1090,6559.78,2026-08-04 15:39:00,0
TX004712,AC1572,AC1407,1709.85,2026-08-04 15:43:00,0
TX004713,AC1139,AC1224,1965.38,2026-08-04 15:49:00,0
TX004714,AC1378,AC1272,2202.01,2026-08-04 15:53:00,0
TX004715,AC1123,AC1536,7215.93,2026-08-04 15:55:00,0
TX004716,AC1035,AC1375,6480.63,2026-08-04 15:59:00,0
TX004717,AC1388,AC1531,1248.6,2026-08-04 16:04:00,0
TX004718,AC1324,AC1070,4837.08,2026-08-04 16:04:00,0
TX004719,AC1369,AC1124,1532.46,2026-08-04 16:06:00,0
TX004720,AC1191,AC1263,883.18,2026-08-04 16:09:00,0
TX004721,AC1436,AC1146,1454.48,2026-08-04 16:10:00,0
TX004722,AC1071,AC1197,1180.31,2026-08-04 16:14:00,0
TX004723,AC1578,AC1050,1881.97,2026-08-04 16:19:00,0
TX004724,AC1295,AC1246,2111.58,2026-08-04 16:22:00,0
TX004725,AC1234,AC1535,3348.05,2026-08-04 16:26:00,0
TX004726,AC1090,AC1143,1114.55,2026-08-04 16:27:00,0
TX004727,AC1098,AC1094,3501.41,2026-08-04 16:32:00,0
TX004728,AC1595,AC1510,1916.6,2026-08-04 16:34:00,0
TX004729,AC1089,AC1536,3576.39,2026-08-04 16:42:00,0
TX004730,AC1030,AC1212,4280.44,2026-08-04 16:43:00,0
TX004731,AC1194,AC1333,1839.47,2026-08-04 16:49:00,0
TX004732,AC1187,AC1160,1861.69,2026-08-04 16:50:00,0
TX004733,AC1026,AC1216,6318.48,2026-08-04 16:53:00,0
TX004734,AC1547,AC1044,3425.63,2026-08-04 16:54:00,0
TX004735,AC1115,AC1587,1992.61,2026-08-04 16:54:00,0
TX004736,AC1551,AC1148,1697.14,2026-08-04 16:58:00,0
TX004737,AC1257,AC1381,3328.39,2026-08-04 17:00:00,0
TX004738,AC1018,AC1565,15933.72,2026-08-04 17:01:00,0
TX004739,AC1098,AC1040,1268.36,2026-08-04 17:14:00,0
TX004740,AC1314,AC1289,4002.42,2026-08-04 17:15:00,0
TX004741,AC1285,AC1528,533.27,2026-08-04 17:21:00,0
TX004742,AC1184,AC1182,2729.71,2026-08-04 17:43:00,0
TX004743,AC1010,AC1144,881.07,2026-08-04 17:44:00,0
TX004744,AC1285,AC1320,993.48,2026-08-04 17:48:00,0
TX004745,AC1135,AC1582,4593.8,2026-08-04 17:49:00,0
TX004746,AC1596,AC1336,3919.75,2026-08-04 18:03:00,0
TX004747,AC1466,AC1191,2186.66,2026-08-04 18:07:00,0
TX004748,AC1146,AC1300,8318.74,2026-08-04 18:10:00,0
TX004749,AC1285,AC1360,1840.04,2026-08-04 18:16:00,0
TX004750,AC1438,AC1368,4306.53,2026-08-04 18:28:00,0
TX004751,AC1523,AC1585,6193.15,2026-08-04 18:38:00,0
TX004752,AC1286,AC1043,1733.35,2026-08-04 18:40:00,0
TX004753,AC1420,AC1526,1776.21,2026-08-04 18:55:00,0
TX004754,AC1285,AC1364,1540.78,2026-08-04 19:06:00,0
TX004755,AC1139,AC1485,5049.51,2026-08-04 19:16:00,0
TX004756,AC1148,AC1136,2488.42,2026-08-04 19:36:00,0
TX004757,AC1063,AC1440,1706.5,2026-08-04 19:38:00,0
TX004758,AC1231,AC1001,2474.5,2026-08-04 20:03:00,0
TX004759,AC1025,AC1064,14877.67,2026-08-04 20:04:00,0
TX004760,AC1018,AC1186,3429.39,2026-08-04 20:10:00,0
TX004761,AC1552,AC1341,783.5,2026-08-04 20:13:00,0
TX004762,AC1250,AC1480,1643.2,2026-08-04 20:35:00,0
TX004763,AC1432,AC1096,1790.75,2026-08-04 20:39:00,0
TX004764,AC1549,AC1139,10029.52,2026-08-04 21:00:00,0
TX004765,AC1200,AC1591,3459.53,2026-08-04 21:27:00,0
TX004766,AC1051,AC1457,479.72,2026-08-04 21:40:00,0
TX004767,AC1047,AC1526,2829.61,2026-08-04 21:41:00,0
TX004768,AC1489,AC1308,3315.3,2026-08-04 21:52:00,0
TX004769,AC1285,AC1565,2061.81,2026-08-04 22:00:00,0
TX004770,AC1467,AC1285,657.64,2026-08-04 22:01:00,0
TX004771,AC1333,AC1285,3701.75,2026-08-04 22:14:00,0
TX004772,AC1273,AC1441,3593.76,2026-08-04 22:27:00,0
TX004773,AC1211,AC1516,1110.62,2026-08-04 22:51:00,0
TX004774,AC1323,AC1344,4300.16,2026-08-05 06:02:00,0
TX004775,AC1209,AC1018,238.45,2026-08-05 06:05:00,0
TX004776,AC1399,AC1184,2033.36,2026-08-05 06:20:00,0
TX004777,AC1285,AC1484,3568.73,2026-08-05 06:41:00,0
TX004778,AC1454,AC1319,407.02,2026-08-05 07:07:00,0
TX004779,AC1074,AC1029,4026.31,2026-08-05 07:12:00,0
TX004780,AC1333,AC1517,4262.51,2026-08-05 07:17:00,0
TX004781,AC1466,AC1285,2894.67,2026-08-05 07:21:00,0
TX004782,AC1139,AC1272,3674.74,2026-08-05 07:29:00,0
TX004783,AC1393,AC1289,919.55,2026-08-05 07:51:00,0
TX004784,AC1171,AC1590,3097.77,2026-08-05 07:51:00,0
TX004785,AC1585,AC1164,1579.64,2026-08-05 08:38:00,0
TX004786,AC1550,AC1261,2020.85,2026-08-05 08:59:00,0
TX004787,AC1324,AC1481,2252.01,2026-08-05 09:17:00,0
TX004788,AC1212,AC1442,6270.67,2026-08-05 09:25:00,0
TX004789,AC1215,AC1485,1661.19,2026-08-05 09:31:00,0
TX004790,AC1048,AC1338,4740.86,2026-08-05 09:52:00,0
TX004791,AC1565,AC1571,679.7,2026-08-05 09:55:00,0
TX004792,AC1188,AC1178,1897.35,2026-08-05 09:58:00,0
TX004793,AC1344,AC1090,5443.52,2026-08-05 10:02:00,0
TX004794,AC1285,AC1392,10176.96,2026-08-05 10:06:00,0
TX004795,AC1178,AC1061,2111.25,2026-08-05 10:08:00,0
TX004796,AC1465,AC1423,3474.96,2026-08-05 10:14:00,0
TX004797,AC1138,AC1348,2685.94,2026-08-05 10:16:00,0
TX004798,AC1508,AC1278,1794.65,2026-08-05 10:23:00,0
TX004799,AC1043,AC1520,2503.69,2026-08-05 10:23:00,0
TX004800,AC1508,AC1090,3925.64,2026-08-05 10:30:00,0
TX004801,AC1018,AC1240,1097.97,2026-08-05 10:39:00,0
TX004802,AC1552,AC1565,2184.81,2026-08-05 10:39:00,0
TX004803,AC1342,AC1077,4043.76,2026-08-05 11:00:00,0
TX004804,AC1331,AC1489,2615.7,2026-08-05 11:02:00,0
TX004805,AC1348,AC1524,9695.32,2026-08-05 11:04:00,0
TX004806,AC1349,AC1563,8604.47,2026-08-05 11:05:00,0
TX004807,AC1217,AC1026,2240.87,2026-08-05 11:09:00,0
TX004808,AC1480,AC1402,3451.2,2026-08-05 11:11:00,0
TX004809,AC1557,AC1084,629.51,2026-08-05 11:16:00,0
TX004810,AC1018,AC1247,3639.5,2026-08-05 11:33:00,0
TX004811,AC1285,AC1154,1909.78,2026-08-05 11:34:00,0
TX004812,AC1415,AC1285,2626.33,2026-08-05 11:43:00,0
TX004813,AC1347,AC1332,2808.36,2026-08-05 11:49:00,0
TX004814,AC1428,AC1598,4099.96,2026-08-05 11:55:00,0
TX004815,AC1218,AC1378,6092.15,2026-08-05 11:57:00,0
TX004816,AC1286,AC1464,2990.14,2026-08-05 11:58:00,0
TX004817,AC1209,AC1017,7113.8,2026-08-05 11:59:00,0
TX004818,AC1285,AC1521,1399.93,2026-08-05 12:09:00,0
TX004819,AC1346,AC1269,2049.09,2026-08-05 12:11:00,0
TX004820,AC1149,AC1509,1743.26,2026-08-05 12:19:00,0
TX004821,AC1213,AC1194,643.45,2026-08-05 12:26:00,0
TX004822,AC1059,AC1443,1440.94,2026-08-05 12:26:00,0
TX004823,AC1314,AC1209,248.06,2026-08-05 12:29:00,0
TX004824,AC1090,AC1372,2595.75,2026-08-05 12:30:00,0
TX004825,AC1597,AC1344,820.16,2026-08-05 12:49:00,0
TX004826,AC1131,AC1508,685.35,2026-08-05 12:51:00,0
TX004827,AC1092,AC1344,1155.02,2026-08-05 12:58:00,0
TX004828,AC1520,AC1568,8147.86,2026-08-05 13:02:00,0
TX004829,AC1023,AC1574,1399.07,2026-08-05 13:09:00,0
TX004830,AC1069,AC1537,1333.73,2026-08-05 13:11:00,0
TX004831,AC1432,AC1515,2835.85,2026-08-05 13:14:00,0
TX004832,AC1565,AC1378,1843.26,2026-08-05 13:27:00,0
TX004833,AC1591,AC1291,11783.29,2026-08-05 13:30:00,0
TX004834,AC1370,AC1249,4454.34,2026-08-05 13:30:00,0
TX004835,AC1073,AC1022,15157.19,2026-08-05 13:34:00,0
TX004836,AC1465,AC1479,9290.62,2026-08-05 13:39:00,0
TX004837,AC1090,AC1520,4686.58,2026-08-05 13:50:00,0
TX004838,AC1267,AC1182,4173.82,2026-08-05 13:51:00,0
TX004839,AC1297,AC1164,3236.35,2026-08-05 14:03:00,0
TX004840,AC1069,AC1289,1401.9,2026-08-05 14:09:00,0
TX004841,AC1289,AC1569,1168.5,2026-08-05 14:23:00,0
TX004842,AC1451,AC1507,505.41,2026-08-05 14:25:00,0
TX004843,AC1278,AC1343,1355.25,2026-08-05 14:25:00,0
TX004844,AC1010,AC1023,2708.02,2026-08-05 14:26:00,0
TX004845,AC1415,AC1300,9669.99,2026-08-05 14:27:00,0
TX004846,AC1037,AC1018,8516.48,2026-08-05 14:42:00,0
TX004847,AC1392,AC1599,786.42,2026-08-05 14:42:00,0
TX004848,AC1016,AC1584,1803.39,2026-08-05 14:48:00,0
TX004849,AC1135,AC1030,1513.04,2026-08-05 14:48:00,0
TX004850,AC1344,AC1363,5684.89,2026-08-05 14:49:00,0
TX004851,AC1026,AC1187,3409.77,2026-08-05 14:50:00,0
TX004852,AC1299,AC1460,1283.44,2026-08-05 14:51:00,0
TX004853,AC1554,AC1597,287.4,2026-08-05 14:52:00,0
TX004854,AC1324,AC1572,4462.03,2026-08-05 14:53:00,0
TX004855,AC1188,AC1039,1753.16,2026-08-05 14:55:00,0
TX004856,AC1037,AC1468,4997.42,2026-08-05 14:55:00,0
TX004857,AC1369,AC1189,7843.16,2026-08-05 14:59:00,0
TX004858,AC1231,AC1242,992.33,2026-08-05 15:03:00,0
TX004859,AC1344,AC1565,1604.41,2026-08-05 15:04:00,0
TX004860,AC1333,AC1276,2119.59,2026-08-05 15:10:00,0
TX004861,AC1561,AC1131,692.93,2026-08-05 15:17:00,0
TX004862,AC1546,AC1026,5533.22,2026-08-05 15:22:00,0
TX004863,AC1018,AC1192,1793.05,2026-08-05 15:28:00,0
TX004864,AC1180,AC1255,1405.4,2026-08-05 15:28:00,0
TX004865,AC1510,AC1018,3620.85,2026-08-05 15:29:00,0
TX004866,AC1507,AC1307,2779.05,2026-08-05 15:29:00,0
TX004867,AC1285,AC1043,4620.44,2026-08-05 15:32:00,0
TX004868,AC1332,AC1131,2073.44,2026-08-05 15:36:00,0
TX004869,AC1364,AC1097,1905.37,2026-08-05 15:37:00,0
TX004870,AC1345,AC1260,1441.01,2026-08-05 15:45:00,0
TX004871,AC1285,AC1465,3766.17,2026-08-05 15:48:00,0
TX004872,AC1090,AC1285,1236.33,2026-08-05 15:52:00,0
TX004873,AC1044,AC1493,1437.38,2026-08-05 15:54:00,0
TX004874,AC1178,AC1055,1266.58,2026-08-05 15:55:00,0
TX004875,AC1560,AC1122,2997.35,2026-08-05 15:57:00,0
TX004876,AC1255,AC1115,1688.02,2026-08-05 16:02:00,0
TX004877,AC1285,AC1323,1566.36,2026-08-05 16:10:00,0
TX004878,AC1285,AC1488,3206.22,2026-08-05 16:10:00,0
TX004879,AC1467,AC1005,2484.16,2026-08-05 16:14:00,0
TX004880,AC1075,AC1285,7343.48,2026-08-05 16:33:00,0
TX004881,AC1063,AC1223,2688.44,2026-08-05 16:42:00,0
TX004882,AC1191,AC1431,6182.92,2026-08-05 16:48:00,0
TX004883,AC1495,AC1074,7104.83,2026-08-05 16:49:00,0
TX004884,AC1135,AC1229,1830.33,2026-08-05 16:50:00,0
TX004885,AC1572,AC1258,3450.11,2026-08-05 16:54:00,0
TX004886,AC1399,AC1504,641.36,2026-08-05 17:07:00,0
TX004887,AC1037,AC1413,6801.88,2026-08-05 17:08:00,0
TX004888,AC1018,AC1326,753.56,2026-08-05 17:32:00,0
TX004889,AC1269,AC1492,3811.93,2026-08-05 17:34:00,0
TX004890,AC1530,AC1028,2969.46,2026-08-05 17:35:00,0
TX004891,AC1496,AC1043,2974.2,2026-08-05 17:49:00,0
TX004892,AC1091,AC1064,4086.38,2026-08-05 17:56:00,0
TX004893,AC1191,AC1228,5128.87,2026-08-05 18:03:00,0
TX004894,AC1198,AC1218,2124.16,2026-08-05 18:14:00,0
TX004895,AC1291,AC1176,1348.99,2026-08-05 18:33:00,0
TX004896,AC1084,AC1564,1676.26,2026-08-05 18:36:00,0
TX004897,AC1285,AC1383,8328.56,2026-08-05 18:43:00,0
TX004898,AC1590,AC1565,2287.3,2026-08-05 18:44:00,0
TX004899,AC1213,AC1485,4391.58,2026-08-05 18:57:00,0
TX004900,AC1378,AC1090,2912.81,2026-08-05 19:12:00,0
TX004901,AC1101,AC1459,1054.14,2026-08-05 19:24:00,0
TX004902,AC1050,AC1230,2570.9,2026-08-05 20:06:00,0
TX004903,AC1226,AC1376,248.84,2026-08-05 20:10:00,0
TX004904,AC1285,AC1192,1599.33,2026-08-05 20:34:00,0
TX004905,AC1039,AC1030,1376.38,2026-08-05 21:46:00,0
TX004906,AC1467,AC1516,2124.36,2026-08-05 21:58:00,0
TX004907,AC1209,AC1207,5593.05,2026-08-05 22:03:00,0
TX004908,AC1018,AC1285,3757.71,2026-08-05 22:17:00,0
TX004909,AC1276,AC1546,2052.74,2026-08-06 06:23:00,0
TX004910,AC1565,AC1490,3179.95,2026-08-06 06:41:00,0
TX004911,AC1018,AC1347,2619.68,2026-08-06 06:51:00,0
TX004912,AC1353,AC1220,6391.12,2026-08-06 06:56:00,0
TX004913,AC1246,AC1256,1042.33,2026-08-06 07:02:00,0
TX004914,AC1285,AC1480,6001.22,2026-08-06 07:17:00,0
TX004915,AC1039,AC1191,4018.37,2026-08-06 07:29:00,0
TX004916,AC1483,AC1139,5676.76,2026-08-06 08:08:00,0
TX004917,AC1575,AC1030,3831.84,2026-08-06 08:12:00,0
TX004918,AC1379,AC1558,1576.68,2026-08-06 08:21:00,0
TX004919,AC1264,AC1425,6796.48,2026-08-06 08:46:00,0
TX004920,AC1246,AC1567,5237.97,2026-08-06 09:13:00,0
TX004921,AC1344,AC1392,3134.96,2026-08-06 09:15:00,0
TX004922,AC1402,AC1034,5194.99,2026-08-06 09:28:00,0
TX004923,AC1442,AC1285,708.15,2026-08-06 09:55:00,0
TX004924,AC1212,AC1023,8014.46,2026-08-06 09:59:00,0
TX004925,AC1225,AC1339,699.51,2026-08-06 10:24:00,0
TX004926,AC1236,AC1211,1616.31,2026-08-06 10:35:00,0
TX004927,AC1344,AC1250,3513.57,2026-08-06 10:36:00,0
TX004928,AC1379,AC1034,1358.78,2026-08-06 10:46:00,0
TX004929,AC1352,AC1537,2948.41,2026-08-06 10:49:00,0
TX004930,AC1344,AC1353,11896.34,2026-08-06 11:05:00,0
TX004931,AC1237,AC1184,1207.5,2026-08-06 11:09:00,0
TX004932,AC1252,AC1240,1286.06,2026-08-06 11:10:00,0
TX004933,AC1038,AC1444,1883.05,2026-08-06 11:13:00,0
TX004934,AC1537,AC1176,4841.96,2026-08-06 11:23:00,0
TX004935,AC1074,AC1289,4307.8,2026-08-06 11:24:00,0
TX004936,AC1433,AC1445,1520.5,2026-08-06 11:28:00,0
TX004937,AC1572,AC1155,3756.17,2026-08-06 11:30:00,0
TX004938,AC1132,AC1599,5562.76,2026-08-06 11:37:00,0
TX004939,AC1060,AC1203,2335.08,2026-08-06 11:43:00,0
TX004940,AC1289,AC1024,4082.02,2026-08-06 11:44:00,0
TX004941,AC1265,AC1488,3477.11,2026-08-06 11:46:00,0
TX004942,AC1090,AC1116,6394.03,2026-08-06 11:51:00,0
TX004943,AC1344,AC1285,3943.79,2026-08-06 11:54:00,0
TX004944,AC1027,AC1187,412.51,2026-08-06 11:59:00,0
TX004945,AC1144,AC1056,5335.04,2026-08-06 12:00:00,0
TX004946,AC1496,AC1518,6846.45,2026-08-06 12:13:00,0
TX004947,AC1243,AC1453,3138.79,2026-08-06 12:24:00,0
TX004948,AC1209,AC1346,2279.31,2026-08-06 12:24:00,0
TX004949,AC1526,AC1564,4600.66,2026-08-06 12:30:00,0
TX004950,AC1255,AC1540,3529.11,2026-08-06 12:34:00,0
TX004951,AC1509,AC1241,3544.89,2026-08-06 12:41:00,0
TX004952,AC1341,AC1026,1483.46,2026-08-06 12:43:00,0
TX004953,AC1070,AC1106,1789.25,2026-08-06 12:44:00,0
TX004954,AC1347,AC1321,3564.21,2026-08-06 12:54:00,0
TX004955,AC1020,AC1578,26730.95,2026-08-06 12:57:00,0
TX004956,AC1056,AC1435,4728.17,2026-08-06 12:58:00,0
TX004957,AC1370,AC1320,3893.44,2026-08-06 12:58:00,0
TX004958,AC1209,AC1565,3732.27,2026-08-06 13:06:00,0
TX004959,AC1496,AC1018,1811.09,2026-08-06 13:07:00,0
TX004960,AC1249,AC1487,3571.44,2026-08-06 13:12:00,0
TX004961,AC1001,AC1421,3350.74,2026-08-06 13:14:00,0
TX004962,AC1512,AC1135,4044.11,2026-08-06 13:18:00,0
TX004963,AC1499,AC1371,2045.78,2026-08-06 13:18:00,0
TX004964,AC1144,AC1192,3167.83,2026-08-06 13:23:00,0
TX004965,AC1192,AC1591,1290.84,2026-08-06 13:33:00,0
TX004966,AC1030,AC1084,1252.09,2026-08-06 13:36:00,0
TX004967,AC1221,AC1464,2441.95,2026-08-06 13:40:00,0
TX004968,AC1211,AC1034,1336.55,2026-08-06 14:04:00,0
TX004969,AC1199,AC1044,2709.9,2026-08-06 14:04:00,0
TX004970,AC1059,AC1289,2177.76,2026-08-06 14:08:00,0
TX004971,AC1090,AC1145,2375.86,2026-08-06 14:15:00,0
TX004972,AC1539,AC1211,4560.2,2026-08-06 14:20:00,0
TX004973,AC1090,AC1416,2526.79,2026-08-06 14:26:00,0
TX004974,AC1149,AC1067,1050.95,2026-08-06 14:27:00,0
TX004975,AC1555,AC1060,3213.93,2026-08-06 14:32:00,0
TX004976,AC1575,AC1060,2710.3,2026-08-06 14:33:00,0
TX004977,AC1366,AC1056,1413.29,2026-08-06 14:41:00,0
TX004978,AC1169,AC1198,12028.98,2026-08-06 14:47:00,0
TX004979,AC1194,AC1423,334.04,2026-08-06 14:57:00,0
TX004980,AC1571,AC1274,6416.3,2026-08-06 14:59:00,0
TX004981,AC1344,AC1401,1202.24,2026-08-06 15:01:00,0
TX004982,AC1045,AC1344,9005.8,2026-08-06 15:04:00,0
TX004983,AC1496,AC1052,1834.13,2026-08-06 15:05:00,0
TX004984,AC1264,AC1082,1585.18,2026-08-06 15:10:00,0
TX004985,AC1197,AC1086,19679.93,2026-08-06 15:24:00,0
TX004986,AC1527,AC1305,1638.58,2026-08-06 15:27:00,0
TX004987,AC1344,AC1044,4448.75,2026-08-06 15:29:00,0
TX004988,AC1437,AC1305,2018.15,2026-08-06 15:32:00,0
TX004989,AC1285,AC1286,410.73,2026-08-06 15:34:00,0
TX004990,AC1515,AC1300,5211.89,2026-08-06 15:35:00,0
TX004991,AC1191,AC1489,782.15,2026-08-06 15:35:00,0
TX004992,AC1161,AC1379,1531.39,2026-08-06 15:36:00,0
TX004993,AC1344,AC1257,2761.35,2026-08-06 15:50:00,0
TX004994,AC1384,AC1263,1769.4,2026-08-06 15:55:00,0
TX004995,AC1108,AC1575,2252.57,2026-08-06 15:59:00,0
TX004996,AC1339,AC1211,3809.34,2026-08-06 16:05:00,0
TX004997,AC1577,AC1344,3395.09,2026-08-06 16:27:00,0
TX004998,AC1013,AC1565,513.36,2026-08-06 16:47:00,0
TX004999,AC1352,AC1497,999.31,2026-08-06 16:48:00,0
TX005000,AC1404,AC1126,4125.32,2026-08-06 16:57:00,0
TX005001,AC1233,AC1018,2920.6,2026-08-06 17:10:00,0
TX005002,AC1263,AC1344,10927.34,2026-08-06 17:10:00,0
TX005003,AC1090,AC1492,17386.13,2026-08-06 17:19:00,0
TX005004,AC1581,AC1379,1802.51,2026-08-06 17:29:00,0
TX005005,AC1090,AC1209,2499.18,2026-08-06 17:42:00,0
TX005006,AC1257,AC1505,1140.61,2026-08-06 17:49:00,0
TX005007,AC1583,AC1021,1617.29,2026-08-06 17:55:00,0
TX005008,AC1054,AC1438,1898.21,2026-08-06 18:00:00,0
TX005009,AC1403,AC1090,3319.02,2026-08-06 18:04:00,0
TX005010,AC1017,AC1584,898.89,2026-08-06 18:19:00,0
TX005011,AC1282,AC1037,1016.73,2026-08-06 18:21:00,0
TX005012,AC1466,AC1285,3559.75,2026-08-06 18:23:00,0
TX005013,AC1596,AC1148,5605.42,2026-08-06 18:42:00,0
TX005014,AC1493,AC1024,2742.48,2026-08-06 18:50:00,0
TX005015,AC1379,AC1218,1070.15,2026-08-06 19:04:00,0
TX005016,AC1083,AC1389,2071.29,2026-08-06 19:13:00,0
TX005017,AC1523,AC1452,4454.48,2026-08-06 19:20:00,0
TX005018,AC1478,AC1415,10366.98,2026-08-06 19:30:00,0
TX005019,AC1488,AC1156,3026.51,2026-08-06 19:32:00,0
TX005020,AC1482,AC1336,1577.58,2026-08-06 19:32:00,0
TX005021,AC1161,AC1001,3772.91,2026-08-06 19:47:00,0
TX005022,AC1030,AC1428,12269.61,2026-08-06 19:47:00,0
TX005023,AC1333,AC1345,2533.05,2026-08-06 19:49:00,0
TX005024,AC1538,AC1285,2372.96,2026-08-06 19:52:00,0
TX005025,AC1130,AC1164,656.29,2026-08-06 20:03:00,0
TX005026,AC1298,AC1148,8821.57,2026-08-06 20:07:00,0
TX005027,AC1341,AC1132,1610.33,2026-08-06 20:08:00,0
TX005028,AC1082,AC1581,3576.54,2026-08-06 20:25:00,0
TX005029,AC1240,AC1001,2079.73,2026-08-06 20:52:00,0
TX005030,AC1068,AC1021,494.27,2026-08-06 20:56:00,0
TX005031,AC1438,AC1475,346.38,2026-08-06 21:05:00,0
TX005032,AC1384,AC1300,1259.61,2026-08-06 22:05:00,0
TX005033,AC1007,AC1164,6611.27,2026-08-06 22:15:00,0
TX005034,AC1518,AC1575,2681.7,2026-08-06 22:44:00,0
TX005035,AC1209,AC1090,3434.12,2026-08-07 06:02:00,0
TX005036,AC1415,AC1487,4201.93,2026-08-07 06:06:00,0
TX005037,AC1487,AC1517,13241.76,2026-08-07 06:14:00,0
TX005038,AC1333,AC1561,1333.1,2026-08-07 06:15:00,0
TX005039,AC1217,AC1246,6114.07,2026-08-07 06:18:00,0
TX005040,AC1004,AC1090,4541.98,2026-08-07 06:22:00,0
TX005041,AC1417,AC1565,5198.34,2026-08-07 06:33:00,0
TX005042,AC1235,AC1170,3376.77,2026-08-07 06:46:00,0
TX005043,AC1575,AC1392,1703.15,2026-08-07 06:58:00,0
TX005044,AC1019,AC1013,4457.7,2026-08-07 07:42:00,0
TX005045,AC1506,AC1344,1880.04,2026-08-07 07:51:00,0
TX005046,AC1090,AC1349,6533.23,2026-08-07 08:01:00,0
TX005047,AC1442,AC1241,1619.62,2026-08-07 08:06:00,0
TX005048,AC1346,AC1490,2636.78,2026-08-07 08:07:00,0
TX005049,AC1295,AC1203,937.25,2026-08-07 08:23:00,0
TX005050,AC1018,AC1243,1854.4,2026-08-07 08:28:00,0
TX005051,AC1048,AC1130,2448.68,2026-08-07 08:35:00,0
TX005052,AC1387,AC1490,4754.89,2026-08-07 09:08:00,0
TX005053,AC1586,AC1280,2450.58,2026-08-07 09:13:00,0
TX005054,AC1090,AC1160,1446.45,2026-08-07 09:30:00,0
TX005055,AC1285,AC1085,1135.49,2026-08-07 09:41:00,0
TX005056,AC1289,AC1261,1152.46,2026-08-07 09:53:00,0
TX005057,AC1419,AC1040,2962.63,2026-08-07 09:55:00,0
TX005058,AC1188,AC1030,8079.08,2026-08-07 10:27:00,0
TX005059,AC1090,AC1507,1580.31,2026-08-07 10:38:00,0
TX005060,AC1397,AC1518,1761.09,2026-08-07 10:39:00,0
TX005061,AC1365,AC1286,1950.07,2026-08-07 10:51:00,0
TX005062,AC1333,AC1207,3265.4,2026-08-07 10:54:00,0
TX005063,AC1354,AC1145,3486.69,2026-08-07 11:03:00,0
TX005064,AC1158,AC1228,3661.89,2026-08-07 11:07:00,0
TX005065,AC1083,AC1033,5055.1,2026-08-07 11:12:00,0
TX005066,AC1515,AC1048,1901.39,2026-08-07 11:25:00,0
TX005067,AC1392,AC1270,777.51,2026-08-07 11:28:00,0
TX005068,AC1157,AC1553,6974.72,2026-08-07 11:37:00,0
TX005069,AC1182,AC1090,1468.24,2026-08-07 11:44:00,0
TX005070,AC1594,AC1054,1960.85,2026-08-07 11:57:00,0
TX005071,AC1268,AC1087,1313.2,2026-08-07 12:05:00,0
TX005072,AC1487,AC1096,6101.36,2026-08-07 12:07:00,0
TX005073,AC1487,AC1294,3586.39,2026-08-07 12:08:00,0
TX005074,AC1321,AC1333,2252.84,2026-08-07 12:18:00,0
TX005075,AC1224,AC1027,7080.04,2026-08-07 12:19:00,0
TX005076,AC1415,AC1285,2920.98,2026-08-07 12:19:00,0
TX005077,AC1585,AC1130,3379.79,2026-08-07 12:22:00,0
TX005078,AC1182,AC1068,414.17,2026-08-07 12:26:00,0
TX005079,AC1057,AC1285,4471.67,2026-08-07 12:27:00,0
TX005080,AC1285,AC1378,3287.79,2026-08-07 12:33:00,0
TX005081,AC1417,AC1291,1092.97,2026-08-07 12:35:00,0
TX005082,AC1116,AC1448,16266.38,2026-08-07 12:42:00,0
TX005083,AC1246,AC1496,694.17,2026-08-07 12:45:00,0
TX005084,AC1237,AC1345,6215.8,2026-08-07 12:48:00,0
TX005085,AC1431,AC1538,1685.26,2026-08-07 12:53:00,0
TX005086,AC1116,AC1477,3013.92,2026-08-07 13:00:00,0
TX005087,AC1394,AC1440,940.27,2026-08-07 13:00:00,0
TX005088,AC1549,AC1285,3145.82,2026-08-07 13:01:00,0
TX005089,AC1068,AC1210,4395.74,2026-08-07 13:05:00,0
TX005090,AC1242,AC1525,4963.53,2026-08-07 13:10:00,0
TX005091,AC1379,AC1052,2632.07,2026-08-07 13:18:00,0
TX005092,AC1458,AC1585,5965.15,2026-08-07 13:18:00,0
TX005093,AC1181,AC1052,1689.89,2026-08-07 13:21:00,0
TX005094,AC1285,AC1432,4622.29,2026-08-07 13:32:00,0
TX005095,AC1591,AC1206,2082.28,2026-08-07 13:33:00,0
TX005096,AC1469,AC1236,6092.94,2026-08-07 13:37:00,0
TX005097,AC1465,AC1510,3504.89,2026-08-07 13:42:00,0
TX005098,AC1218,AC1507,2402.33,2026-08-07 13:48:00,0
TX005099,AC1214,AC1188,2858.29,2026-08-07 13:56:00,0
TX005100,AC1445,AC1393,1229.76,2026-08-07 14:07:00,0
TX005101,AC1037,AC1246,715.96,2026-08-07 14:13:00,0
TX005102,AC1112,AC1397,5195.16,2026-08-07 14:25:00,0
TX005103,AC1480,AC1095,5548.88,2026-08-07 14:27:00,0
TX005104,AC1106,AC1196,2178.11,2026-08-07 14:31:00,0
TX005105,AC1195,AC1206,1687.8,2026-08-07 14:32:00,0
TX005106,AC1200,AC1396,2427.88,2026-08-07 14:41:00,0
TX005107,AC1333,AC1104,4712.42,2026-08-07 14:45:00,0
TX005108,AC1344,AC1019,6232.52,2026-08-07 14:48:00,0
TX005109,AC1026,AC1535,1688.84,2026-08-07 14:53:00,0
TX005110,AC1384,AC1289,3158.14,2026-08-07 15:06:00,0
TX005111,AC1013,AC1090,5096.99,2026-08-07 15:23:00,0
TX005112,AC1588,AC1265,1244.05,2026-08-07 15:29:00,0
TX005113,AC1168,AC1354,1521.71,2026-08-07 15:44:00,0
TX005114,AC1330,AC1299,2884.73,2026-08-07 15:48:00,0
TX005115,AC1238,AC1414,1635.79,2026-08-07 15:53:00,0
TX005116,AC1557,AC1133,2105.77,2026-08-07 15:53:00,0
TX005117,AC1100,AC1285,2060.84,2026-08-07 16:01:00,0
TX005118,AC1549,AC1066,8714.29,2026-08-07 16:05:00,0
TX005119,AC1564,AC1104,2282.89,2026-08-07 16:07:00,0
TX005120,AC1116,AC1037,2042.02,2026-08-07 16:09:00,0
TX005121,AC1575,AC1487,4922.7,2026-08-07 16:14:00,0
TX005122,AC1466,AC1230,5268.14,2026-08-07 16:16:00,0
TX005123,AC1593,AC1052,1978.26,2026-08-07 16:18:00,0
TX005124,AC1565,AC1547,4525.8,2026-08-07 16:21:00,0
TX005125,AC1593,AC1585,3254.5,2026-08-07 16:28:00,0
TX005126,AC1002,AC1492,5346.03,2026-08-07 16:40:00,0
TX005127,AC1439,AC1585,2210.81,2026-08-07 16:45:00,0
TX005128,AC1164,AC1496,2646.72,2026-08-07 17:17:00,0
TX005129,AC1255,AC1246,2698.69,2026-08-07 17:18:00,0
TX005130,AC1264,AC1188,2436.72,2026-08-07 17:28:00,0
TX005131,AC1207,AC1586,4666.79,2026-08-07 17:33:00,0
TX005132,AC1332,AC1104,2438.67,2026-08-07 17:34:00,0
TX005133,AC1280,AC1211,1390.62,2026-08-07 17:44:00,0
TX005134,AC1565,AC1466,2100.42,2026-08-07 17:47:00,0
TX005135,AC1517,AC1209,2575.39,2026-08-07 17:56:00,0
TX005136,AC1344,AC1392,4117.54,2026-08-07 17:57:00,0
TX005137,AC1296,AC1510,1365.41,2026-08-07 17:59:00,0
TX005138,AC1344,AC1308,2103.03,2026-08-07 18:01:00,0
TX005139,AC1201,AC1403,1272.6,2026-08-07 18:03:00,0
TX005140,AC1255,AC1341,3100.32,2026-08-07 18:14:00,0
TX005141,AC1392,AC1589,647.89,2026-08-07 18:18:00,0
TX005142,AC1196,AC1520,3202.67,2026-08-07 18:25:00,0
TX005143,AC1485,AC1488,1547.53,2026-08-07 18:34:00,0
TX005144,AC1000,AC1074,5054.59,2026-08-07 18:37:00,0
TX005145,AC1188,AC1153,554.85,2026-08-07 18:43:00,0
TX005146,AC1526,AC1303,10904.79,2026-08-07 18:51:00,0
TX005147,AC1270,AC1580,2332.92,2026-08-07 18:53:00,0
TX005148,AC1219,AC1252,2026.66,2026-08-07 18:55:00,0
TX005149,AC1060,AC1018,4095.31,2026-08-07 19:01:00,0
TX005150,AC1546,AC1446,833.41,2026-08-07 20:24:00,0
TX005151,AC1192,AC1122,2617.61,2026-08-07 20:27:00,0
TX005152,AC1065,AC1044,2756.64,2026-08-07 20:32:00,0
TX005153,AC1090,AC1392,1077.64,2026-08-07 20:33:00,0
TX005154,AC1201,AC1592,1261.68,2026-08-07 20:52:00,0
TX005155,AC1164,AC1018,2395.42,2026-08-07 21:11:00,0
TX005156,AC1327,AC1374,1912.91,2026-08-07 21:19:00,0
TX005157,AC1367,AC1550,11261.29,2026-08-07 22:12:00,0
TX005158,AC1551,AC1572,4759.06,2026-08-07 22:15:00,0
TX005159,AC1510,AC1344,14413.78,2026-08-08 06:16:00,0
TX005160,AC1522,AC1285,285.8,2026-08-08 06:27:00,0
TX005161,AC1373,AC1572,4871.72,2026-08-08 06:33:00,0
TX005162,AC1565,AC1274,6896.18,2026-08-08 06:38:00,0
TX005163,AC1359,AC1344,3437.67,2026-08-08 06:39:00,0
TX005164,AC1517,AC1005,2965.61,2026-08-08 06:52:00,0
TX005165,AC1463,AC1344,1424.55,2026-08-08 06:53:00,0
TX005166,AC1592,AC1289,610.68,2026-08-08 07:00:00,0
TX005167,AC1422,AC1122,8137.14,2026-08-08 07:30:00,0
TX005168,AC1356,AC1224,4855.7,2026-08-08 07:39:00,0
TX005169,AC1018,AC1375,3728.63,2026-08-08 07:45:00,0
TX005170,AC1306,AC1344,5772.6,2026-08-08 08:02:00,0
TX005171,AC1005,AC1344,1388.86,2026-08-08 08:09:00,0
TX005172,AC1306,AC1194,5980.58,2026-08-08 08:13:00,0
TX005173,AC1113,AC1304,1231.04,2026-08-08 08:17:00,0
TX005174,AC1289,AC1403,1044.32,2026-08-08 08:29:00,0
TX005175,AC1342,AC1197,4828.39,2026-08-08 08:31:00,0
TX005176,AC1347,AC1587,2423.75,2026-08-08 08:37:00,0
TX005177,AC1328,AC1083,4119.43,2026-08-08 08:48:00,0
TX005178,AC1114,AC1490,3479.98,2026-08-08 08:49:00,0
TX005179,AC1554,AC1546,1314.67,2026-08-08 09:10:00,0
TX005180,AC1156,AC1253,652.24,2026-08-08 09:11:00,0
TX005181,AC1060,AC1161,1876.01,2026-08-08 09:13:00,0
TX005182,AC1130,AC1554,978.93,2026-08-08 09:21:00,0
TX005183,AC1220,AC1318,3969.44,2026-08-08 09:30:00,0
TX005184,AC1241,AC1030,5399.65,2026-08-08 09:41:00,0
TX005185,AC1289,AC1419,2315.26,2026-08-08 09:49:00,0
TX005186,AC1115,AC1153,1936.07,2026-08-08 10:03:00,0
TX005187,AC1010,AC1312,1035.7,2026-08-08 10:22:00,0
TX005188,AC1044,AC1003,874.43,2026-08-08 10:31:00,0
TX005189,AC1507,AC1405,647.9,2026-08-08 10:41:00,0
TX005190,AC1011,AC1135,4680.15,2026-08-08 10:43:00,0
TX005191,AC1186,AC1403,2767.92,2026-08-08 11:07:00,0
TX005192,AC1012,AC1285,1403.64,2026-08-08 11:13:00,0
TX005193,AC1285,AC1320,3475.8,2026-08-08 11:24:00,0
TX005194,AC1547,AC1201,2238.02,2026-08-08 11:24:00,0
TX005195,AC1398,AC1173,5215.82,2026-08-08 11:25:00,0
TX005196,AC1364,AC1397,696.47,2026-08-08 11:33:00,0
TX005197,AC1515,AC1586,5513.46,2026-08-08 11:38:00,0
TX005198,AC1007,AC1317,4434.95,2026-08-08 11:40:00,0
TX005199,AC1252,AC1064,5266.05,2026-08-08 11:44:00,0
TX005200,AC1120,AC1090,2246.44,2026-08-08 11:51:00,0
TX005201,AC1293,AC1144,2483.37,2026-08-08 11:53:00,0
TX005202,AC1575,AC1383,5511.34,2026-08-08 12:04:00,0
TX005203,AC1365,AC1181,13070.44,2026-08-08 12:13:00,0
TX005204,AC1135,AC1067,4112.56,2026-08-08 12:16:00,0
TX005205,AC1183,AC1431,1654.75,2026-08-08 12:17:00,0
TX005206,AC1212,AC1499,4649.94,2026-08-08 12:20:00,0
TX005207,AC1191,AC1090,5599.66,2026-08-08 12:31:00,0
TX005208,AC1335,AC1575,11726.31,2026-08-08 12:35:00,0
TX005209,AC1285,AC1100,8858.88,2026-08-08 12:36:00,0
TX005210,AC1082,AC1344,3967.04,2026-08-08 12:49:00,0
TX005211,AC1344,AC1223,3740.41,2026-08-08 12:56:00,0
TX005212,AC1358,AC1345,8880.45,2026-08-08 13:01:00,0
TX005213,AC1237,AC1444,5727.82,2026-08-08 13:01:00,0
TX005214,AC1031,AC1106,2137.31,2026-08-08 13:12:00,0
TX005215,AC1382,AC1575,1136.3,2026-08-08 13:13:00,0
TX005216,AC1285,AC1347,1627.58,2026-08-08 13:18:00,0
TX005217,AC1064,AC1211,1187.11,2026-08-08 13:24:00,0
TX005218,AC1185,AC1333,6016.88,2026-08-08 13:36:00,0
TX005219,AC1090,AC1596,1959.3,2026-08-08 13:39:00,0
TX005220,AC1167,AC1344,4432.96,2026-08-08 13:58:00,0
TX005221,AC1326,AC1247,1894.37,2026-08-08 14:08:00,0
TX005222,AC1586,AC1171,8352.72,2026-08-08 14:10:00,0
TX005223,AC1344,AC1565,5797.0,2026-08-08 14:17:00,0
TX005224,AC1142,AC1280,1697.56,2026-08-08 14:22:00,0
TX005225,AC1466,AC1263,876.81,2026-08-08 14:28:00,0
TX005226,AC1335,AC1038,1022.12,2026-08-08 14:32:00,0
TX005227,AC1131,AC1206,4267.48,2026-08-08 14:34:00,0
TX005228,AC1139,AC1264,3525.57,2026-08-08 14:36:00,0
TX005229,AC1142,AC1421,1133.08,2026-08-08 14:47:00,0
TX005230,AC1371,AC1331,3043.48,2026-08-08 14:53:00,0
TX005231,AC1314,AC1178,2693.71,2026-08-08 15:03:00,0
TX005232,AC1346,AC1565,2147.35,2026-08-08 15:11:00,0
TX005233,AC1191,AC1135,1720.3,2026-08-08 15:13:00,0
TX005234,AC1191,AC1463,6853.59,2026-08-08 15:21:00,0
TX005235,AC1257,AC1481,729.54,2026-08-08 15:28:00,0
TX005236,AC1520,AC1474,2847.51,2026-08-08 15:31:00,0
TX005237,AC1595,AC1415,3433.79,2026-08-08 15:31:00,0
TX005238,AC1178,AC1270,2313.69,2026-08-08 15:35:00,0
TX005239,AC1317,AC1169,8547.79,2026-08-08 15:38:00,0
TX005240,AC1427,AC1048,2550.92,2026-08-08 15:42:00,0
TX005241,AC1344,AC1595,3391.51,2026-08-08 15:42:00,0
TX005242,AC1146,AC1373,3774.08,2026-08-08 15:48:00,0
TX005243,AC1090,AC1169,7793.91,2026-08-08 15:49:00,0
TX005244,AC1285,AC1344,1566.26,2026-08-08 15:50:00,0
TX005245,AC1196,AC1409,4011.43,2026-08-08 15:50:00,0
TX005246,AC1471,AC1175,2264.9,2026-08-08 15:54:00,0
TX005247,AC1090,AC1425,1527.66,2026-08-08 15:58:00,0
TX005248,AC1018,AC1044,4493.58,2026-08-08 15:58:00,0
TX005249,AC1322,AC1430,2550.54,2026-08-08 16:06:00,0
TX005250,AC1211,AC1285,1753.8,2026-08-08 16:14:00,0
TX005251,AC1018,AC1277,4291.26,2026-08-08 16:15:00,0
TX005252,AC1019,AC1537,19378.79,2026-08-08 16:16:00,0
TX005253,AC1018,AC1522,2100.22,2026-08-08 16:19:00,0
TX005254,AC1120,AC1391,1389.68,2026-08-08 16:20:00,0
TX005255,AC1415,AC1565,22936.72,2026-08-08 16:26:00,0
TX005256,AC1001,AC1581,1595.57,2026-08-08 16:29:00,0
TX005257,AC1090,AC1018,1605.63,2026-08-08 16:30:00,0
TX005258,AC1313,AC1458,2760.09,2026-08-08 16:36:00,0
TX005259,AC1415,AC1565,14397.3,2026-08-08 16:38:00,0
TX005260,AC1200,AC1549,1421.81,2026-08-08 16:41:00,0
TX005261,AC1254,AC1546,1423.76,2026-08-08 16:45:00,0
TX005262,AC1064,AC1457,5742.79,2026-08-08 16:51:00,0
TX005263,AC1006,AC1510,20137.93,2026-08-08 16:55:00,0
TX005264,AC1321,AC1004,2436.31,2026-08-08 16:55:00,0
TX005265,AC1581,AC1565,2156.32,2026-08-08 17:02:00,0
TX005266,AC1163,AC1579,2006.61,2026-08-08 17:08:00,0
TX005267,AC1182,AC1565,974.22,2026-08-08 17:11:00,0
TX005268,AC1565,AC1230,16431.56,2026-08-08 17:12:00,0
TX005269,AC1344,AC1521,3551.61,2026-08-08 17:20:00,0
TX005270,AC1333,AC1250,955.74,2026-08-08 17:21:00,0
TX005271,AC1560,AC1303,2220.76,2026-08-08 17:35:00,0
TX005272,AC1361,AC1344,1762.2,2026-08-08 17:35:00,0
TX005273,AC1393,AC1392,8112.79,2026-08-08 17:42:00,0
TX005274,AC1470,AC1344,978.41,2026-08-08 17:47:00,0
TX005275,AC1488,AC1208,703.1,2026-08-08 18:00:00,0
TX005276,AC1307,AC1428,1371.68,2026-08-08 18:04:00,0
TX005277,AC1001,AC1137,3735.6,2026-08-08 18:12:00,0
TX005278,AC1344,AC1487,1782.72,2026-08-08 18:16:00,0
TX005279,AC1529,AC1219,1408.25,2026-08-08 18:32:00,0
TX005280,AC1488,AC1163,2697.91,2026-08-08 18:40:00,0
TX005281,AC1314,AC1212,2473.13,2026-08-08 18:44:00,0
TX005282,AC1084,AC1511,6062.52,2026-08-08 18:52:00,0
TX005283,AC1415,AC1090,7410.9,2026-08-08 19:27:00,0
TX005284,AC1558,AC1292,4496.74,2026-08-08 19:30:00,0
TX005285,AC1399,AC1051,3539.85,2026-08-08 19:33:00,0
TX005286,AC1061,AC1457,1392.75,2026-08-08 19:33:00,0
TX005287,AC1285,AC1250,15948.72,2026-08-08 19:42:00,0
TX005288,AC1392,AC1121,1904.46,2026-08-08 19:48:00,0
TX005289,AC1100,AC1560,620.81,2026-08-08 20:22:00,0
TX005290,AC1492,AC1587,736.22,2026-08-08 20:31:00,0
TX005291,AC1556,AC1351,4260.75,2026-08-08 20:33:00,0
TX005292,AC1544,AC1144,3752.46,2026-08-08 20:38:00,0
TX005293,AC1415,AC1326,2127.65,2026-08-08 20:54:00,0
TX005294,AC1167,AC1496,1819.02,2026-08-08 21:11:00,0
TX005295,AC1044,AC1478,3510.46,2026-08-08 21:16:00,0
TX005296,AC1397,AC1347,2740.99,2026-08-08 21:30:00,0
TX005297,AC1552,AC1231,6792.76,2026-08-08 21:32:00,0
TX005298,AC1587,AC1379,7876.61,2026-08-08 21:39:00,0
TX005299,AC1457,AC1466,2049.1,2026-08-08 21:46:00,0
TX005300,AC1112,AC1480,2318.83,2026-08-08 22:15:00,0
TX005301,AC1427,AC1048,1990.23,2026-08-08 22:16:00,0
TX005302,AC1001,AC1495,3814.15,2026-08-09 06:03:00,0
TX005303,AC1267,AC1032,3855.4,2026-08-09 06:06:00,0
TX005304,AC1295,AC1449,1311.72,2026-08-09 06:12:00,0
TX005305,AC1098,AC1581,1554.55,2026-08-09 06:28:00,0
TX005306,AC1455,AC1127,1691.78,2026-08-09 06:31:00,0
TX005307,AC1232,AC1145,1366.13,2026-08-09 06:45:00,0
TX005308,AC1099,AC1546,3120.35,2026-08-09 06:58:00,0
TX005309,AC1212,AC1251,1345.54,2026-08-09 07:20:00,0
TX005310,AC1224,AC1295,4593.91,2026-08-09 07:20:00,0
TX005311,AC1212,AC1585,4564.02,2026-08-09 07:37:00,0
TX005312,AC1160,AC1252,6059.98,2026-08-09 07:43:00,0
TX005313,AC1075,AC1106,3520.4,2026-08-09 07:43:00,0
TX005314,AC1548,AC1027,2583.19,2026-08-09 08:04:00,0
TX005315,AC1565,AC1474,4261.34,2026-08-09 08:24:00,0
TX005316,AC1338,AC1058,8544.71,2026-08-09 08:45:00,0
TX005317,AC1590,AC1480,1682.98,2026-08-09 09:03:00,0
TX005318,AC1520,AC1549,2479.13,2026-08-09 09:12:00,0
TX005319,AC1090,AC1364,2044.21,2026-08-09 09:18:00,0
TX005320,AC1392,AC1344,859.6,2026-08-09 09:28:00,0
TX005321,AC1333,AC1264,385.44,2026-08-09 09:33:00,0
TX005322,AC1177,AC1352,1378.4,2026-08-09 09:40:00,0
TX005323,AC1093,AC1236,4159.12,2026-08-09 09:42:00,0
TX005324,AC1344,AC1223,1029.63,2026-08-09 09:49:00,0
TX005325,AC1246,AC1151,3921.1,2026-08-09 10:00:00,0
TX005326,AC1344,AC1052,2179.93,2026-08-09 10:19:00,0
TX005327,AC1421,AC1427,3068.87,2026-08-09 10:20:00,0
TX005328,AC1533,AC1332,2310.15,2026-08-09 10:28:00,0
TX005329,AC1513,AC1576,2431.1,2026-08-09 10:37:00,0
TX005330,AC1210,AC1133,5656.74,2026-08-09 10:40:00,0
TX005331,AC1090,AC1054,1422.08,2026-08-09 10:55:00,0
TX005332,AC1344,AC1369,1139.97,2026-08-09 10:55:00,0
TX005333,AC1526,AC1285,4660.94,2026-08-09 11:05:00,0
TX005334,AC1114,AC1488,1255.35,2026-08-09 11:08:00,0
TX005335,AC1461,AC1100,1590.57,2026-08-09 11:24:00,0
TX005336,AC1289,AC1126,4123.85,2026-08-09 11:25:00,0
TX005337,AC1285,AC1553,3946.43,2026-08-09 11:25:00,0
TX005338,AC1530,AC1344,1468.2,2026-08-09 11:31:00,0
TX005339,AC1269,AC1013,4270.14,2026-08-09 11:33:00,0
TX005340,AC1152,AC1118,1502.51,2026-08-09 11:34:00,0
TX005341,AC1344,AC1260,1300.58,2026-08-09 11:34:00,0
TX005342,AC1288,AC1147,4059.06,2026-08-09 11:35:00,0
TX005343,AC1199,AC1565,1651.32,2026-08-09 12:00:00,0
TX005344,AC1270,AC1303,3407.26,2026-08-09 12:10:00,0
TX005345,AC1090,AC1344,3449.29,2026-08-09 12:12:00,0
TX005346,AC1442,AC1127,1453.01,2026-08-09 12:15:00,0
TX005347,AC1539,AC1100,924.68,2026-08-09 12:15:00,0
TX005348,AC1043,AC1316,1009.89,2026-08-09 12:20:00,0
TX005349,AC1012,AC1002,8249.8,2026-08-09 12:22:00,0
TX005350,AC1437,AC1534,1483.87,2026-08-09 12:27:00,0
TX005351,AC1054,AC1562,5751.29,2026-08-09 12:30:00,0
TX005352,AC1597,AC1531,1762.2,2026-08-09 12:34:00,0
TX005353,AC1295,AC1321,2774.57,2026-08-09 12:51:00,0
TX005354,AC1289,AC1033,8032.46,2026-08-09 12:53:00,0
TX005355,AC1524,AC1376,4631.91,2026-08-09 12:56:00,0
TX005356,AC1151,AC1025,6393.57,2026-08-09 13:13:00,0
TX005357,AC1344,AC1043,2780.97,2026-08-09 13:15:00,0
TX005358,AC1536,AC1056,587.14,2026-08-09 13:17:00,0
TX005359,AC1294,AC1135,4681.32,2026-08-09 13:23:00,0
TX005360,AC1565,AC1522,4432.82,2026-08-09 13:26:00,0
TX005361,AC1135,AC1533,2122.05,2026-08-09 13:27:00,0
TX005362,AC1204,AC1285,2473.61,2026-08-09 13:40:00,0
TX005363,AC1037,AC1416,4861.54,2026-08-09 13:41:00,0
TX005364,AC1289,AC1195,6323.15,2026-08-09 13:43:00,0
TX005365,AC1093,AC1534,693.18,2026-08-09 13:44:00,0
TX005366,AC1217,AC1379,3450.52,2026-08-09 13:50:00,0
TX005367,AC1067,AC1583,2359.34,2026-08-09 13:53:00,0
TX005368,AC1536,AC1285,2985.84,2026-08-09 13:59:00,0
TX005369,AC1135,AC1599,1396.29,2026-08-09 14:02:00,0
TX005370,AC1487,AC1587,4582.88,2026-08-09 14:03:00,0
TX005371,AC1490,AC1125,2751.98,2026-08-09 14:05:00,0
TX005372,AC1108,AC1371,9564.11,2026-08-09 14:06:00,0
TX005373,AC1412,AC1023,3042.58,2026-08-09 14:14:00,0
TX005374,AC1294,AC1433,6418.67,2026-08-09 14:14:00,0
TX005375,AC1466,AC1565,1671.68,2026-08-09 14:17:00,0
TX005376,AC1285,AC1004,4191.36,2026-08-09 14:22:00,0
TX005377,AC1285,AC1314,7923.35,2026-08-09 14:26:00,0
TX005378,AC1346,AC1037,4791.77,2026-08-09 14:29:00,0
TX005379,AC1325,AC1524,1327.74,2026-08-09 14:29:00,0
TX005380,AC1397,AC1344,953.5,2026-08-09 14:33:00,0
TX005381,AC1269,AC1129,3293.92,2026-08-09 14:42:00,0
TX005382,AC1565,AC1112,1378.41,2026-08-09 14:45:00,0
TX005383,AC1211,AC1221,2502.23,2026-08-09 14:48:00,0
TX005384,AC1018,AC1285,2360.25,2026-08-09 14:55:00,0
TX005385,AC1379,AC1500,2059.73,2026-08-09 14:56:00,0
TX005386,AC1231,AC1243,2530.8,2026-08-09 14:57:00,0
TX005387,AC1122,AC1280,1832.03,2026-08-09 15:00:00,0
TX005388,AC1144,AC1376,7225.11,2026-08-09 15:04:00,0
TX005389,AC1290,AC1344,1762.12,2026-08-09 15:04:00,0
TX005390,AC1519,AC1487,3985.35,2026-08-09 15:05:00,0
TX005391,AC1061,AC1361,2922.9,2026-08-09 15:07:00,0
TX005392,AC1425,AC1522,3667.33,2026-08-09 15:13:00,0
TX005393,AC1012,AC1329,1312.26,2026-08-09 15:19:00,0
TX005394,AC1191,AC1515,2048.0,2026-08-09 15:27:00,0
TX005395,AC1344,AC1285,1026.81,2026-08-09 15:27:00,0
TX005396,AC1308,AC1334,8013.75,2026-08-09 15:33:00,0
TX005397,AC1152,AC1382,5199.89,2026-08-09 15:38:00,0
TX005398,AC1223,AC1070,2570.87,2026-08-09 15:40:00,0
TX005399,AC1120,AC1092,2580.08,2026-08-09 15:41:00,0
TX005400,AC1090,AC1460,2700.78,2026-08-09 15:42:00,0
TX005401,AC1090,AC1543,1819.61,2026-08-09 15:49:00,0
TX005402,AC1090,AC1285,4005.94,2026-08-09 15:50:00,0
TX005403,AC1263,AC1154,1069.48,2026-08-09 15:54:00,0
TX005404,AC1388,AC1539,2764.43,2026-08-09 16:09:00,0
TX005405,AC1245,AC1285,1706.01,2026-08-09 16:09:00,0
TX005406,AC1273,AC1007,2798.14,2026-08-09 16:20:00,0
TX005407,AC1043,AC1071,7215.78,2026-08-09 16:47:00,0
TX005408,AC1285,AC1344,2051.33,2026-08-09 16:53:00,0
TX005409,AC1285,AC1130,731.66,2026-08-09 16:58:00,0
TX005410,AC1006,AC1510,585.52,2026-08-09 17:01:00,0
TX005411,AC1216,AC1280,1259.09,2026-08-09 17:13:00,0
TX005412,AC1559,AC1593,1461.58,2026-08-09 17:15:00,0
TX005413,AC1074,AC1431,2575.24,2026-08-09 17:17:00,0
TX005414,AC1285,AC1527,571.51,2026-08-09 17:21:00,0
TX005415,AC1378,AC1321,654.73,2026-08-09 17:22:00,0
TX005416,AC1191,AC1131,1454.98,2026-08-09 17:31:00,0
TX005417,AC1067,AC1135,809.55,2026-08-09 17:31:00,0
TX005418,AC1223,AC1192,3674.17,2026-08-09 17:32:00,0
TX005419,AC1022,AC1316,3701.61,2026-08-09 17:34:00,0
TX005420,AC1360,AC1156,2780.06,2026-08-09 17:40:00,0
TX005421,AC1044,AC1469,4372.74,2026-08-09 17:42:00,0
TX005422,AC1347,AC1536,1560.98,2026-08-09 17:45:00,0
TX005423,AC1274,AC1269,2226.52,2026-08-09 17:56:00,0
TX005424,AC1285,AC1465,1073.12,2026-08-09 17:56:00,0
TX005425,AC1416,AC1576,797.0,2026-08-09 17:59:00,0
TX005426,AC1344,AC1026,1128.12,2026-08-09 18:07:00,0
TX005427,AC1083,AC1293,9597.17,2026-08-09 18:12:00,0
TX005428,AC1358,AC1018,2892.43,2026-08-09 18:42:00,0
TX005429,AC1367,AC1083,875.92,2026-08-09 18:49:00,0
TX005430,AC1032,AC1050,4410.23,2026-08-09 19:03:00,0
TX005431,AC1431,AC1285,390.56,2026-08-09 19:11:00,0
TX005432,AC1047,AC1596,894.55,2026-08-09 19:14:00,0
TX005433,AC1565,AC1004,2454.62,2026-08-09 19:17:00,0
TX005434,AC1444,AC1212,1778.32,2026-08-09 19:30:00,0
TX005435,AC1039,AC1264,1973.16,2026-08-09 19:33:00,0
TX005436,AC1345,AC1289,3353.97,2026-08-09 19:36:00,0
TX005437,AC1285,AC1479,4915.69,2026-08-09 19:40:00,0
TX005438,AC1285,AC1490,3255.16,2026-08-09 19:53:00,0
TX005439,AC1400,AC1475,3071.6,2026-08-09 20:22:00,0
TX005440,AC1067,AC1474,2106.15,2026-08-09 20:38:00,0
TX005441,AC1542,AC1582,4307.41,2026-08-09 20:50:00,0
TX005442,AC1480,AC1421,1292.5,2026-08-09 20:59:00,0
TX005443,AC1475,AC1565,2790.96,2026-08-09 21:06:00,0
TX005444,AC1401,AC1133,601.33,2026-08-09 21:07:00,0
TX005445,AC1156,AC1510,2896.64,2026-08-09 21:52:00,0
TX005446,AC1310,AC1001,683.97,2026-08-09 21:57:00,0
TX005447,AC1552,AC1181,5871.02,2026-08-09 22:34:00,0
TX005448,AC1523,AC1488,870.46,2026-08-10 06:00:00,0
TX005449,AC1579,AC1510,5834.26,2026-08-10 06:16:00,0
TX005450,AC1285,AC1212,2378.56,2026-08-10 06:40:00,0
TX005451,AC1256,AC1004,3768.89,2026-08-10 07:13:00,0
TX005452,AC1043,AC1265,1045.89,2026-08-10 09:11:00,0
TX005453,AC1350,AC1448,1425.67,2026-08-10 09:20:00,0
TX005454,AC1285,AC1226,1814.44,2026-08-10 09:28:00,0
TX005455,AC1065,AC1285,1165.96,2026-08-10 09:28:00,0
TX005456,AC1030,AC1259,2155.53,2026-08-10 09:42:00,0
TX005457,AC1565,AC1591,1180.42,2026-08-10 09:44:00,0
TX005458,AC1474,AC1002,9592.51,2026-08-10 09:46:00,0
TX005459,AC1184,AC1209,3516.39,2026-08-10 10:03:00,0
TX005460,AC1580,AC1211,3129.64,2026-08-10 10:05:00,0
TX005461,AC1254,AC1345,3169.85,2026-08-10 10:12:00,0
TX005462,AC1284,AC1285,1879.81,2026-08-10 10:12:00,0
TX005463,AC1293,AC1506,11095.37,2026-08-10 10:13:00,0
TX005464,AC1319,AC1289,2620.07,2026-08-10 10:18:00,0
TX005465,AC1344,AC1338,3082.34,2026-08-10 10:22:00,0
TX005466,AC1052,AC1008,1326.54,2026-08-10 10:45:00,0
TX005467,AC1364,AC1475,892.87,2026-08-10 10:45:00,0
TX005468,AC1333,AC1211,2234.47,2026-08-10 10:49:00,0
TX005469,AC1246,AC1366,1469.19,2026-08-10 11:04:00,0
TX005470,AC1281,AC1182,1752.68,2026-08-10 11:09:00,0
TX005471,AC1243,AC1325,2484.66,2026-08-10 11:11:00,0
TX005472,AC1044,AC1019,751.58,2026-08-10 11:12:00,0
TX005473,AC1105,AC1572,1187.07,2026-08-10 11:14:00,0
TX005474,AC1052,AC1358,2839.89,2026-08-10 11:16:00,0
TX005475,AC1289,AC1164,3683.89,2026-08-10 11:20:00,0
TX005476,AC1512,AC1161,2467.5,2026-08-10 11:29:00,0
TX005477,AC1507,AC1165,2678.82,2026-08-10 11:42:00,0
TX005478,AC1384,AC1209,1136.16,2026-08-10 11:47:00,0
TX005479,AC1191,AC1090,3565.36,2026-08-10 11:48:00,0
TX005480,AC1344,AC1575,3321.95,2026-08-10 11:57:00,0
TX005481,AC1430,AC1507,9833.58,2026-08-10 12:10:00,0
TX005482,AC1350,AC1209,1093.01,2026-08-10 12:11:00,0
TX005483,AC1285,AC1485,847.83,2026-08-10 12:14:00,0
TX005484,AC1012,AC1435,2124.45,2026-08-10 12:14:00,0
TX005485,AC1182,AC1285,803.1,2026-08-10 12:15:00,0
TX005486,AC1296,AC1231,4142.5,2026-08-10 12:18:00,0
TX005487,AC1450,AC1283,2164.88,2026-08-10 12:20:00,0
TX005488,AC1060,AC1285,5064.96,2026-08-10 12:21:00,0
TX005489,AC1140,AC1457,6523.66,2026-08-10 12:41:00,0
TX005490,AC1062,AC1374,8195.21,2026-08-10 12:52:00,0
TX005491,AC1446,AC1438,5890.99,2026-08-10 13:00:00,0
TX005492,AC1264,AC1259,2358.81,2026-08-10 13:04:00,0
TX005493,AC1330,AC1314,4471.47,2026-08-10 13:06:00,0
TX005494,AC1438,AC1480,4815.6,2026-08-10 13:08:00,0
TX005495,AC1060,AC1018,527.33,2026-08-10 13:17:00,0
TX005496,AC1135,AC1503,4354.95,2026-08-10 13:21:00,0
TX005497,AC1346,AC1289,1944.25,2026-08-10 13:21:00,0
TX005498,AC1333,AC1018,1211.19,2026-08-10 13:27:00,0
TX005499,AC1005,AC1038,4072.45,2026-08-10 13:30:00,0
TX005500,AC1217,AC1246,15505.38,2026-08-10 13:32:00,0
TX005501,AC1574,AC1004,2378.31,2026-08-10 13:41:00,0
TX005502,AC1319,AC1449,2128.55,2026-08-10 13:44:00,0
TX005503,AC1285,AC1323,1948.47,2026-08-10 13:55:00,0
TX005504,AC1167,AC1064,4226.4,2026-08-10 14:00:00,0
TX005505,AC1019,AC1285,2089.79,2026-08-10 14:01:00,0
TX005506,AC1264,AC1136,876.5,2026-08-10 14:01:00,0
TX005507,AC1197,AC1344,4321.0,2026-08-10 14:11:00,0
TX005508,AC1285,AC1549,1514.16,2026-08-10 14:23:00,0
TX005509,AC1510,AC1466,4294.66,2026-08-10 14:29:00,0
TX005510,AC1311,AC1466,2473.31,2026-08-10 14:29:00,0
TX005511,AC1284,AC1239,2820.78,2026-08-10 14:31:00,0
TX005512,AC1105,AC1095,1524.23,2026-08-10 14:32:00,0
TX005513,AC1123,AC1263,1939.95,2026-08-10 14:33:00,0
TX005514,AC1581,AC1479,1628.41,2026-08-10 14:34:00,0
TX005515,AC1090,AC1093,2166.14,2026-08-10 14:36:00,0
TX005516,AC1273,AC1082,5669.53,2026-08-10 14:44:00,0
TX005517,AC1572,AC1184,3526.93,2026-08-10 14:48:00,0
TX005518,AC1018,AC1285,3335.67,2026-08-10 15:16:00,0
TX005519,AC1135,AC1153,3771.16,2026-08-10 15:18:00,0
TX005520,AC1077,AC1285,2035.71,2026-08-10 15:30:00,0
TX005521,AC1226,AC1360,3080.6,2026-08-10 15:33:00,0
TX005522,AC1497,AC1109,3017.97,2026-08-10 15:34:00,0
TX005523,AC1285,AC1186,1580.96,2026-08-10 15:36:00,0
TX005524,AC1223,AC1279,7681.83,2026-08-10 15:38:00,0
TX005525,AC1597,AC1424,8829.12,2026-08-10 15:39:00,0
TX005526,AC1023,AC1386,2639.27,2026-08-10 15:43:00,0
TX005527,AC1503,AC1091,611.64,2026-08-10 15:52:00,0
TX005528,AC1344,AC1001,1251.49,2026-08-10 15:53:00,0
TX005529,AC1289,AC1107,778.89,2026-08-10 15:53:00,0
TX005530,AC1509,AC1597,2061.0,2026-08-10 15:54:00,0
TX005531,AC1594,AC1049,3133.05,2026-08-10 15:56:00,0
TX005532,AC1285,AC1156,5472.19,2026-08-10 15:56:00,0
TX005533,AC1519,AC1565,6515.11,2026-08-10 15:57:00,0
TX005534,AC1001,AC1480,1212.36,2026-08-10 15:58:00,0
TX005535,AC1482,AC1300,2418.65,2026-08-10 15:59:00,0
TX005536,AC1392,AC1575,1857.09,2026-08-10 16:15:00,0
TX005537,AC1597,AC1344,6013.2,2026-08-10 16:16:00,0
TX005538,AC1314,AC1392,1007.07,2026-08-10 16:17:00,0
TX005539,AC1074,AC1474,1269.91,2026-08-10 16:24:00,0
TX005540,AC1222,AC1242,13709.72,2026-08-10 16:24:00,0
TX005541,AC1090,AC1115,3542.18,2026-08-10 16:34:00,0
TX005542,AC1484,AC1345,4832.21,2026-08-10 16:39:00,0
TX005543,AC1336,AC1052,4202.69,2026-08-10 16:44:00,0
TX005544,AC1585,AC1292,1550.4,2026-08-10 16:55:00,0
TX005545,AC1191,AC1353,669.49,2026-08-10 17:00:00,0
TX005546,AC1404,AC1479,1798.95,2026-08-10 17:18:00,0
TX005547,AC1481,AC1314,2520.21,2026-08-10 17:21:00,0
TX005548,AC1013,AC1561,481.16,2026-08-10 17:32:00,0
TX005549,AC1465,AC1457,2239.19,2026-08-10 17:35:00,0
TX005550,AC1262,AC1344,2058.74,2026-08-10 17:38:00,0
TX005551,AC1344,AC1285,2737.01,2026-08-10 17:41:00,0
TX005552,AC1324,AC1344,3442.62,2026-08-10 17:48:00,0
TX005553,AC1344,AC1004,2611.84,2026-08-10 17:54:00,0
TX005554,AC1591,AC1440,5096.09,2026-08-10 18:03:00,0
TX005555,AC1347,AC1164,2526.18,2026-08-10 18:19:00,0
TX005556,AC1574,AC1011,2934.13,2026-08-10 18:23:00,0
TX005557,AC1140,AC1496,663.65,2026-08-10 18:26:00,0
TX005558,AC1030,AC1507,944.2,2026-08-10 18:28:00,0
TX005559,AC1285,AC1565,892.41,2026-08-10 18:29:00,0
TX005560,AC1256,AC1442,752.81,2026-08-10 18:47:00,0
TX005561,AC1364,AC1052,1951.77,2026-08-10 18:48:00,0
TX005562,AC1550,AC1163,3322.36,2026-08-10 19:49:00,0
TX005563,AC1523,AC1067,4128.55,2026-08-10 20:06:00,0
TX005564,AC1184,AC1008,285.62,2026-08-10 20:51:00,0
TX005565,AC1044,AC1344,1515.83,2026-08-10 20:56:00,0
TX005566,AC1464,AC1346,1863.6,2026-08-10 21:16:00,0
TX005567,AC1326,AC1105,963.64,2026-08-10 21:27:00,0
TX005568,AC1347,AC1323,1152.2,2026-08-10 22:07:00,0
TX005569,AC1187,AC1282,1653.06,2026-08-10 22:40:00,0
TX005570,AC1041,AC1150,2811.5,2026-08-11 06:16:00,0
TX005571,AC1519,AC1156,725.82,2026-08-11 06:17:00,0
TX005572,AC1257,AC1067,4460.44,2026-08-11 06:21:00,0
TX005573,AC1194,AC1171,3339.17,2026-08-11 06:34:00,0
TX005574,AC1344,AC1358,2642.48,2026-08-11 06:54:00,0
TX005575,AC1546,AC1209,2711.28,2026-08-11 06:59:00,0
TX005576,AC1231,AC1577,1124.14,2026-08-11 07:40:00,0
TX005577,AC1598,AC1217,529.43,2026-08-11 08:17:00,0
TX005578,AC1120,AC1575,6049.45,2026-08-11 08:28:00,0
TX005579,AC1223,AC1245,2724.0,2026-08-11 08:31:00,0
TX005580,AC1377,AC1044,1915.7,2026-08-11 08:43:00,0
TX005581,AC1026,AC1354,1447.83,2026-08-11 08:46:00,0
TX005582,AC1273,AC1322,2071.15,2026-08-11 09:03:00,0
TX005583,AC1384,AC1029,2414.11,2026-08-11 09:06:00,0
TX005584,AC1487,AC1182,5970.54,2026-08-11 09:10:00,0
TX005585,AC1301,AC1346,1624.37,2026-08-11 09:11:00,0
TX005586,AC1575,AC1220,2363.11,2026-08-11 09:16:00,0
TX005587,AC1019,AC1379,5884.38,2026-08-11 09:23:00,0
TX005588,AC1486,AC1367,1655.99,2026-08-11 09:29:00,0
TX005589,AC1218,AC1378,1122.23,2026-08-11 09:37:00,0
TX005590,AC1314,AC1095,1605.96,2026-08-11 10:15:00,0
TX005591,AC1122,AC1212,3924.11,2026-08-11 10:24:00,0
TX005592,AC1129,AC1089,2906.97,2026-08-11 10:25:00,0
TX005593,AC1192,AC1128,3564.49,2026-08-11 10:32:00,0
TX005594,AC1560,AC1530,2220.9,2026-08-11 10:36:00,0
TX005595,AC1349,AC1490,4320.27,2026-08-11 10:53:00,0
TX005596,AC1158,AC1511,2117.95,2026-08-11 10:54:00,0
TX005597,AC1565,AC1441,2145.35,2026-08-11 10:56:00,0
TX005598,AC1416,AC1056,4011.37,2026-08-11 11:03:00,0
TX005599,AC1559,AC1295,2361.87,2026-08-11 11:13:00,0
TX005600,AC1378,AC1212,1953.56,2026-08-11 11:32:00,0
TX005601,AC1311,AC1510,1696.97,2026-08-11 11:37:00,0
TX005602,AC1089,AC1084,913.1,2026-08-11 11:40:00,0
TX005603,AC1326,AC1415,2954.73,2026-08-11 11:41:00,0
TX005604,AC1535,AC1001,2121.27,2026-08-11 11:44:00,0
TX005605,AC1473,AC1172,1511.29,2026-08-11 11:56:00,0
TX005606,AC1067,AC1400,371.76,2026-08-11 11:58:00,0
TX005607,AC1268,AC1289,5573.08,2026-08-11 12:04:00,0
TX005608,AC1009,AC1565,1560.74,2026-08-11 12:07:00,0
TX005609,AC1344,AC1188,2267.99,2026-08-11 12:13:00,0
TX005610,AC1192,AC1289,5535.85,2026-08-11 12:14:00,0
TX005611,AC1327,AC1254,2070.26,2026-08-11 12:15:00,0
TX005612,AC1344,AC1430,1982.66,2026-08-11 12:19:00,0
TX005613,AC1381,AC1565,2948.92,2026-08-11 12:23:00,0
TX005614,AC1052,AC1458,3502.68,2026-08-11 12:26:00,0
TX005615,AC1532,AC1211,10258.74,2026-08-11 12:29:00,0
TX005616,AC1285,AC1045,6204.39,2026-08-11 12:29:00,0
TX005617,AC1415,AC1399,754.82,2026-08-11 12:33:00,0
TX005618,AC1561,AC1016,4668.0,2026-08-11 12:41:00,0
TX005619,AC1522,AC1164,5664.92,2026-08-11 12:54:00,0
TX005620,AC1485,AC1513,4885.74,2026-08-11 12:56:00,0
TX005621,AC1067,AC1285,957.46,2026-08-11 12:58:00,0
TX005622,AC1345,AC1508,4582.74,2026-08-11 13:06:00,0
TX005623,AC1029,AC1070,2406.04,2026-08-11 13:08:00,0
TX005624,AC1565,AC1344,1383.09,2026-08-11 13:10:00,0
TX005625,AC1565,AC1269,2188.73,2026-08-11 13:13:00,0
TX005626,AC1418,AC1404,2519.1,2026-08-11 13:16:00,0
TX005627,AC1565,AC1013,1906.42,2026-08-11 13:16:00,0
TX005628,AC1348,AC1544,1228.43,2026-08-11 13:19:00,0
TX005629,AC1339,AC1285,1146.2,2026-08-11 13:22:00,0
TX005630,AC1050,AC1285,1562.1,2026-08-11 13:23:00,0
TX005631,AC1090,AC1178,4433.55,2026-08-11 13:24:00,0
TX005632,AC1193,AC1358,4730.24,2026-08-11 13:30:00,0
TX005633,AC1085,AC1372,5605.51,2026-08-11 13:31:00,0
TX005634,AC1242,AC1165,922.85,2026-08-11 13:35:00,0
TX005635,AC1344,AC1319,1845.15,2026-08-11 13:36:00,0
TX005636,AC1323,AC1515,3720.57,2026-08-11 13:40:00,0
TX005637,AC1402,AC1048,2107.65,2026-08-11 13:42:00,0
TX005638,AC1580,AC1479,2907.22,2026-08-11 13:46:00,0
TX005639,AC1424,AC1347,6491.87,2026-08-11 13:49:00,0
TX005640,AC1191,AC1539,4982.66,2026-08-11 13:59:00,0
TX005641,AC1520,AC1056,1276.47,2026-08-11 14:01:00,0
TX005642,AC1313,AC1344,4636.15,2026-08-11 14:03:00,0
TX005643,AC1163,AC1345,1419.82,2026-08-11 14:06:00,0
TX005644,AC1575,AC1042,4026.03,2026-08-11 14:12:00,0
TX005645,AC1235,AC1263,3026.73,2026-08-11 14:15:00,0
TX005646,AC1025,AC1575,2491.88,2026-08-11 14:23:00,0
TX005647,AC1155,AC1210,3185.77,2026-08-11 14:23:00,0
TX005648,AC1300,AC1344,2009.04,2026-08-11 14:26:00,0
TX005649,AC1421,AC1018,696.15,2026-08-11 14:32:00,0
TX005650,AC1185,AC1344,1102.29,2026-08-11 14:35:00,0
TX005651,AC1565,AC1354,4574.68,2026-08-11 14:40:00,0
TX005652,AC1399,AC1469,1118.38,2026-08-11 14:40:00,0
TX005653,AC1415,AC1119,2635.05,2026-08-11 14:41:00,0
TX005654,AC1285,AC1132,2746.4,2026-08-11 14:42:00,0
TX005655,AC1392,AC1000,1411.2,2026-08-11 14:42:00,0
TX005656,AC1195,AC1438,1487.27,2026-08-11 14:46:00,0
TX005657,AC1460,AC1322,1104.39,2026-08-11 14:48:00,0
TX005658,AC1285,AC1530,4059.73,2026-08-11 14:51:00,0
TX005659,AC1135,AC1399,765.01,2026-08-11 14:52:00,0
TX005660,AC1366,AC1574,3654.63,2026-08-11 14:53:00,0
TX005661,AC1020,AC1202,3424.93,2026-08-11 14:55:00,0
TX005662,AC1369,AC1388,6089.03,2026-08-11 14:58:00,0
TX005663,AC1488,AC1306,8716.56,2026-08-11 15:10:00,0
TX005664,AC1300,AC1536,2288.49,2026-08-11 15:14:00,0
TX005665,AC1344,AC1080,1755.31,2026-08-11 15:14:00,0
TX005666,AC1253,AC1120,3952.53,2026-08-11 15:18:00,0
TX005667,AC1297,AC1339,5591.61,2026-08-11 15:25:00,0
TX005668,AC1515,AC1059,1780.29,2026-08-11 15:29:00,0
TX005669,AC1193,AC1558,4863.19,2026-08-11 15:33:00,0
TX005670,AC1050,AC1348,2755.06,2026-08-11 15:38:00,0
TX005671,AC1125,AC1090,354.46,2026-08-11 15:49:00,0
TX005672,AC1502,AC1049,1426.07,2026-08-11 15:54:00,0
TX005673,AC1067,AC1487,2507.54,2026-08-11 15:59:00,0
TX005674,AC1507,AC1054,2458.56,2026-08-11 16:03:00,0
TX005675,AC1406,AC1390,5557.0,2026-08-11 16:21:00,0
TX005676,AC1552,AC1565,1035.12,2026-08-11 16:23:00,0
TX005677,AC1333,AC1565,1706.03,2026-08-11 16:32:00,0
TX005678,AC1061,AC1001,4065.12,2026-08-11 16:33:00,0
TX005679,AC1379,AC1192,780.5,2026-08-11 16:43:00,0
TX005680,AC1192,AC1430,1495.81,2026-08-11 16:44:00,0
TX005681,AC1517,AC1357,1396.53,2026-08-11 16:48:00,0
TX005682,AC1076,AC1129,10176.26,2026-08-11 16:49:00,0
TX005683,AC1024,AC1285,2175.65,2026-08-11 16:59:00,0
TX005684,AC1591,AC1194,2985.09,2026-08-11 17:01:00,0
TX005685,AC1067,AC1224,6680.27,2026-08-11 17:11:00,0
TX005686,AC1044,AC1037,3289.09,2026-08-11 17:18:00,0
TX005687,AC1453,AC1142,1075.91,2026-08-11 17:25:00,0
TX005688,AC1503,AC1060,1489.25,2026-08-11 17:30:00,0
TX005689,AC1487,AC1305,4416.46,2026-08-11 17:31:00,0
TX005690,AC1107,AC1126,1913.02,2026-08-11 17:34:00,0
TX005691,AC1194,AC1107,6227.57,2026-08-11 17:41:00,0
TX005692,AC1285,AC1352,3838.97,2026-08-11 17:49:00,0
TX005693,AC1030,AC1053,6361.33,2026-08-11 17:51:00,0
TX005694,AC1487,AC1044,2024.13,2026-08-11 17:56:00,0
TX005695,AC1248,AC1466,1285.6,2026-08-11 18:00:00,0
TX005696,AC1161,AC1280,4097.59,2026-08-11 18:10:00,0
TX005697,AC1023,AC1164,534.31,2026-08-11 18:24:00,0
TX005698,AC1448,AC1517,2603.76,2026-08-11 18:26:00,0
TX005699,AC1285,AC1243,3083.37,2026-08-11 18:30:00,0
TX005700,AC1415,AC1480,3602.57,2026-08-11 18:32:00,0
TX005701,AC1211,AC1254,1111.38,2026-08-11 18:42:00,0
TX005702,AC1148,AC1327,1478.74,2026-08-11 18:43:00,0
TX005703,AC1392,AC1546,364.28,2026-08-11 18:44:00,0
TX005704,AC1089,AC1092,10446.95,2026-08-11 18:50:00,0
TX005705,AC1154,AC1243,1342.78,2026-08-11 19:14:00,0
TX005706,AC1262,AC1141,467.29,2026-08-11 19:21:00,0
TX005707,AC1443,AC1117,2259.03,2026-08-11 19:43:00,0
TX005708,AC1246,AC1212,1389.6,2026-08-11 20:14:00,0
TX005709,AC1018,AC1056,5482.37,2026-08-11 21:16:00,0
TX005710,AC1517,AC1316,1976.75,2026-08-11 21:34:00,0
TX005711,AC1472,AC1379,3900.12,2026-08-11 22:02:00,0
TX005712,AC1528,AC1388,2242.58,2026-08-11 22:16:00,0
TX005713,AC1055,AC1558,5355.92,2026-08-11 22:50:00,0
TX005714,AC1549,AC1396,3770.7,2026-08-12 06:15:00,0
TX005715,AC1330,AC1344,1939.72,2026-08-12 06:19:00,0
TX005716,AC1169,AC1012,2323.8,2026-08-12 06:47:00,0
TX005717,AC1442,AC1395,2166.8,2026-08-12 06:48:00,0
TX005718,AC1468,AC1184,1684.33,2026-08-12 06:52:00,0
TX005719,AC1454,AC1098,2282.7,2026-08-12 07:38:00,0
TX005720,AC1212,AC1185,2174.75,2026-08-12 08:14:00,0
TX005721,AC1344,AC1266,2855.33,2026-08-12 08:29:00,0
TX005722,AC1003,AC1100,2475.35,2026-08-12 08:43:00,0
TX005723,AC1062,AC1559,5252.52,2026-08-12 08:55:00,0
TX005724,AC1197,AC1379,2448.94,2026-08-12 08:59:00,0
TX005725,AC1056,AC1358,2839.03,2026-08-12 09:21:00,0
TX005726,AC1503,AC1212,2574.69,2026-08-12 09:23:00,0
TX005727,AC1559,AC1517,3761.38,2026-08-12 09:27:00,0
TX005728,AC1341,AC1570,2260.36,2026-08-12 09:30:00,0
TX005729,AC1420,AC1177,1988.39,2026-08-12 09:33:00,0
TX005730,AC1285,AC1070,824.81,2026-08-12 09:38:00,0
TX005731,AC1517,AC1071,2267.61,2026-08-12 10:02:00,0
TX005732,AC1344,AC1480,2786.62,2026-08-12 10:03:00,0
TX005733,AC1392,AC1377,1566.91,2026-08-12 10:12:00,0
TX005734,AC1018,AC1212,850.27,2026-08-12 10:21:00,0
TX005735,AC1303,AC1173,551.31,2026-08-12 10:30:00,0
TX005736,AC1472,AC1020,1199.22,2026-08-12 10:38:00,0
TX005737,AC1283,AC1044,3735.58,2026-08-12 10:42:00,0
TX005738,AC1499,AC1477,2021.83,2026-08-12 10:54:00,0
TX005739,AC1491,AC1285,610.51,2026-08-12 11:03:00,0
TX005740,AC1367,AC1148,5728.16,2026-08-12 11:05:00,0
TX005741,AC1535,AC1510,3279.35,2026-08-12 11:06:00,0
TX005742,AC1196,AC1043,643.13,2026-08-12 11:20:00,0
TX005743,AC1118,AC1506,4445.35,2026-08-12 11:22:00,0
TX005744,AC1345,AC1486,4551.73,2026-08-12 11:23:00,0
TX005745,AC1283,AC1090,3121.45,2026-08-12 11:26:00,0
TX005746,AC1018,AC1343,5298.35,2026-08-12 11:31:00,0
TX005747,AC1189,AC1235,1034.0,2026-08-12 11:33:00,0
TX005748,AC1512,AC1565,623.75,2026-08-12 11:35:00,0
TX005749,AC1090,AC1443,4270.08,2026-08-12 11:43:00,0
TX005750,AC1089,AC1194,1991.23,2026-08-12 11:43:00,0
TX005751,AC1225,AC1336,29269.0,2026-08-12 11:46:00,0
TX005752,AC1344,AC1229,2105.41,2026-08-12 11:53:00,0
TX005753,AC1202,AC1285,3698.86,2026-08-12 11:57:00,0
TX005754,AC1593,AC1181,941.49,2026-08-12 11:58:00,0
TX005755,AC1542,AC1090,7700.28,2026-08-12 11:58:00,0
TX005756,AC1348,AC1488,1071.09,2026-08-12 11:58:00,0
TX005757,AC1357,AC1067,10688.21,2026-08-12 12:07:00,0
TX005758,AC1421,AC1535,4061.23,2026-08-12 12:13:00,0
TX005759,AC1535,AC1416,1333.86,2026-08-12 12:14:00,0
TX005760,AC1225,AC1399,1677.62,2026-08-12 12:23:00,0
TX005761,AC1347,AC1372,1708.15,2026-08-12 12:29:00,0
TX005762,AC1470,AC1475,661.17,2026-08-12 12:32:00,0
TX005763,AC1255,AC1438,1118.5,2026-08-12 12:33:00,0
TX005764,AC1347,AC1233,3386.81,2026-08-12 12:37:00,0
TX005765,AC1084,AC1404,6171.77,2026-08-12 12:42:00,0
TX005766,AC1135,AC1347,4108.14,2026-08-12 12:46:00,0
TX005767,AC1002,AC1525,1280.67,2026-08-12 12:50:00,0
TX005768,AC1358,AC1285,660.38,2026-08-12 12:53:00,0
TX005769,AC1282,AC1516,2481.94,2026-08-12 13:02:00,0
TX005770,AC1285,AC1341,4560.75,2026-08-12 13:11:00,0
TX005771,AC1572,AC1067,16926.07,2026-08-12 13:12:00,0
TX005772,AC1263,AC1503,425.9,2026-08-12 13:14:00,0
TX005773,AC1190,AC1575,2620.12,2026-08-12 13:14:00,0
TX005774,AC1077,AC1182,1345.45,2026-08-12 13:18:00,0
TX005775,AC1418,AC1159,2275.22,2026-08-12 13:18:00,0
TX005776,AC1201,AC1223,1494.08,2026-08-12 13:22:00,0
TX005777,AC1391,AC1262,1822.19,2026-08-12 13:23:00,0
TX005778,AC1500,AC1262,3517.64,2026-08-12 13:29:00,0
TX005779,AC1035,AC1129,3273.27,2026-08-12 13:32:00,0
TX005780,AC1001,AC1140,1375.51,2026-08-12 13:37:00,0
TX005781,AC1228,AC1044,1832.24,2026-08-12 13:43:00,0
TX005782,AC1076,AC1566,10082.42,2026-08-12 13:44:00,0
TX005783,AC1161,AC1088,3160.33,2026-08-12 13:55:00,0
TX005784,AC1571,AC1295,1795.66,2026-08-12 13:56:00,0
TX005785,AC1313,AC1053,2243.22,2026-08-12 13:57:00,0
TX005786,AC1585,AC1457,517.31,2026-08-12 13:58:00,0
TX005787,AC1289,AC1565,868.2,2026-08-12 14:13:00,0
TX005788,AC1518,AC1398,1876.52,2026-08-12 14:23:00,0
TX005789,AC1072,AC1522,4118.42,2026-08-12 14:26:00,0
TX005790,AC1147,AC1482,1694.08,2026-08-12 14:29:00,0
TX005791,AC1481,AC1036,2383.62,2026-08-12 14:39:00,0
TX005792,AC1342,AC1567,4093.94,2026-08-12 14:44:00,0
TX005793,AC1412,AC1090,2102.0,2026-08-12 14:50:00,0
TX005794,AC1467,AC1090,2732.46,2026-08-12 14:53:00,0
TX005795,AC1246,AC1298,1142.99,2026-08-12 14:59:00,0
TX005796,AC1208,AC1262,7038.18,2026-08-12 15:01:00,0
TX005797,AC1375,AC1182,1892.52,2026-08-12 15:05:00,0
TX005798,AC1136,AC1552,6806.77,2026-08-12 15:19:00,0
TX005799,AC1044,AC1119,8841.62,2026-08-12 15:19:00,0
TX005800,AC1344,AC1038,2823.53,2026-08-12 15:19:00,0
TX005801,AC1002,AC1280,1428.07,2026-08-12 15:20:00,0
TX005802,AC1098,AC1084,2187.23,2026-08-12 15:22:00,0
TX005803,AC1047,AC1565,2840.24,2026-08-12 15:24:00,0
TX005804,AC1574,AC1047,6294.36,2026-08-12 15:37:00,0
TX005805,AC1127,AC1314,3556.19,2026-08-12 15:39:00,0
TX005806,AC1287,AC1546,2039.33,2026-08-12 15:46:00,0
TX005807,AC1090,AC1026,1872.63,2026-08-12 15:48:00,0
TX005808,AC1125,AC1421,1763.94,2026-08-12 15:49:00,0
TX005809,AC1345,AC1392,3323.9,2026-08-12 15:53:00,0
TX005810,AC1090,AC1300,4065.13,2026-08-12 15:53:00,0
TX005811,AC1005,AC1574,2979.64,2026-08-12 16:03:00,0
TX005812,AC1337,AC1250,791.37,2026-08-12 16:09:00,0
TX005813,AC1175,AC1285,2078.08,2026-08-12 16:12:00,0
TX005814,AC1415,AC1285,2983.73,2026-08-12 16:22:00,0
TX005815,AC1431,AC1416,2793.62,2026-08-12 16:23:00,0
TX005816,AC1575,AC1355,1320.29,2026-08-12 16:37:00,0
TX005817,AC1446,AC1219,2377.59,2026-08-12 16:46:00,0
TX005818,AC1424,AC1354,3046.01,2026-08-12 17:02:00,0
TX005819,AC1565,AC1018,2190.05,2026-08-12 17:06:00,0
TX005820,AC1067,AC1285,1567.77,2026-08-12 17:24:00,0
TX005821,AC1013,AC1090,568.72,2026-08-12 17:26:00,0
TX005822,AC1285,AC1344,1248.9,2026-08-12 17:39:00,0
TX005823,AC1520,AC1452,10972.6,2026-08-12 17:40:00,0
TX005824,AC1344,AC1164,4106.45,2026-08-12 17:48:00,0
TX005825,AC1249,AC1185,1662.33,2026-08-12 17:48:00,0
TX005826,AC1507,AC1011,1375.07,2026-08-12 17:53:00,0
TX005827,AC1041,AC1434,949.28,2026-08-12 17:54:00,0
TX005828,AC1126,AC1179,2234.31,2026-08-12 18:01:00,0
TX005829,AC1388,AC1162,1210.03,2026-08-12 18:06:00,0
TX005830,AC1431,AC1285,4724.53,2026-08-12 18:11:00,0
TX005831,AC1285,AC1086,893.44,2026-08-12 18:16:00,0
TX005832,AC1264,AC1396,980.16,2026-08-12 18:23:00,0
TX005833,AC1241,AC1535,1338.65,2026-08-12 18:24:00,0
TX005834,AC1553,AC1327,3494.58,2026-08-12 18:37:00,0
TX005835,AC1294,AC1283,2193.84,2026-08-12 18:38:00,0
TX005836,AC1052,AC1411,3120.28,2026-08-12 18:38:00,0
TX005837,AC1509,AC1568,4746.97,2026-08-12 18:38:00,0
TX005838,AC1379,AC1165,4407.13,2026-08-12 19:23:00,0
TX005839,AC1559,AC1468,1357.46,2026-08-12 19:25:00,0
TX005840,AC1585,AC1507,1693.43,2026-08-12 19:28:00,0
TX005841,AC1447,AC1057,4977.75,2026-08-12 19:41:00,0
TX005842,AC1251,AC1460,3382.51,2026-08-12 19:51:00,0
TX005843,AC1283,AC1448,569.77,2026-08-12 20:33:00,0
TX005844,AC1218,AC1440,7976.87,2026-08-12 20:41:00,0
TX005845,AC1268,AC1024,892.57,2026-08-12 20:42:00,0
TX005846,AC1567,AC1580,1467.81,2026-08-12 20:43:00,0
TX005847,AC1285,AC1250,1748.75,2026-08-12 20:53:00,0
TX005848,AC1312,AC1090,850.0,2026-08-12 22:00:00,0
TX005849,AC1106,AC1415,5762.55,2026-08-12 22:01:00,0
TX005850,AC1285,AC1122,1906.1,2026-08-12 22:16:00,0
TX005851,AC1592,AC1466,821.6,2026-08-12 22:28:00,0
TX005852,AC1432,AC1490,4340.75,2026-08-12 22:29:00,0
TX005853,AC1387,AC1285,1621.55,2026-08-12 22:36:00,0
TX005854,AC1285,AC1344,5585.45,2026-08-12 22:49:00,0
TX005855,AC1291,AC1325,7129.97,2026-08-13 06:04:00,0
TX005856,AC1191,AC1280,3808.6,2026-08-13 06:27:00,0
TX005857,AC1070,AC1266,5950.26,2026-08-13 07:12:00,0
TX005858,AC1004,AC1026,3392.76,2026-08-13 07:55:00,0
TX005859,AC1193,AC1285,1543.5,2026-08-13 08:01:00,0
TX005860,AC1586,AC1289,4620.59,2026-08-13 08:17:00,0
TX005861,AC1291,AC1144,1613.12,2026-08-13 08:18:00,0
TX005862,AC1263,AC1565,5932.12,2026-08-13 08:37:00,0
TX005863,AC1575,AC1542,2705.67,2026-08-13 08:43:00,0
TX005864,AC1203,AC1077,5940.07,2026-08-13 08:44:00,0
TX005865,AC1285,AC1380,3218.37,2026-08-13 09:13:00,0
TX005866,AC1090,AC1575,1767.55,2026-08-13 09:16:00,0
TX005867,AC1280,AC1353,2694.13,2026-08-13 09:38:00,0
TX005868,AC1344,AC1044,2613.19,2026-08-13 09:38:00,0
TX005869,AC1593,AC1037,3052.45,2026-08-13 10:06:00,0
TX005870,AC1392,AC1475,8005.57,2026-08-13 10:16:00,0
TX005871,AC1009,AC1090,4691.83,2026-08-13 10:17:00,0
TX005872,AC1517,AC1191,2816.98,2026-08-13 10:27:00,0
TX005873,AC1013,AC1421,945.77,2026-08-13 10:27:00,0
TX005874,AC1285,AC1426,2003.78,2026-08-13 10:30:00,0
TX005875,AC1344,AC1405,591.44,2026-08-13 10:34:00,0
TX005876,AC1460,AC1180,2740.28,2026-08-13 10:35:00,0
TX005877,AC1562,AC1207,3541.72,2026-08-13 10:36:00,0
TX005878,AC1247,AC1344,1112.25,2026-08-13 10:46:00,0
TX005879,AC1064,AC1587,2758.16,2026-08-13 10:56:00,0
TX005880,AC1030,AC1421,1163.45,2026-08-13 11:11:00,0
TX005881,AC1199,AC1209,1088.25,2026-08-13 11:12:00,0
TX005882,AC1139,AC1344,3970.44,2026-08-13 11:16:00,0
TX005883,AC1084,AC1185,7370.02,2026-08-13 11:17:00,0
TX005884,AC1541,AC1341,795.49,2026-08-13 11:19:00,0
TX005885,AC1506,AC1117,3426.37,2026-08-13 11:19:00,0
TX005886,AC1399,AC1205,2134.63,2026-08-13 11:28:00,0
TX005887,AC1090,AC1039,617.42,2026-08-13 11:29:00,0
TX005888,AC1378,AC1503,3526.64,2026-08-13 11:32:00,0
TX005889,AC1212,AC1346,1262.52,2026-08-13 11:33:00,0
TX005890,AC1067,AC1415,5205.96,2026-08-13 11:36:00,0
TX005891,AC1588,AC1366,6903.09,2026-08-13 11:38:00,0
TX005892,AC1384,AC1588,2233.8,2026-08-13 11:40:00,0
TX005893,AC1321,AC1518,4820.11,2026-08-13 11:42:00,0
TX005894,AC1532,AC1044,18994.79,2026-08-13 11:44:00,0
TX005895,AC1344,AC1318,6443.57,2026-08-13 11:46:00,0
TX005896,AC1002,AC1384,4041.47,2026-08-13 11:48:00,0
TX005897,AC1164,AC1178,962.59,2026-08-13 11:55:00,0
TX005898,AC1565,AC1304,1556.37,2026-08-13 11:59:00,0
TX005899,AC1263,AC1331,2950.18,2026-08-13 12:01:00,0
TX005900,AC1069,AC1059,2790.3,2026-08-13 12:02:00,0
TX005901,AC1333,AC1390,1896.73,2026-08-13 12:05:00,0
TX005902,AC1191,AC1174,3969.22,2026-08-13 12:06:00,0
TX005903,AC1303,AC1182,1203.64,2026-08-13 12:06:00,0
TX005904,AC1490,AC1134,3033.23,2026-08-13 12:11:00,0
TX005905,AC1465,AC1478,1363.79,2026-08-13 12:17:00,0
TX005906,AC1538,AC1460,1492.94,2026-08-13 12:26:00,0
TX005907,AC1200,AC1144,1583.78,2026-08-13 12:32:00,0
TX005908,AC1574,AC1298,483.71,2026-08-13 12:34:00,0
TX005909,AC1344,AC1223,1030.8,2026-08-13 12:35:00,0
TX005910,AC1344,AC1291,2374.24,2026-08-13 12:40:00,0
TX005911,AC1392,AC1333,3849.03,2026-08-13 12:43:00,0
TX005912,AC1503,AC1187,4628.21,2026-08-13 12:51:00,0
TX005913,AC1352,AC1342,2325.52,2026-08-13 12:54:00,0
TX005914,AC1347,AC1455,4681.29,2026-08-13 12:56:00,0
TX005915,AC1077,AC1240,3965.93,2026-08-13 13:01:00,0
TX005916,AC1446,AC1352,3766.07,2026-08-13 13:03:00,0
TX005917,AC1422,AC1336,2377.77,2026-08-13 13:06:00,0
TX005918,AC1117,AC1474,1727.31,2026-08-13 13:10:00,0
TX005919,AC1286,AC1450,2922.49,2026-08-13 13:15:00,0
TX005920,AC1164,AC1044,7085.06,2026-08-13 13:16:00,0
TX005921,AC1067,AC1351,1201.55,2026-08-13 13:23:00,0
TX005922,AC1038,AC1232,2364.23,2026-08-13 13:29:00,0
TX005923,AC1090,AC1546,8851.83,2026-08-13 13:30:00,0
TX005924,AC1087,AC1333,1411.59,2026-08-13 13:31:00,0
TX005925,AC1306,AC1372,2086.25,2026-08-13 13:31:00,0
TX005926,AC1476,AC1209,2023.81,2026-08-13 13:41:00,0
TX005927,AC1293,AC1077,2021.3,2026-08-13 13:41:00,0
TX005928,AC1198,AC1458,1471.65,2026-08-13 13:44:00,0
TX005929,AC1056,AC1147,2378.73,2026-08-13 13:46:00,0
TX005930,AC1090,AC1346,4234.39,2026-08-13 13:53:00,0
TX005931,AC1234,AC1431,2394.3,2026-08-13 13:53:00,0
TX005932,AC1597,AC1289,990.84,2026-08-13 13:54:00,0
TX005933,AC1575,AC1344,6176.33,2026-08-13 13:56:00,0
TX005934,AC1345,AC1254,5688.7,2026-08-13 13:56:00,0
TX005935,AC1160,AC1403,1028.19,2026-08-13 14:00:00,0
TX005936,AC1392,AC1516,2122.43,2026-08-13 14:04:00,0
TX005937,AC1084,AC1256,2255.83,2026-08-13 14:04:00,0
TX005938,AC1089,AC1018,3309.55,2026-08-13 14:11:00,0
TX005939,AC1380,AC1048,4867.86,2026-08-13 14:12:00,0
TX005940,AC1285,AC1393,3165.42,2026-08-13 14:13:00,0
TX005941,AC1564,AC1392,1840.96,2026-08-13 14:14:00,0
TX005942,AC1580,AC1375,2003.86,2026-08-13 14:26:00,0
TX005943,AC1575,AC1129,1484.37,2026-08-13 14:29:00,0
TX005944,AC1556,AC1264,3894.57,2026-08-13 14:34:00,0
TX005945,AC1359,AC1140,3042.22,2026-08-13 14:47:00,0
TX005946,AC1502,AC1049,4824.84,2026-08-13 15:03:00,0
TX005947,AC1546,AC1187,1909.83,2026-08-13 15:11:00,0
TX005948,AC1261,AC1001,3349.22,2026-08-13 15:12:00,0
TX005949,AC1018,AC1085,1613.73,2026-08-13 15:14:00,0
TX005950,AC1453,AC1164,2200.64,2026-08-13 15:15:00,0
TX005951,AC1330,AC1055,3313.66,2026-08-13 15:17:00,0
TX005952,AC1108,AC1464,4982.51,2026-08-13 15:18:00,0
TX005953,AC1427,AC1164,2939.68,2026-08-13 15:20:00,0
TX005954,AC1529,AC1090,1430.43,2026-08-13 15:22:00,0
TX005955,AC1285,AC1333,887.07,2026-08-13 15:25:00,0
TX005956,AC1245,AC1575,2464.62,2026-08-13 15:39:00,0
TX005957,AC1095,AC1255,2851.85,2026-08-13 15:44:00,0
TX005958,AC1379,AC1359,6508.99,2026-08-13 15:45:00,0
TX005959,AC1379,AC1048,1194.65,2026-08-13 15:50:00,0
TX005960,AC1589,AC1574,4536.35,2026-08-13 15:51:00,0
TX005961,AC1554,AC1321,2405.3,2026-08-13 15:55:00,0
TX005962,AC1491,AC1431,7622.99,2026-08-13 15:58:00,0
TX005963,AC1482,AC1465,5350.87,2026-08-13 16:00:00,0
TX005964,AC1089,AC1250,2504.35,2026-08-13 16:05:00,0
TX005965,AC1575,AC1565,1262.95,2026-08-13 16:14:00,0
TX005966,AC1061,AC1551,2072.29,2026-08-13 16:28:00,0
TX005967,AC1226,AC1285,1444.01,2026-08-13 16:31:00,0
TX005968,AC1156,AC1478,878.96,2026-08-13 16:32:00,0
TX005969,AC1589,AC1015,1439.84,2026-08-13 16:33:00,0
TX005970,AC1410,AC1535,2862.83,2026-08-13 16:37:00,0
TX005971,AC1565,AC1594,2675.0,2026-08-13 17:13:00,0
TX005972,AC1285,AC1169,3559.77,2026-08-13 17:23:00,0
TX005973,AC1200,AC1393,10324.13,2026-08-13 17:26:00,0
TX005974,AC1285,AC1048,5452.54,2026-08-13 17:44:00,0
TX005975,AC1070,AC1285,1295.97,2026-08-13 17:45:00,0
TX005976,AC1278,AC1002,3516.41,2026-08-13 17:50:00,0
TX005977,AC1506,AC1135,1386.5,2026-08-13 17:56:00,0
TX005978,AC1454,AC1070,1134.05,2026-08-13 17:59:00,0
TX005979,AC1565,AC1287,6889.96,2026-08-13 18:00:00,0
TX005980,AC1018,AC1338,1984.06,2026-08-13 18:12:00,0
TX005981,AC1479,AC1316,1688.43,2026-08-13 18:16:00,0
TX005982,AC1286,AC1045,2950.62,2026-08-13 18:23:00,0
TX005983,AC1347,AC1342,4993.05,2026-08-13 18:24:00,0
TX005984,AC1275,AC1073,7751.62,2026-08-13 18:31:00,0
TX005985,AC1323,AC1396,2251.61,2026-08-13 18:36:00,0
TX005986,AC1466,AC1074,1693.86,2026-08-13 18:37:00,0
TX005987,AC1044,AC1003,3033.35,2026-08-13 18:57:00,0
TX005988,AC1515,AC1138,2016.82,2026-08-13 19:03:00,0
TX005989,AC1228,AC1487,1463.86,2026-08-13 19:05:00,0
TX005990,AC1218,AC1158,3676.86,2026-08-13 19:34:00,0
TX005991,AC1285,AC1132,1295.2,2026-08-13 20:38:00,0
TX005992,AC1293,AC1198,1669.51,2026-08-13 20:41:00,0
TX005993,AC1590,AC1356,3169.43,2026-08-13 21:16:00,0
TX005994,AC1344,AC1023,1101.69,2026-08-13 22:04:00,0
TX005995,AC1412,AC1284,2813.41,2026-08-13 22:24:00,0
TX005996,AC1492,AC1063,3407.26,2026-08-13 22:35:00,0
TX005997,AC1344,AC1585,2089.85,2026-08-13 22:38:00,0
TX005998,AC1161,AC1457,1515.18,2026-08-13 22:39:00,0
TX005999,AC1006,AC1285,2001.92,2026-08-13 22:52:00,0
TX006000,AC1218,AC1103,5975.54,2026-08-14 06:00:00,0
TX006001,AC1014,AC1326,1422.16,2026-08-14 06:09:00,0
TX006002,AC1415,AC1503,7024.27,2026-08-14 06:13:00,0
TX006003,AC1005,AC1344,1005.91,2026-08-14 06:18:00,0
TX006004,AC1490,AC1253,2290.86,2026-08-14 06:32:00,0
TX006005,AC1445,AC1054,14953.95,2026-08-14 06:39:00,0
TX006006,AC1029,AC1535,1809.74,2026-08-14 06:44:00,0
TX006007,AC1522,AC1565,4450.47,2026-08-14 06:48:00,0
TX006008,AC1113,AC1556,2921.74,2026-08-14 06:49:00,0
TX006009,AC1469,AC1523,1694.93,2026-08-14 06:58:00,0
TX006010,AC1318,AC1332,7686.96,2026-08-14 07:13:00,0
TX006011,AC1285,AC1115,1495.3,2026-08-14 07:25:00,0
TX006012,AC1574,AC1209,935.47,2026-08-14 07:26:00,0
TX006013,AC1017,AC1057,1051.06,2026-08-14 07:49:00,0
TX006014,AC1391,AC1438,4394.57,2026-08-14 08:02:00,0
TX006015,AC1367,AC1089,1426.45,2026-08-14 08:30:00,0
TX006016,AC1270,AC1006,431.69,2026-08-14 08:35:00,0
TX006017,AC1319,AC1277,3215.21,2026-08-14 08:46:00,0
TX006018,AC1273,AC1448,1315.27,2026-08-14 09:13:00,0
TX006019,AC1282,AC1361,1874.11,2026-08-14 09:20:00,0
TX006020,AC1164,AC1265,1240.1,2026-08-14 09:40:00,0
TX006021,AC1182,AC1457,4783.88,2026-08-14 09:41:00,0
TX006022,AC1196,AC1344,1992.42,2026-08-14 09:51:00,0
TX006023,AC1366,AC1230,1599.54,2026-08-14 10:00:00,0
TX006024,AC1581,AC1284,8884.35,2026-08-14 10:13:00,0
TX006025,AC1565,AC1575,1184.12,2026-08-14 10:22:00,0
TX006026,AC1520,AC1070,2527.41,2026-08-14 10:24:00,0
TX006027,AC1020,AC1580,3546.99,2026-08-14 10:33:00,0
TX006028,AC1095,AC1183,1737.7,2026-08-14 10:35:00,0
TX006029,AC1135,AC1457,4208.82,2026-08-14 10:40:00,0
TX006030,AC1045,AC1060,4959.63,2026-08-14 10:43:00,0
TX006031,AC1422,AC1082,5968.86,2026-08-14 10:45:00,0
TX006032,AC1103,AC1345,11113.88,2026-08-14 10:56:00,0
TX006033,AC1345,AC1106,2206.65,2026-08-14 11:04:00,0
TX006034,AC1401,AC1259,1828.86,2026-08-14 11:09:00,0
TX006035,AC1578,AC1066,6913.98,2026-08-14 11:10:00,0
TX006036,AC1026,AC1535,1554.06,2026-08-14 11:10:00,0
TX006037,AC1488,AC1104,2502.09,2026-08-14 11:11:00,0
TX006038,AC1427,AC1165,944.48,2026-08-14 11:12:00,0
TX006039,AC1415,AC1231,5302.31,2026-08-14 11:25:00,0
TX006040,AC1345,AC1090,8146.86,2026-08-14 11:33:00,0
TX006041,AC1050,AC1344,2044.66,2026-08-14 11:34:00,0
TX006042,AC1135,AC1237,1522.86,2026-08-14 11:34:00,0
TX006043,AC1415,AC1569,1720.5,2026-08-14 11:34:00,0
TX006044,AC1552,AC1496,6179.11,2026-08-14 11:44:00,0
TX006045,AC1110,AC1090,3886.68,2026-08-14 11:47:00,0
TX006046,AC1499,AC1514,6371.43,2026-08-14 11:54:00,0
TX006047,AC1285,AC1258,6481.54,2026-08-14 12:01:00,0
TX006048,AC1228,AC1344,4080.9,2026-08-14 12:06:00,0
TX006049,AC1379,AC1095,2403.15,2026-08-14 12:08:00,0
TX006050,AC1581,AC1018,2599.46,2026-08-14 12:09:00,0
TX006051,AC1013,AC1302,2881.57,2026-08-14 12:19:00,0
TX006052,AC1145,AC1452,709.36,2026-08-14 12:31:00,0
TX006053,AC1344,AC1127,1653.1,2026-08-14 12:39:00,0
TX006054,AC1164,AC1007,1653.68,2026-08-14 12:40:00,0
TX006055,AC1401,AC1002,1183.69,2026-08-14 12:52:00,0
TX006056,AC1547,AC1371,3026.22,2026-08-14 12:54:00,0
TX006057,AC1006,AC1475,1513.22,2026-08-14 12:57:00,0
TX006058,AC1344,AC1392,7190.64,2026-08-14 13:02:00,0
TX006059,AC1500,AC1066,2809.4,2026-08-14 13:05:00,0
TX006060,AC1289,AC1090,5793.08,2026-08-14 13:11:00,0
TX006061,AC1285,AC1379,3596.71,2026-08-14 13:13:00,0
TX006062,AC1447,AC1004,4015.9,2026-08-14 13:14:00,0
TX006063,AC1285,AC1137,2151.38,2026-08-14 13:16:00,0
TX006064,AC1067,AC1534,6400.9,2026-08-14 13:20:00,0
TX006065,AC1137,AC1399,2841.01,2026-08-14 13:21:00,0
TX006066,AC1597,AC1453,2571.1,2026-08-14 13:22:00,0
TX006067,AC1076,AC1254,2162.54,2026-08-14 13:30:00,0
TX006068,AC1285,AC1344,3415.72,2026-08-14 13:32:00,0
TX006069,AC1295,AC1067,3392.53,2026-08-14 13:35:00,0
TX006070,AC1004,AC1023,6687.31,2026-08-14 13:40:00,0
TX006071,AC1534,AC1182,2079.13,2026-08-14 13:49:00,0
TX006072,AC1209,AC1487,3108.87,2026-08-14 13:51:00,0
TX006073,AC1211,AC1285,749.72,2026-08-14 14:02:00,0
TX006074,AC1200,AC1176,1858.55,2026-08-14 14:05:00,0
TX006075,AC1408,AC1520,1633.0,2026-08-14 14:18:00,0
TX006076,AC1267,AC1067,3807.98,2026-08-14 14:22:00,0
TX006077,AC1415,AC1169,3893.02,2026-08-14 14:24:00,0
TX006078,AC1237,AC1264,2107.97,2026-08-14 14:31:00,0
TX006079,AC1213,AC1377,1306.98,2026-08-14 14:35:00,0
TX006080,AC1285,AC1272,3999.21,2026-08-14 14:36:00,0
TX006081,AC1559,AC1026,11807.3,2026-08-14 14:37:00,0
TX006082,AC1466,AC1314,1796.65,2026-08-14 14:51:00,0
TX006083,AC1111,AC1568,2173.28,2026-08-14 14:52:00,0
TX006084,AC1472,AC1490,3488.34,2026-08-14 14:52:00,0
TX006085,AC1321,AC1127,7929.9,2026-08-14 14:55:00,0
TX006086,AC1006,AC1044,2440.04,2026-08-14 14:59:00,0
TX006087,AC1247,AC1490,1809.32,2026-08-14 15:00:00,0
TX006088,AC1328,AC1285,2389.27,2026-08-14 15:03:00,0
TX006089,AC1211,AC1333,3012.73,2026-08-14 15:04:00,0
TX006090,AC1300,AC1307,898.48,2026-08-14 15:15:00,0
TX006091,AC1069,AC1502,2549.21,2026-08-14 15:17:00,0
TX006092,AC1080,AC1555,1460.37,2026-08-14 15:26:00,0
TX006093,AC1026,AC1044,7428.5,2026-08-14 15:32:00,0
TX006094,AC1402,AC1348,2453.61,2026-08-14 15:47:00,0
TX006095,AC1555,AC1048,2437.96,2026-08-14 15:56:00,0
TX006096,AC1161,AC1344,1160.78,2026-08-14 16:01:00,0
TX006097,AC1553,AC1333,2346.99,2026-08-14 16:08:00,0
TX006098,AC1421,AC1069,4228.52,2026-08-14 16:10:00,0
TX006099,AC1082,AC1055,325.62,2026-08-14 16:12:00,0
TX006100,AC1488,AC1418,1232.71,2026-08-14 16:15:00,0
TX006101,AC1289,AC1370,2544.24,2026-08-14 16:18:00,0
TX006102,AC1182,AC1174,1200.72,2026-08-14 16:23:00,0
TX006103,AC1036,AC1061,5368.86,2026-08-14 16:35:00,0
TX006104,AC1192,AC1108,1250.18,2026-08-14 16:36:00,0
TX006105,AC1366,AC1507,652.4,2026-08-14 16:39:00,0
TX006106,AC1122,AC1344,4376.35,2026-08-14 16:39:00,0
TX006107,AC1285,AC1553,4494.78,2026-08-14 16:43:00,0
TX006108,AC1136,AC1273,3411.02,2026-08-14 16:43:00,0
TX006109,AC1001,AC1285,1580.04,2026-08-14 16:47:00,0
TX006110,AC1194,AC1561,2756.51,2026-08-14 16:53:00,0
TX006111,AC1060,AC1285,4623.11,2026-08-14 16:58:00,0
TX006112,AC1217,AC1412,7498.96,2026-08-14 17:02:00,0
TX006113,AC1379,AC1135,1343.17,2026-08-14 17:02:00,0
TX006114,AC1001,AC1162,2768.28,2026-08-14 17:12:00,0
TX006115,AC1161,AC1212,3583.57,2026-08-14 17:14:00,0
TX006116,AC1178,AC1353,6039.68,2026-08-14 17:19:00,0
TX006117,AC1211,AC1527,4117.89,2026-08-14 17:26:00,0
TX006118,AC1556,AC1399,3671.68,2026-08-14 17:28:00,0
TX006119,AC1344,AC1379,2073.93,2026-08-14 17:31:00,0
TX006120,AC1417,AC1223,2148.11,2026-08-14 17:34:00,0
TX006121,AC1565,AC1500,619.6,2026-08-14 17:39:00,0
TX006122,AC1225,AC1167,2376.16,2026-08-14 17:39:00,0
TX006123,AC1260,AC1044,1777.38,2026-08-14 17:47:00,0
TX006124,AC1155,AC1435,1332.25,2026-08-14 17:48:00,0
TX006125,AC1565,AC1002,1125.87,2026-08-14 17:56:00,0
TX006126,AC1403,AC1347,5023.87,2026-08-14 17:58:00,0
TX006127,AC1504,AC1090,1066.46,2026-08-14 17:59:00,0
TX006128,AC1306,AC1222,2624.2,2026-08-14 18:04:00,0
TX006129,AC1090,AC1018,1358.76,2026-08-14 18:05:00,0
TX006130,AC1379,AC1344,6201.98,2026-08-14 18:25:00,0
TX006131,AC1366,AC1564,1570.12,2026-08-14 18:29:00,0
TX006132,AC1555,AC1344,1680.84,2026-08-14 18:30:00,0
TX006133,AC1020,AC1218,744.36,2026-08-14 18:59:00,0
TX006134,AC1197,AC1532,4785.05,2026-08-14 19:01:00,0
TX006135,AC1020,AC1018,3334.24,2026-08-14 19:10:00,0
TX006136,AC1528,AC1456,1538.48,2026-08-14 19:40:00,0
TX006137,AC1575,AC1030,7995.26,2026-08-14 19:56:00,0
TX006138,AC1146,AC1197,1547.97,2026-08-14 19:57:00,0
TX006139,AC1448,AC1565,1862.49,2026-08-14 19:58:00,0
TX006140,AC1218,AC1044,3193.13,2026-08-14 20:01:00,0
TX006141,AC1156,AC1435,1185.63,2026-08-14 20:04:00,0
TX006142,AC1212,AC1182,3808.22,2026-08-14 20:10:00,0
TX006143,AC1008,AC1001,2111.67,2026-08-14 20:23:00,0
TX006144,AC1307,AC1018,4566.08,2026-08-14 20:36:00,0
TX006145,AC1466,AC1550,906.69,2026-08-14 20:44:00,0
TX006146,AC1416,AC1090,3038.11,2026-08-14 20:57:00,0
TX006147,AC1087,AC1478,2254.5,2026-08-14 21:14:00,0
TX006148,AC1362,AC1188,2143.61,2026-08-14 21:20:00,0
TX006149,AC1083,AC1135,8435.43,2026-08-14 21:51:00,0
TX006150,AC1160,AC1416,3195.58,2026-08-14 21:51:00,0
TX006151,AC1561,AC1312,1735.67,2026-08-14 22:32:00,0
TX006152,AC1069,AC1046,1173.75,2026-08-14 22:42:00,0
